"more presumptious","бўльш зухвалий"
"Throw ","Кинути "
"Unknown creature in ","Невўдома ўстота в "
"has an extremely thin frame with a lot of fat on it","маї надзвичайно худу статуру, проте вкритий великою кўлькўстю жиру"
"stuck on research topic","застряг над темою дослўдження"
"Seek Patient for Diagnosis","Пошук пацўїнта для дўагностики"
"full ","повний "
"Quick to despair","Швидко впадаї у вўдчай"
"Archery","Стрўльба ўз лука"
"Early evening","Раннўй вечўр"
"War is sometimes necessary, but peace must be valued as well, when we can have it.","Вўйна ўнодў ї необхўдною, але мир також слўд цўнувати, коли ми маїмо можливўсть його зберегти."
"Woodworking","Деревообробка"
"Default attack is a charging strike.","Основна атака - удар ўз наскоку."
"steward","стюард"
"Vermin escaped from cage","Шкўдник втўк з клўтки"
"no longer imprisoned","бўльше не ув'язненний"
"Infiltration Plot","Змова з метою проникнення"
"devouring ","пожираї "
"medicine:method:cauterization","медицина:метод:каутеризацўя"
"Brook","Потўк"
"banish","вигнати"
"State minor feeling of confusion","Легке збентеження"
"Continue action","Продовжити дўю"
"Open tree-felling mode","Вўдкрити режим рубки дерев"
"This must be the will of ","Це, мабуть, воля "
"Ice Track (SEW)","Крижана Колўя (ПСГ)"
"I will accept the child into my home.","Я вўзьму цю дитину до себе додому."
"the treatment of plants","обробка рослин"
" Bin"," Кошик"
"the completion of ","завершення "
"Go to Writing Place","Перейти до мўсця для письма"
"Need soil at location","Потрўбен єрунт на дўлянцў"
"Bookcases: ","Книжковў шафи: "
"has a narrow","маї вузький"
"artfully indulges the author's fancies","майстерно втўлюї фантазў∙ автора"
" divine aspect of "," божественний аспект "
"This parameter set will be reset.","Цей набўр параметрўв буде скинуто."
"Start painting a new zone.  Once the tiles are chosen, you'll be able to set the details.","Почнўть фарбувати нову зону. Пўсля вибору плиток ви зможете налаштувати деталў."
"After a long journey, you are here to meet your most trusted companion.","Пўсля довго∙ подорожў ви прибули сюди, щоб зустрўтися зў сво∙м найнадўйнўшим супутником."
"after being away from family","пўсля тривало∙ розлуки з родиною"
"interacting with a pet","спўлкування з домашнўм улюбленцем"
" starts to mutter under "," починаї бурмотўти пўд нўс "
"Tools","Ўнструменти"
"Chase Opponent Flood","Наплив суперникўв"
"Extract from raw fish","Отримати з сиро∙ риби"
"In party: ","У загонў: "
"  [C:2:0:1]You have been ordered to kill this creature.","  [C:2:0:1]Вам наказано вбити цю ўстоту."
"presents a different view of the subject of","демонструї ўншу точку зору щодо"
"a strengthening ","посилення "
"This","Цей"
"'s acceptance of "," прийняття "
"the surrounding area","околицў"
"is grounded in reality","базуїться на реальностў"
"This is love.","Це кохання."
"the collision of ","сутичка "
" near magma"," бўля магми"
"really slow to heal","дуже повўльно загоюїться"
"sticks","палицў"
"exchange","обмўн"
"Up/Down Stair","Настрўзнў сходи"
"Huge Profile","Великий профўль"
"Excellent","Вўдмўнний"
"novel","роман"
"Choose a stockpile with which the track stop's vehicle will exchange items.  The vehicle will take desired items and offload any others.","Виберўть склад, ўз яким транспорт на зупинцў колў∙ буде здўйснювати обмўн предметами. Транспорт забере потрўбнў предмети та вивантажить усў ўншў."
"Forbid trap cleaning during sieges","Заборонити обслуговування пасток пўд час облоги"
"It makes me very anxious.","Це дуже мене непоко∙ть."
"Yes, and trade we will!  Simply tell me what interests you and what you're prepared to offer in exchange.","Так, ми будемо торгувати! Просто скажўть мене, що вас цўкавить ў що ви готовў запропонувати в обмўн."
"believes that the time taken to master a skill is a horrible waste","вважаї навчання навичкам жахливою втратою часу"
"grow funding network","розширити мережу фўнансування"
", but it passes right through!",", але проходить крўзь!"
"doesn't respect a society that has settled into harmony without debate and strife","не поважаї суспўльство, яке зўйшлося на гармонў∙ без спорўв ў боротьби"
"al voices bring melody, counterpoint and rhythm","усў голоси створюють мелодўю, полўфонўю ў ритм>>"
"is tiny and weak","ї маленьким ў слабким"
"the divergence of the harmonic series","розбўжнўсть гармонўчного ряду"
"Charge Attack","Удар ўз розгону"
"It is an example of ","Це приклад "
"Crushed under a collapsing ceiling","Роздавлений обвалом стелў"
"Cannot chop tree","Неможливо зрубати дерево"
"Certainly considered a bully","Безумовно вважаїться хулўганом"
"Guilty","Винуватий "
"the construction and use of the water-powered trip hammer","Спорудження та використання водяного механўчного молота"
"Prepare to guide your stout charges to fortune in a world fraught with many perils. ","Приготуйтеся вести сво∙х хоробрих пўдопўчних до удачў у свўтў, сповненому багатьох небезпек. "
"groups","загони"
"strings vibrate","струни вўбрують "
"I was yelled at by an unhappy citizen.","На мене накричав нещасливий громадянин."
"high-voiced","тонкоголосий"
"Others were too wary to make the journey.","Ўншў виявилися занадто боязкими, щоб зважитися на цю подорож."
"Acknowledge lack of joy","Усвўдомити брак радостў "
"zaniness","ексцентричнўсть "
" was claimed"," Був затребуваний "
"is never moved by the emotions of others","Його нўколи не хвилюють чужў емоцў∙"
"be moderately loud","помўрна гучнўсть "
"Order listener to ","Наказати слухачевў "
"finds leisure time wasteful","вважаї дозвўлля марнуванням часу"
"Loading work quotas...","Завантаження трудових норм..."
", rather than walking leisurely.""",", анўж спокўйно йти."""
"Cannot generate random creatures -- missing creature variation ","Не вдалося згенерувати випадкових ўстот - вўдсутнў варўацў∙ ўстот "
"a murder","вбивство"
"State minor feeling of vengefulness","Проявляї легку жагу до помсти"
"Acknowledge lack of wonder","Визнати вўдсутнўсть дива"
"events","подў∙"
"You begin","Ви починаїте"
"Many civilizations keep them as pets and work animals.","Багато цивўлўзацўй тримають ∙х як домашнўх улюбленцўв та робочих тварин."
"thrilled","вражений"
"ash","попўл"
"a foiled corruption conspiracy","зўрвана корупцўйна змова"
"amber","бурштин"
"being unable to find somebody to complain to about job scarcity","через те, що немаї кому побўдкатися на дефўцит робочих мўсць"
"various civilized races peopled the world.","свўт населяли рўзноманўтнў цивўлўзованў раси."
"Children.","Дўти."
"more wasteful","бўльш марнотратний"
"Investigate or interrogate (new menu)","розслўдування та допит(нове меню)"
" from a period of no rule"," з перўоду без правителўв"
" second"," друга"
"wait","чекати"
"has a narrow, prominent","маї вузьке, виразне"
"to beseech","уклўнно просити"
"Collapsed","Знепритомнўв"
"engineering:machine:piston","ўнженерўя:машина:поршень"
"Click a creature to start a new conversation","Клацнўть на ўстоту, щоб почати нову розмову"
"Furniture/siege ammo","Меблў / облоговў снаряди"
"to bathe the world in chaos","занурити свўт у хаос"
"Requests (Imports from ","Запити (Ўмпорт з "
"surveying by triangulation for engineering projects","геодезична зйомка методом трўангуляцў∙ в ўнженерному проектуваннў"
"  I wish I could tell you where to begin your search.  Until then, you are free to do as you please."," Шкода, що я не можу пўдказати, з чого почати пошуки. А доти - ви вўльнў робити все, що заманеться."
"[C:4:0:1].Overlapping fracture","[C:4:0:1].Перелом зў змўщенням"
"Shrub","Кущ"
"[C:VAR:MEETING:ACTOR][VAR:NATIVENAME:MEETING:ACTOR]: We can part with at most ","[C:VAR:MEETING:ACTOR][VAR:NATIVENAME:MEETING:ACTOR]: Ми можемо запропонувати не бўльше нўж "
"Make Caves Visible","Зробити печери видимими"
" has calmed down."," стан стабўльний."
"thinks it is of the utmost importance to present a bold face and never grouse, complain or even show emotion","вважаї, що вкрай важливо зберўгати непохитний вигляд ў нўколи не бурчати, не скаржитися й навўть не показувати емоцўй"
"Leave Wall","Залишити стўну"
"medicine:theory:classification of bodily fluids","медицина:теорўя:класифўкацўя бўологўчних рўдин"
"Shake ","Трясти "
"Associated","Асоцўйований"
"Avoid conflict today.","Уникайте конфлўктўв сьогоднў."
"Returning soldiers bring rumor(s)","Во∙ни, що повернулися, принесли чутки"
"has a fairly deep and raspy voice","маї доволў низький ў сиплий голос"
" bag is used by the musician to control the steady flow of air through the instrument.]"," музикант використовуї мўх для контролю рўвномўрного потоку повўтря через ўнструмент.]"
"You feel hot/cold","Ви вўдчуваїте жар/холод"
"drinking without well","пиття не з криницў"
"Assign a burrow defense order.  The soldiers will patrol the burrow and attack any hostile creatures.","Призначте наказ про оборону нори. Солдати патрулюватимуть нору та атакуватимуть будь-яких ворожих ўстот."
"Forceps","Щипцў"
"tanned","вичинена"
"Mount ","°здова тварина "
"engineering:optics:theory of rainbows","ўнженерўя:оптика:теорўя веселок"
" terrified"," наляканий"
"Invaders can dig natural walls","Загарбники можуть копати природнў стўни"
"Surgeon","Хўрург"
"by invocation of True Name","через прикликання Справжнього Ўменў"
"You've caught a ","Ви спўймали "
"the Line","Пряма"
"recruit","новобранець"
"strand extractor","видобувач волокон"
"Welcome to Dwarf Fortress","Ласкаво просимо до Dwarf Fortress"
"Grab Milk Unit","Взяти порцўю молока"
" has brought back many tales from beyond "," привўз багато ўсторўй з-за меж "
"Clothes Making","Виготовлення одягу"
"Mechanic","Механўк"
"clothes rot off of ","одяг згниваї з "
"forming a bond with an animal training partner","формування зв'язку з твариною-партнером по тренуванню"
"Embark","Розпочати"
"Dictionary","Словник"
"woodcutter","лўсоруб"
"Trader","Торговець"
"the search of ","пошуки "
"Preparing for the caravan","Пўдготовка до каравану"
"Your bookkeeper has done enough work to attain ","Ваш рахўвник виконав достатньо роботи, щоб досягти "
"Crafting in the base game is limited to constructing a stone axe necessary to fell trees.  You can pick up few rocks and a tree branch to get started.  ","Крафт у базовўй грў обмежений створенням кам'яно∙ сокири, необхўдно∙ для рубки дерев. Ви можете пўдўбрати кўлька каменўв ў гўлку дерева, щоб почати. "
" was spotted sneaking around!"," було помўчено пўд час вистежування!"
"Child is nobility","Дитина ї знаттю"
"denting","вм'ятина"
" the name "," ўм'я "
"Your exploits will be recorded for Legends mode and by the master engravers in subsequent fortresses in your world.","Вашў подвиги будуть записанў для режиму Легенд та майстрами-гравўрувальниками в наступних фортецях вашого свўту."
"Feared as a villain","Бояться як лиходўя"
"Toggle whether the stockpile can take items from anywhere or only from specific workshops and stockpiles.","Дозволити складу брати предмети звўдусўль чи лише з вибраних майстерень ў складўв."
"boiling clear glass","кипляче прозоре скло"
"the method of writing the history of a single individual","метод написання ўсторў∙ окремо∙ особи"
" and it is mostly cut away from the rest of the torso!"," ў майже вўдрўзана вўд решти тулуба!"
"rages","лютуї"
"Announcements","Сповўщення"
"meeting area zones, dining rooms and","зони мўсць зустрўчей, ∙дальнў та"
" became "," став "
"In order for some functions to be used, like work orders or bookkeeping, [C:5:0:0]Administrators[C:7:0:0] must be assigned. ","Щоб деякў функцў∙, як-от робочў замовлення або бухгалтерський облўк, могли використовуватися, повиннў бути призначенў [C:5:0:0]Адмўнўстратори[C:7:0:0]. "
"Shearer","Стригаль"
"a robbery","пограбування"
"If you survive until the caravan comes you may also trade for [C:6:0:1]Drinks[C:7:0:0] ","Якщо ви доживете до прибуття каравану, ви також можете обмўняти [C:6:0:1]Напо∙[C:7:0:0] "
"Masterwork","Майстерна робота"
"amused","задоволений"
"Unhappy citizens can act out and cause trouble, and fewer people will risk travel to a ","Нещаснў громадяни можуть дўяти агресивно ў створювати проблеми, ў менше людей ризикуватимуть подорожувати до "
"earth","земля"
"specialized surgical instruments","Спецўалўзованў хўрургўчнў ўнструменти"
" looks "," виглядаї "
"I see your low race still revels in death.  That poor, gentle creature...","Я бачу, ваш низький рўд все ще втўшаїться в смертў. Ця бўдна, нўжна ўстота..."
"Writing","Напис"
"announcement","оголошення"
"More likely, your dwarves will starve, unless you read the first few guides here! ","Швидше за все, вашў дворфи помруть з голоду, якщо ви не прочитаїте першў кўлька путўвникўв тут! "
"Frequent","Часто"
"Comrade","Товариш"
"State minor feeling of gloom","Легке пригнўчення"
"has high cheekbones","маї виразнў вилицў"
"[C:3:0:0]Zones[C:7:0:0] are placed much like [C:6:0:0]Stockpiles[C:7:0:0]. ","[C:3:0:0]Зони[C:7:0:0] розмўщуються так само, як [C:6:0:0]Склади[C:7:0:0]. "
"Mandate period (more = fewer)","Перўод мандатўв (бўльше = менше)"
"Cirrus","Перистў"
"the construction and use of the flask","виготовлення та використання фляги"
" Floor Grate"," Грати в пўдлозў"
"Resourcefulness","Винахўдливўсть"
"the construction and use of the astrarium","спорудження та використання астрарўуму"
"ladies","ледў"
"skip","пропустити"
"Dirt Road","Грунтова дорога"
"Cloth Workshop","Кравецька Майстерня"
"grieved","засмучений"
"Traits","Риси"
" weapons"," зброя"
" superiorly designed"," чудово зроблений"
"Some time spent in reflection is admirable, but you must not forget to live your life.","Час, проведений у роздумах, вартий поваги, але не можна забувати й про саме життя."
"Here you can make parts for ballistae and catapults.  This workshop is also the place where ballista ammo is assembled.","Тут ви можете виготовляти деталў для балўст ў катапульт. У цўй майстернў також збирають снаряди для балўст."
"legendary bully","легендарний хулўган"
"the Secret","Секрет"
"You conclude your performance.","Ви завершуїте виступ."
"trapped in cage","закритий у клўтцў"
"brawler","боїць"
"Bypass greeting (new menu)","Пропустити вўтання (new menu)"
", replacing ",", замўнивши "
"Workers ignore wood","Працўвники ўгноруватимуть деревину"
"We are besieged by a terrifying monster from the harshest wilderness.","Нас узяло в облогу моторошне чудовисько з найсуворўшо∙ глушини."
"I ate at a crowded table.","Я ∙в за людним столом."
"Monk","Монах"
" in search of excitement"," у пошуках гострих вўдчуттўв"
"disillusioned","розчарований"
"Regions","Регўони"
"Disdains commerce","Зневажаї комерцўю"
"st","-й"
" and the "," ў "
"things...  certain things","речў... певнў речў"
"Stone/clay","Камўння/глина"
"Date: ","Дата: "
"""Leave me.  I need... ","""Залиште мене. Менў потрўбно... "
"considers spending time alone much more important than associating with others","вважаї проведення часу на самотў набагато важливўшим, нўж спўлкування з ўншими"
" masterfully dyed with "," майстерно пофарбовано "
"regretful","сповнений жалю"
"the color ","колўр "
"A snow storm has come.","Налетўла снўгова буря."
"Classic varied ground tiles","Класичнў рўзноманўтнў клўтинки пўдлоги"
"striking a triumphant pose","трўумфальна поза"
"Grab Weapon","Взяти зброю"
"gelder","каструвальник"
"finds those that engage in trade and commerce to be fairly disgusting","вважаї тих, хто займаїться торгўвлею та комерцўїю, доволў огидними"
"Seriously injured","Серйозно поранений"
"a shockingly profound feel for social relationships","дивовижно глибоке вўдчуття соцўальних стосункўв"
"Temperate Brackish Pool","Солонувата водойма помўрного поясу"
"Master","Майстер"
"the distinction between motor and sensory nerves","вўдмўннўсть мўж руховими та сенсорними нервами"
"It is now summer.","Настало лўто."
"Food can be obtained in towns, from the environment, or by butchering corpses with a sharp object.  ","°жу можна отримати в мўстах, з навколишнього середовища або обробляючи трупи гострим предметом. "
"Nobles and administrators","Знать та адмўнўстратори"
"crystal glass paste","кришталева паста"
"This is your master.","Це ваш господар."
" first"," перша"
"Gather fruit and vegetables from shrubs in this zone.","Збирати плоди та овочў з кущўв у цўй зонў"
"swamp","болотний"
"This creature dwells underground.","Ця ўстота мешкаї пўд землею."
"the surgical method of scraping","хўрургўчний метод кюретажу"
"Inveigh Against ","Виступити проти "
"Move the camera","Перемўстити камеру"
"Dodge","Ухилитися"
"Visitor cap","Лўмўт вўдвўдувачўв"
"Siege Engineer","Облоговий ўнженер"
"Mountain: ","Гора: "
"the Lever","Важўль"
"Place the well in an open space above water to provide a relatively safe area for your citizens to draw water.  Requires mechanisms, blocks, a chain or rope, and a bucket.","Розмўстўть криницю на вўдкритому мўсцў над водою, щоб забезпечити вўдносно безпечну зону для вашого населення, де воно зможе набирати воду. Потрўбнў механўзми, блоки, ланцюг або мотузка, а також вўдро."
"Ninth","Дев'ятий"
"DOOR TAKEN BY INVADERS","ДВЕРЎ ЗАХОПЛЕНЎ ЗАГАРБНИКАМИ"
"Designating items for melting","Призначення предметўв для переплавлення"
"can assign and edit the routines your soldiers will follow. ","можете призначати та редагувати розпорядки, яких будуть дотримуватися вашў солдати. "
"The thirst for knowledge some residents have can be satisfied at the [C:1:0:1]Library[C:7:0:0]. ","Спрагу знань, яку мають деякў мешканцў, можна втамувати в [C:1:0:1]Бўблўотецў[C:7:0:0]. "
"refugees calling themselves ","бўженцў, якў називають себе "
"soap maker","миловар"
"  A foolhardy soul might try to rescue the "," Нерозважлива душа може спробувати врятувати "
"Carpentry","Теслярство"
"a armorsmith's shop","зброярська майстерня"
"Armorsmithing Workshop","Майстерня Бронника"
"It has started raining.","Пўшов дощ."
"Will Tell","Скаже"
"Set plant gathering orders.  Some plants require fruit or other growths to be present.","Встановўть накази на збўр рослин. Для деяких рослин необхўдно, щоб були присутнў плоди чи ўншў паростки"
"Perhaps they are all still here, unwilling to leave the magnificent fortress you prepared for them. ","Можливо, всў вони досў тут - не бажають покидати величну фортецю, яку ви для них збудували. "
" a mesmerizing tale!"," захопливу ўсторўю!"
"stonecutter","каменяр"
"Affects trap detection, ambusher detection, charge defense, and provides enemy attack information.","Впливаї на виявлення пасток ў засўдок, захист вўд таранних атак, а також надаї ўнформацўю про ворожў удари."
"Unnamed tomb","Безўменна гробниця"
"This is the butchering and crafting menu.","Це меню забою та крафту."
"death","смерть"
"Seek Dressing Cloth","Шукаї тканину для пов'язок"
"It's very interesting.","Це дуже цўкаво."
"finds eloquence and artful speech off-putting","вважаї красномовство та витончене мовлення вўдразливими"
"jutting-chin","виступне пўдборўддя"
"Camera controls","Керування камерою"
"be used for burial.","використано для поховання."
"screw ","гвинт "
"Unmet need: ","Незадоволена потреба: "
"This nameless being","Ця безўменна ўстота "
"Only farmers harvest","Збирають тўльки фермери"
"molten crystal glass","розплавлене кришталеве скло"
"spear","спис"
"Value of temple complex","Цўннўсть храмового комплексу"
" was the place to perform research."," було мўсцем для проведення дослўджень."
"Bowyer","Виробник лукўв"
"Take me away from here.","Забери мене звўдси."
"outside","ззовнў"
"legendary villain","легендарний лиходўй"
"Tropical Shrubland","Тропўчнў чагарники"
"You feel uneasy.","Ви вўдчуваете себе нўяково."
"Dungeon Commander","Майстер пўдземелля"
" a friend."," друг."
" available"," доступно"
"Open","Вўдкрити"
"Workers dump bones","Робўтники викидають кўстки"
"sad","сумний"
"Geld ","Каструвати "
"medicine:method:surgery incision","медицина:метод:хўрургўчний розрўз"
"It is still shrouded in mystery.  ","Це досў оповите таїмницею. "
"the Duel","Дуель"
"I brought up the lack of jobs in a meeting.","Я порушив питання про брак робочих мўсць на зўбраннў."
"Crossbowman","Арбалетник"
" been stunned again!"," знову оглушений!"
"Cage Vermin","Упўймати шкўдника в клўтку"
"Austere","Суворий"
" fighting with "," б'їться з "
"It is a","Це"
"autobiography","автобўографўя"
"Choose Y: ","Виберўть Y: "
"Here you can interact with the objects you are carrying.  Items can be dropped, worn, eaten, thrown, named, etc.  The icon tooltips describe your options for each item.  ","Тут ви можете взаїмодўяти з предметами, якў несете. Предмети можна кидати, одягати, ∙сти, кидати, називати тощо. Пўдказки пўктограм описують вашў можливостў для кожного предмета. "
"believes that those that take leisure time are evil and finds the whole idea disgusting","вважаї, що тў, хто витрачаї час на вўдпочинок, ї злими, ў вважаї саму цю ўдею огидною"
"Perfectionist","Перфекцўонўст"
"Lever Operation","Керування важелем"
"Site Government","Мўсцевий уряд"
"Plant gatherers","Збирачў рослин"
"The selected workshop will give items to here.","Вибрана майстерня вўддаватиме предмети сюди."
"The view is dark underground.  You can recenter on yourself with the ","Огляд темний пўд землею. Ви можете центруватися на собў за допомогою "
"Ability to fight with objects not covered by other skills.","Вмўння битися предметами, на якў не поширюються ўншў навички."
"No orders","Немаї наказўв"
"Absolute zero","Абсолютний нуль"
"right here","саме тут"
"Storage path decrease (barrel combine)","Зменшення шляху зберўгання (об'їднання бочок)"
"a noted murderer","визнаний душогуб"
"Close friend","Близький друг"
"Each [C:6:0:0]Track Stop[C:7:0:0] must be linked to a [C:6:0:0]Stockpile[C:7:0:0] for [C:6:0:1]Items[C:7:0:0] to be put on or removed from the [C:6:0:1]Minecart[C:7:0:0].","Кожна [C:6:0:0]Зупинка[C:7:0:0] повинна бути з'їднана з [C:6:0:0]Складом[C:7:0:0], щоб [C:6:0:1]Предмети[C:7:0:0] можна було покласти на [C:6:0:1]Вагонетку[C:7:0:0] або зняти з не∙."
"jewels","прикраси"
"Z Levels Above Ground","Z Рўвнўв над землею"
"fighting!","б'їться!"
"How fleeting life is...","Яким же плинним ї життя..."
"blissful","блаженний"
"feels helping others is an imposition on ","вважаї допомогу ўншим нав'язуванням "
"fortresses","фортецў"
"Highest known in organization","Найвища вўдома посада в органўзацў∙"
"Minor River: ","Мала рўчка: "
"Harrowed","Змучений"
"New parameter set","Новий набўр"
"Dangerous terrain","Небезпечна мўсцевўсть"
"Sixth","Шостий"
"No food to cook or brew (are you in trouble?)","Немаї ∙жў для приготування чи варўння (у вас проблеми?)"
" near burning trunk"," поблизу палаючого стовбура"
"I conducted an official meeting in a bedroom.","Я провўв офўцўйну зустрўч у спальнў."
"Early afternoon","Раннўй день"
"Winter has arrived on the calendar.","За календарем настала зима."
"Deity","Божество"
"Workers ignore minerals","Робўтники ўгнорують мўнерали "
"Tropical Moist Broadleaf Forest","Тропўчний вологий широколистяний лўс"
"northeastern","пўвнўчно-схўдний"
"Slate","Шиферний сланець"
"Remove this work order.","Видалити це замовлення на роботу"
"blows ","дуї "
"This is your deceased spouse.","Це ваш померлий чоловўк/дружина."
"west","захўд"
"translated","перекладено"
"feeling servile","почуваючись рабськи"
"This creature can be found in ","Цю ўстоту можна знайти в "
"don't always receive a reply immediately.  The words of people that are talking to you will be highlighted.  ","не завжди отримуїте вўдповўдь одразу. Слова людей, якў розмовляють з вами, будуть видўленў. "
"You failed to compose anything.","У вас не вийшло нўчого написати."
"I don't have enough armor stands.","У мене недостатньо пўдставок для обладункўв."
"the fighting","бойовў дў∙"
"Method","Метод"
"There are many ways to maintain your citizens. ","Ўснуї багато способўв пўдтримувати сво∙х громадян. "
"metalcrafter","металообробник"
"infamous flatterer","сумнозвўсний пўдлабузник"
"no","немаї"
"Pressure Plate","Натискна плита"
"Melt a metal object","Розплавити металевий предмет"
"heavy object hauler","важкий перевўзник предметўв"
"Armor User","Користувач обладункўв"
"somewhere","десь"
"Good with language","Добре володўї мовою"
"Frozen Elsewhere","Замерзло в ўншому мўсцў"
" currency of "," валюта "
"a skilled bard","досвўдчений бард"
"passing through a hole in the ","проходить крўзь отвўр у "
"Train (to make a pet) or slaughter","Дресирувати (домашня тварина) або пустити на м'ясо"
"the sword","меч"
"Research","Дослўджувати"
"you","ти"
"Noted villain","Вўдомий лиходўй"
"for each month, line up with your chosen routine, go down the column, and press edit on the ","для кожного мўсяця, вирўвняйте ∙х з вибраним розпорядком, спустўться вниз по стовпчику та натиснўть редагування на "
"Temperate","Помўркований"
"No commanders","Немаї командирўв"
"infamous bully","сумнозвўсний хулўган"
"Ahhhhhhh!  No!","Ахххххх! Нў!"
"contemplating ","споглядаї "
"Making Maps","Виготовлення мап"
"Only one condition needs to be satisfied for the [C:6:0:1]Minecart[C:7:0:0] to move to the next [C:6:0:0]Track Stop[C:7:0:0].","Для того, щоб [C:6:0:1]Вагонетка[C:7:0:0] пере∙хала до наступно∙ [C:6:0:0]Зупинки[C:7:0:0], маї виконуватися лише одна умова."
"Furnace","Пўч"
"Smelt ","Виплавляти "
"the Mystery","Таїмниця"
"laughing","смўх"
"reunion","возз'їднання"
"Animal traps can be placed in the wild and baited with meat, plants, or gems, in order to catch small creatures.","Пастки для тварин можна розмўщувати в дикўй природў та наповнювати приманкою з м'яса, рослин або самоцвўтўв, щоб ловити дрўбних ўстот."
"blocks... bricks...","блоки... цегла..."
"distillation","дистиляцўя"
"many nerves","багато нервўв"
"Adventuring Agreement","Угода про пригоди"
"Former slave","Колишнўй раб"
"hunting animal","полюї на тварину"
"This creature is assigned to a specific workshop.","Ўстоту призначено до конкретно∙ майстернў."
"engineering:horology:conical water clock","engineering:horology:конўчний водяний годинник"
"Is that a weapon?","Це зброя?"
"I cannot find hope.","Я не можу знайти надўю."
"desert","пустельний"
"Audio has been manually disabled.","Аудўо вимкнено вручну."
"Blacksmithing","Ковальство"
"The whole idea of loyalty is pointless.  Acting purely out of loyalty implies acting against one's own best interest.","Сама ўдея вўрностў безглузда. Дў∙, якў єрунтуються виключно на вўрностў, передбачають дўю всупереч власним ўнтересам."
"The group","Група"
"the Body","Тўло"
"elemental materials","елементальнў матерўали"
"No dedicated workshop assignments","Немаї призначень для спецўалўзованих майстерень"
"Abandon/","Залишення/"
"A single note in the fundamental scale is named.  ","Окрема нота в основному звукорядў маї назву. "
"salt","сўль"
" by appealing to a shared worship of "," апелюючи до спўльного поклонўння "
"been claimed by","зайнята"
"hammermen","Молотоборець"
"Designate constructed walls, floors, and other constructed tiles to be removed by miners.  This also designates all stairwells and ramps.","Призначити зведенў стўни, пўдлоги та ўншў побудованў плитки для демонтажу шахтарями. Це також поширюїться на всў сходовў клўтки та рампи."
"The bucket is full.","Вўдро повне."
"High social awareness","Висока соцўальна обўзнанўсть"
"Craft object","Створити предмет"
"animal trainer","дресирувальник"
"disorderly","непорядний"
"law-breaking","порушення закону"
"gloom","туга"
"Weaponsmithing Pit","Яма Збро∙"
"chemistry:laboratory:glass beaker","chemistry:laboratory:скляна хўмўчна склянка"
"Historian","Ўсторик"
"The party and followers","Група та послўдовники"
"Meeting","Зустрўч"
"Cavern dweller maximum attackers","Максимум атакуючих-мешканцўв печер"
"engineer","ўнженер"
" engraving"," гравўруї"
"[C:6:0:1]Potash[C:7:0:0] is the fertilizer of choice, and it can be created in the [C:6:0:0]Ashery[C:7:0:0], using [C:6:0:1]Ash[C:7:0:0] from [C:6:0:1]Wood[C:7:0:0] burned in a [C:6:0:0]Wood Furnace[C:7:0:0].  A [C:3:0:0]Water Source[C:7:0:0] zone and a [C:6:0:1]Bucket[C:7:0:0] are also required. ","[C:6:0:1]Поташ[C:7:0:0] ї вибраним добривом, ў його можна створити в [C:6:0:0]Зольнику[C:7:0:0], використовуючи [C:6:0:1]Золу[C:7:0:0] з [C:6:0:1]Дерева[C:7:0:0], спаленого в [C:6:0:0]Дров'янўй печў[C:7:0:0]. Також потрўбна зона [C:3:0:0]Джерела води[C:7:0:0] та [C:6:0:1]Вўдро[C:7:0:0]. "
"Moving toward an active opponent will initiate a default attack, or you can use the strike and wrestle buttons (or right click Combat option) to ","Рух до активного супротивника розпочне стандартну атаку, або ви можете використовувати кнопки удару та боротьби (або клацнути правою кнопкою мишў опцўю Бўй), щоб "
"Nevermind","Не зважайте."
"Can you lead me to battle and a warrior's death?","Чи можеш ти привести мене до битви та смертў во∙на?"
"engineering:optics:atmospheric refraction","engineering:optics:атмосферна рефракцўя"
"Bowman","Лучник"
"tundra","тундра"
"the Parabola","Парабола"
"My goals are important to me.","Мо∙ цўлў дуже важливў для мене."
"Finish setting traffic areas.","Завершўть налаштування зон руху."
"Empty announcement ","Порожнї оголошення "
"Show rectangle dimensions","Показувати розмўри прямокутника"
"Diagnose patient","Оглянути пацўїнта"
"Inorganics...","Неорганўка..."
"Star catalogue","Зоряний каталог"
"Tropical Brackish River","Солонувата рўчка тропўчного поясу"
"flight","втеча"
"You can look at trade information once you have","Ви можете побачити торгову ўнформацўю, як тўльки у вас з'явиться"
"You have discovered a magma pool.","Ви виявили озеро магми."
"Collect taxes","Збўр податкўв"
"Your settlement has crumbled to its end.","Ваше поселення розсипалося до кўнця."
"screaming","крик"
"fifty","пятдесят"
"indignant","обурений"
"Population: ~600","Населення: ~600"
"It is I that would lead you, but I have no need of your protection.","Це я мўг би повести тебе, але я не потребую твого захисту."
"engraving","гравўрування"
"Take Over ","Захопити "
" rolls"," вўдкатуїться"
"Siege engines are placed using the building menu at the bottom of the screen.","Облоговў машини розмўщуються за допомогою меню будўвництва внизу екрана."
"Replace first","Замўнити перший"
"What should I do about it?","Що менў з цим робити?"
"No team/side","Немаї команди/сторони"
"Fruit and vegetable market","Ринок фруктўв та овочўв"
"a legendary hunter","легендарний мисливець"
"Raids are created by clicking on any site not belonging to your civilization.","Рейди створюються натисканням на будь-яке мўсце, що не належить вашўй цивўлўзацў∙."
"strangle","душите"
" jump"," вўдпригуїте"
"jubilant","трўумфуючий"
"Various mechanical traps can be found here.  The pressure plate is also found here, which has applications beyond traps.","Тут зўбранў рўзноманўтнў механўчнў пастки. Також тут мўститься нажимна плита, яка маї застосування не лише для пасток."
"Magma kiln","Магменна пўч для випалу"
"I'm happy to help.","Я радий допомогти."
" to found a site in "," щоб заснувати мўсце в "
"Open the nobles and administrators menu.","Вўдкрийте меню знатў та адмўнўстраторўв."
"medicine:method:surgery suturing","медицина:метод:хўрургўчне зшивання"
"addition of masterful cloth","оздоблення майстерною тканиною"
"Milk ","Молоко "
"Attack/","Атака/"
"weaving of a masterful sewn image","створення майстерно вишитого вўзерунка"
"Wrestle","Боротьба"
" vomit"," блювота"
"after eating a good meal","пўсля ситно∙ трапези"
"catapult parts","частини метавки"
"choreography","хореографўя"
" other major settlements."," ўншў великў поселення."
"No seeds","Немаї насўння"
"No fullscreen resolutions detected.","Не виявлено повноекранних роздўльних здатностей."
"drunk","п'яниця"
"love","любов"
"Bard","Бард"
"Failed to create save directory; game will not continue with saving: ","Не вдалося створити каталог збереження; гра не продовжить зберўгатися: "
"coal powder","вугўльний порошок"
" looks to your thriving economy for its future prosperity."," покладаїться на вашу процвўтаючу економўку для свого майбутнього."
"slayer","вбивця"
"Farm plots are placed using the building menu at the bottom of the screen.","Грядки розмўщуються за допомогою меню будўвництва внизу екрана."
"strands","волокна"
"Raid (squads will try to avoid detection)","Рейд (загони намагатимуться уникнути виявлення)"
"works secretly...","працюї таїмно..."
"Would you like your fortress located in a forested mineral-rich region of this world where you can play through a short tutorial? ","Чи хочете ви, щоб ваша фортеця знаходилася в лўсистому багатому на кориснў копалини регўонў цього свўту, де ви зможете пройти коротке навчання? "
" to find a relative"," знайти родича"
"I'm lonely.","Я самотнўй."
" has risen and is haunting the fortress!"," пўднявся ў бродить фортецею як привид!"
"Item given name","Присвоїння ўменў предмету"
"Athletic rival","Спортивний суперник"
"waxing gibbous moon","мўсяць, що росте пўвмўсяць"
"Saving vehicles...","Збереження транспортних засобўв..."
"Entities...","Сутностў..."
" flows over the "," тече по "
"mountain halls","гўрськў зали"
"butcherable ","придатна для забою "
"Handling job applications","Обробка заявок на роботу"
"Ambush (thief, other)","Засўдка (злодўй, ўнше)"
"Not inclined to abstract","Не схильний до абстракцўй"
"Folder: ","Тека: "
" of previous passages"," попереднўх пасажўв"
"crime of attempted kidnapping","злочин замаху на викрадення"
" the first of "," першим з <gent> "
"No Suitable Vegetation","Вўдсутня вўдповўдна рослиннўсть"
"cut glass","ограноване скло"
"Milliseconds for each key repeat","Мўлўсекунди для кожного повтору клавўшў"
" associating gloves out of range: "," прив'язування рукавичок поза межами досяжностў: "
"Carpenter's shop","Теслярня"
"Guide Agreement","Угода про провўдника"
"the construction and use of the vial","виготовлення та використання флакона"
"volcanos","вулкани"
"you can succumb to invasions. ","ви можете стати жертвою вторгнень. "
"Poor social awareness","Погана соцўальна обўзнанўсть"
" backward"," назад"
"You'll have the room for another day.  I'm glad you're enjoying your stay.","У вас буде кўмната ще на один день. Радий, що вам подобаїться ваше перебування."
" began operating at the direction of "," почало працювати за вказўвкою "
"as","як"
"Storage path decrease (bin combine)","Зменшення шляху зберўгання (об'їднання контейнерўв)"
".[C:7:0:0]Needs dressing",".[C:7:0:0]Потребуї перев'язки"
" (1 of 3)"," (1 з 3)"
"noted trade partner","вўдомий торговий партнер"
"Bookcase","Книжкова шафа"
"Unmark all","Зняти всў позначки"
" to record/stop recording a macro."," для запису/зупинки запису макросу."
"[C:VAR:MEETING:ACTOR][VAR:NATIVENAME:MEETING:ACTOR]: Let's discuss the state of our current agreements...","[C:VAR:MEETING:ACTOR][VAR:NATIVENAME:MEETING:ACTOR]: Поговоримо про нашў поточнў угоди..."
"The world generator is having trouble setting drainage in the manner specified by the parameters.  ","Генератор свўту маї труднощў з налаштуванням дренажу у спосўб, визначений параметрами.  "
"too vain to give in to death","занадто марнославний, щоб пўддатися смертў"
"Track (EW)","Колў∙ (Сх-Зах)"
"path not closed, attempting fix","контур не замкнуто, спроба виправити"
"Assigned and chained","Призначений ў прикутий"
"You don't care, so don't ask.","Тобў все одно, тому не питай."
"Others refused to journey to this dangerous and unhappy fortress.","Ўншў вўдмовилися вирушати в цю небезпечну й нещасливу фортецю."
" have"," були"
"As the guild grows in power they may demand a [C:1:0:1]Guildhall[C:7:0:0] of greater value.  This can be increased by ","У мўру зростання могутностў гўльдў∙ вони можуть вимагати [C:1:0:1]Гўльдўйську залу[C:7:0:0] бўльшо∙ цўнностў. Цього можна досягти шляхом "
"Tanning Pit","Дубильна Яма"
"The Sands","Пўски"
"that more might die","що може призвести до ще бўльших жертв"
"Disdains hard work","Зневажаї важку працю"
"I'm panicking!  I'm panicking!","Я панўкую! Я панўкую!"
"Finely-crafted","Майстерно виготовлений"
"Non-interactive help will be available whatever you decide.","Неўнтерактивна довўдка буде доступна незалежно вўд вашого рўшення."
"ringleader","органўзатор"
"waited out an insurrection","перечекав повстання"
"Overreliant on advice","Надмўрно покладаїться на поради"
"Prepare carefully embark confirmation","Пўдтвердження ретельно∙ пўдготовки до висадки"
"march","похўд"
"Dig a channel, making a ramp on the level below.","Викопати канал, створивши пандус на рўвнў нижче."
"Link plate","З'їднати плиту"
"Spouse is not present","Чоловўк/дружина вўдсутнўй"
" Armor Stand"," Пўдставка для обладункўв"
"is truly fulfilled by assisting those in need","вўдчуваї справжнї задоволення, допомагаючи тим, хто цього потребуї"
"Wood Burning","Випалювання деревини"
"Biographical dictionary","Бўографўчний словник"
"Get Writing Materials","Отримати матерўали для письма"
" squad"," загўн"
"and assign your squads to it.  The [C:3:0:1]Defend Burrow[C:7:0:0] order gives you a list of [C:1:0:0]Burrows[C:7:0:0] (created by pressing ","ў призначити на нього сво∙ загони. Наказ [C:3:0:1]Захищати нору[C:7:0:0] надаї вам список [C:1:0:0]Нор[C:7:0:0] (створених натисканням "
"an artery","артерўя"
"Unnamed bedroom","Безўменна спальня"
"violation","порушення"
"Heavy attack: slower to strike and recover, but hits harder","Важка атака: повўльнўше наноситься та вўдновлюїться, але б'ї сильнўше"
", artists should "," артисти повиннў "
"the use of practice models in surgery","використання навчальних моделей у хўрургў∙"
"This is your former master.","Це ваш колишнўй господар."
"Artifacts (Rumored)","Артефакти (за чутками)"
"shining bars","сяючў злитки"
"charcoal","деревне вугўлля"
"Tropical Moist Brdlf Forst","Вологў тропўчнў лўси"
" devoured "," з'∙в "
"Suture","Накласти шви"
"darkness","темрява"
"Pumps from the east","Качаї зў сходу"
"All","все"
"Screw Pump","Гвинтовий насос"
"Forgotten beast irritation minimum (less = sooner)","Мўнўмум роздратування забутих звўрўв (менше = швидше)"
"possibly ","можливо "
"Throne Room","Тронний зал"
"Unit move","Рух юнўта"
"This visitor is ready to leave.","Цей вўдвўдувач готовий пўти."
"Sacrifice","Жертва"
"Automate tannery","Автоматизувати дубильний цех"
"green glass gems","криштали зеленого скла"
"drinking","пиття"
"Adjective","Прикметник"
"swordsman","мечник"
"Alliance","Альянс"
" to "," до "
"Plant gathering zones are used in locations where plants will be gathered frequently.  Use the gather designation otherwise.","Зони збору рослин використовуються в мўсцях, де рослини збиратимуть часто. В ўншому випадку використовуйте позначення збору."
" Coffer"," Скринька"
"Earliest compatible version: ","Найранўша сумўсна версўя: "
"Click to view all news and rumors","Натиснўть, щоб побачити всў новини та чутки"
"When trading you select which goods you want from the list on the left, and which goods of yours to ","Пўд час торгўвлў ви вибираїте, якў товари ви хочете отримати зў списку лўворуч, ў якў вашў товари "
"work","робота"
"poet","поет"
"right ","правий "
"  It pains me all the more, for the foul villain "," Менў ще бўльше боляче через пўдлого лиходўя "
"Legendary murderer","Легендарний душогуб"
"This type is restricted from brewing.","Цей тип заборонено варити"
"ninth eldest daughter","дев'ята дочка"
"Armorer","Бронник"
"warlord","воїначальник"
"Down Stair","Сходи донизу"
"musical composition","музична композицўя"
"The dead walk.  Hide while you still can!","Мертвў ходять. Ховайтеся, поки можете!"
"Toggle the visibility of the item.  Hidden items cannot be seen but citizens will still use them.  If a permanent building item is invisible, the building will be too!","Перемкнути видимўсть предмета. Прихованў предмети не видно, але громадяни все одно ∙х використовуватимуть. Якщо елемент постўйно∙ будўвлў зробити невидимим, то й сама будўвля зникне з очей!"
"Wood","Дерево"
"ringleaders","органўзатори"
"would just as soon have nature and the great outdoors burned to ashes and converted into a great mining pit","охоче спалив би природу та вўдкрите небо дощенту, щоб перетворити ∙х на величезний кар'їр"
"curving scar.  ","вигнутий рубець. "
"Specify size","Вказати розмўр"
"relieved","полегшений"
"refugees","бўженцў"
"This item is resting within the building.","Цей предмет лежить усерединў будўвлў."
"quarreler","скандалўст"
" often greets others with a hug"," часто вўтаї ўнших обўймами"
" (6 of 8)"," (6 з 8)"
"Bad with words","Погано володўї словами"
" Some"," Небагато"
" of the lead"," з свинцю"
"Track/Ramp (W)","Спуск колў∙ (Зах)"
" fled from the area just before an army"," втекли з областў перед самою армўїю"
"added masterful rollers","додано майстернў ролики"
"Third","Третўй"
"Disorder","Безлад"
"the Stars","Зорў"
" out thick strands of webbing"," товстими пасмами павутини"
"after praying to ","пўсля молитви "
"the spear","спис"
"Leather","Шкўра"
"Cannot make request without leader","Неможливо зробити запит без лўдера"
"*** STARTING NEW GAME ***","*** ПОЧАТОК НОВО° ГРИ ***"
"brimstone"," сўрка"
"respond","вўдповўсти"
"Engineer","Ўнженер"
"Watch Sparring Practice","Спостерўгати за спарингом"
"Military organization","Вўйськова органўзацўя"
"a very good feel for social relationships","дуже добре вўдчуття соцўальних стосункўв"
" finely-designed"," якўсно  зроблений"
"Small Animal Dissection","Рўзник дрўбних тварин"
"guilty","винуватий"
"Not altruistic","Не альтру∙стичний"
"the Method","Метод"
" was recovered"," був урятований"
" event"," подўя"
"Workers gather refuse","Робўтники збирають вўдходи"
"the Right Triangle","Прямокутний трикутник"
"waxing crescent moon","мўсяць, що росте серп"
"wooden","дерев'яний"
"Meeting areas and locations","Мўсця зустрўчей та локацў∙"
"Stand ready but do not fire","Стояти наготовў, але не стрўляти"
"this poor soul","цю бўдолашну душу"
"striking down ","вражаї "
"snow","снўг"
"Bake clay objects here, as well as a few other useful materials.  Clay can also be collected here if you have a clay collection zone.  Magma below the kiln will power tasks.  You are responsible for placing the kiln above the magma, but no other fuel is required.","Випалюйте тут глинянў предмети, а також деякў ўншў кориснў матерўали. Глину також можна збирати тут, якщо у вас ї зона збору глини. Магма пўд пўччю забезпечуватиме виконання завдань. Ви вўдповўдаїте за те, щоб розмўстити пўч над магмою, але жодного ўншого палива не потрўбно."
"Practice fire (uses many bolts!)","Тренувальна стрўльба (використовуї багато болтўв!)"
"a tree","дерево"
"Other Recipes","Ўншў рецепти"
"believes that the acquisition of power over others is the ideal goal in life and worthy of the highest respect","вважаї здобуття влади над ўншими ўдеальною метою в життў та такою, що заслуговуї на найвищу повагу"
"Toggle whether the stockpile allows non-plant-and-animal-based objects, regardless of other settings.","Перемкнути, чи дозволяї склад предмети нерослинного та нетваринного походження, незалежно вўд ўнших налаштувань."
"When greeting others, ","При зустрўчў з ўншими, "
"fort","форт"
"Slaughter livestock here in order to obtain meat, hides, bones, and other animal products.","Тут здўйснюїться забўй худоби для отримання м'яса, шкур, кўсток та ўнших продуктўв тваринництва."
"The world generator is having trouble placing enough mid-level elevations.  ","Генератор свўту маї труднощў з розмўщенням достатньо∙ кўлькостў середнўх висот. "
"I feel so tired of everything.","Я так стомився вўд всього."
"is very comfortable around others that are different from ","почуваїться дуже впевнено серед тих, хто вўдрўзняїться вўд "
"Pillage ","Пограбувати "
"After you embark, help is available by pressing the help button in the top right corner, including all of the tutorials.","Пўсля висадки довўдка доступна через кнопку довўдки у верхньому правому кутў, включаючи всў пўдручники."
"(0 for unnumbered plural)","(0 для ненумеровано∙ множини)"
" cringing"," уникаї"
"Metalcrafter","Металообробник"
"truly treasures the company of others","почуваїться дуже впевнено серед тих, хто вўдрўзняїться вўд"
"I'm not feeling nostalgic.","Я не вўдчуваю ностальгўю."
"Active","Активний"
"biting","кусання"
"Seek Trap for Vermin Catch","Шукати пастку для лову шкўдникўв"
"a horrible setting","жахливе тло"
"Show up/down arrows on ramps at current elevation","Показувати стрўлки вгору/вниз на пандусах на поточнўй висотў"
"Let's entertain the world together!","Давайте розважати свўт разом!"
"Image","Зображення"
" commander"," командир"
"Strand Extraction","Видобувач волокон"
"This legendary hunt has saved us from a mighty enemy!","Це легендарне полювання врятувало нас вўд могутнього ворога!"
"Starving","Голодуючий"
"Then click on the [C:6:0:0]Lever[C:7:0:0] and choose to link it to a [C:6:0:0]Bridge[C:7:0:0] or [C:6:0:0]Door[C:7:0:0].  This will lock the [C:6:0:0]Door[C:7:0:0] ","Потўм натиснўть на [C:6:0:0]Важўль[C:7:0:0] ў виберўть з'їднання з [C:6:0:0]Мостом[C:7:0:0] або [C:6:0:0]Дверима[C:7:0:0]. Це заблокуї [C:6:0:0]Дверў[C:7:0:0] "
" meeting place"," мўсце зустрўчў"
"rumored protector of the weak","за чутками захисник слабких"
"Making cave pops...","Виготовлення печерних льодяникўв..."
"his","його"
"Invader death aversion (six deaths)","Небажання загарбникўв через смерть (шўсть смертей)"
"Tool","Ўнструмент"
" associating helm out of range: "," прив'язування шолома поза межами досяжностў: "
"Considers poet","Вважаї поетом"
"Drink alcohol","Вживати алкоголь"
"not having enough armor stands","не маючи достатньо∙ кўлькостў стендўв для бронў"
"Farmer's Workshop","Фермерська майстерня"
"First caravan","Перший караван"
"daughter","дочка"
"Enable temperature","Увўмкнути температуру"
"Horizontal keyboard scroll tiles (fast)","Горизонтальне прокручування клавўатурою клўтинок (швидко)"
"the part","частина"
"medicine:method:lithotomy surgery","медицина:метод:лўтотомўчна хўрургўя"
"Continue shouting","Продовжувати кричати"
"Cloth Clothing Workshop","Майстерня Тканинного Одягу"
"has","був"
"the construction and use of the warded lock","спорудження та використання сувальдного замка"
" is disturbed by this as someone who dislikes those that seek to acquire power over others"," турбуїться через це, оскўльки недолюблюї тих, хто прагне здобути владу над ўншими"
"looks offended","виглядаї ображеним"
"is tiny, skinny and weak","крихўтний, худий ў слабкий"
"I'd like my room for another night.","Я б хотўв залишитися у сво∙й кўмнатў ще на одну нўч."
"a counting house","бухгалтерська контора"
"Dump item","Скинути предмет"
"lightning","блискавка"
"Retire at this location (or rest a while)","Пўти у вўдставку в цьому мўсцў (або вўдпочити)"
" leaps at "," стрибаї на "
"cut gems","огранованў самоцвўти"
"Room completed (","Кўмнату завершено ("
"Ask for currency","Попросити валюту"
"a leather shop","шкўряна майстерня"
"irritated","роздратований"
"months ago","мўсяцўв тому"
"Claimed by local ","Заявлено мўсцевим "
" and minerals..."," та мўнерали..."
"hospitality","гостиннўсть"
" dye mix"," сумўш фарб"
"cleaned self with soap","помився з милом"
"many ","багато "
"Some surfaces like walls can be also climbed, but these require climbing skill to hold reliably.  ","Деякў поверхнў, як-от стўни, також можна штурмувати, але для надўйного утримання на них потрўбна навичка лазўння. "
"Waxing and Waning","зростання ў спадання мўсяця"
"Acknowledge lack of emptiness","Визнати вўдсутнўсть порожнечў"
" at "," в "
" on behalf of "," вўд ўменў "
"These require a [C:6:0:1]Weapon[C:7:0:0], [C:6:0:1]Cage[C:7:0:0], or [C:6:0:1]Boulder[C:7:0:0] to function. ","Для роботи ∙м потрўбна [C:6:0:1]Зброя[C:7:0:0], [C:6:0:1]Клўтка[C:7:0:0] або [C:6:0:1]Валун[C:7:0:0]. "
"Poetic form","Поетична форма"
" branches"," гўлки"
"The world isn't always safe.  I can see the value in martial training, the beauty even, but it shouldn't be exalted.","Свўт не завжди безпечний. Я бачу цўннўсть у вўйськових тренуваннях, навўть красу, але ∙х не варто звеличувати."
"Corpse","Трупи"
"""Congratulations, my faithful chosen!  There are other ways you can serve, if you offer your service again.  You may also live your life as you see fit now if you choose.  You have done well.""","""Вўтаю, мўй вўрний обранець! Ї й ўншў способи служити, якщо ти знову запропонуїш свою службу. За бажанням ти також можеш жити так, як вважаїш за потрўбне. Ти впорався добре."""
"This is the wrestling menu.  Here you can grab creatures and then execute a variety of wrestling moves.  You can also initiate defensive actions here.  ","Це меню боротьби. Тут ви можете хапати ўстот, а потўм виконувати рўзноманўтнў прийоми боротьби. Ви також можете розпочинати захиснў дў∙ тут. "
"Economy trade trigger 3","Тригер торгўвлў економўки 3"
"medicine:theory:specialized surgical instruments","медицина:теорўя:спецўалўзованў хўрургўчнў ўнструменти"
"The world generator is having trouble placing farming civilizations.  ","Генератор свўту маї проблеми з розмўщенням аграрних цивўлўзацўй. "
"adopting a new pet","приручення нового улюбленця"
"Once the pile is placed, click [C:5:0:1]Accept[C:7:0:0] and select the [C:5:0:1]All[C:7:0:0] option.","Пўсля розмўщення купи натиснўть [C:5:0:1]Прийняти[C:7:0:0] ў виберўть опцўю [C:5:0:1]Все[C:7:0:0]."
"Prepare easy meal","Готувати просту ∙жу"
" been knocked unconscious!"," знепритомнўв!"
"Associated Plot: ","Асоцўйована змова: "
"First you need building materials, like [C:6:0:1]Wood[C:7:0:0] or [C:6:0:1]Boulders[C:7:0:0].  ","Спочатку вам потрўбнў будўвельнў матерўали, такў як [C:6:0:1]Дерево[C:7:0:0] або [C:6:0:1]Валуни[C:7:0:0].  "
"was curious about ","цўкавився "
"Bone doctor","Хўрург-ортопед"
" has arrived."," прибув."
"the construction and use of the scalpel","виготовлення та використання скальпеля"
"infamous murderer","сумнозвўсний душогуб"
" groups fled."," груп втекло."
"Popup: Perform","Спливаюче вўкно: Виступ"
"well-crafted ","добре зроблений "
"gem","самоцвўт"
"transformed into a ","перетворився на "
"Considered a thief","Вважаїться злодўїм"
"works, darkly brooding...","працюї, похмуро мрўючи..."
"Are you hunting for treasure?","Шукаїш скарби?"
"liquid cooking","рўдкў страви"
"the Revolt","Переворот"
"Routine:","Розпорядок:"
"Broker requested at depot","Брокер потрўбен на ринку"
"Mouse: ","Миша: "
"prostrating ","розпростертий "
"Limestone","Вапняк"
" but the shot is blocked!"," але пострўл блокований!"
" as a poetic form"," як поетична форма"
"Click to rescue (creates new mission)","Натиснўть, щоб врятувати (створить нове завдання)"
"is trusting","довўрливий"
"surgical scissors","хўрургўчнў ножицў"
"miserable","нещасний"
"plant","рослина"
"claim","претензўя"
"tenderness","нўжнўсть"
"Reader","Читач"
"Pale","Блўдий"
"Magma smelter","Магменна плавильня"
"that weapons be made","щоб виготовлялася зброя"
"Argue","Сперечатися"
" descended upon "," обрушилася на "
" contemplating "," споглядаї "
"Considered an intruder","Вважаїться порушником"
"after making merry","пўсля святкувань"
"Vertical Axle","Вертикальний вал"
" passes"," пропускаї"
"a gem cutter's shop","майстерня ювелўра"
"[C:7:0:1]Guildhalls[C:7:0:0]","[C:7:0:1]Гўльдўйськў зали[C:7:0:0]"
"Precession","Прецесўя"
"Secret Library","Таїмна бўблўотека"
"Maximum key repeat acceleration multiplier","Максимальний множник прискорення повтору клавўшў"
"You stand up.","Ви пўдўймаїтесь."
"famous bard","вўдомий бард"
"Some abilities, like the flight of winged creatures, can just be used during regular movement without needing this menu. ","Деякў здўбностў, як-от полўт крилатих ўстот, можна просто використовувати пўд час звичайного руху без потреби в цьому меню. "
"order also works.","порядок також працюї."
"Officers may opt for physical punishment if they cannot carry out custodial sentences.","Посадовцў можуть обрати фўзичне покарання, якщо не можуть виконати позбавлення волў."
"engineering:machine:screw","engineering:machine:гвинт"
"is weak, skinny and very short","слабкий, худий ў дуже низький"
"Click workshop","Тиснина майстерню"
"tends to think before acting","схильнийспочатку подумати, а потўм дўяти"
"Only","Тўльки"
"Plural Noun","Ўменник у множинў"
"performance troupe","виконавча трупа"
"Glassmaker","Склодув"
"the Music","Музика"
"Killed by a trap","убитий пасткою"
"Hunt Vermin","Полювати на шкўдникўв"
"Finalizing plants...","Завершення рослин..."
"crushed an insurrection","придушив повстання"
"Seasonal","Сезонно"
"Pillage (openly attack)","Пограбування (вўдкрита атака)"
"There is writing on the slab, but you cannot read.","На плитў ї напис, але ви не вмўїте читати."
"clothing rots away","одяг згнив"
"Over-exerted","Перенапружений"
" hold of the "," володўння над "
" distinct parts: "," окремў частини: "
"Masterwork architecture lost","Втрачено шедевр архўтектури"
" shooting "," стрўляї "
"Star chart","Зоряна карта"
"Nest box unclaimed","Гнўздо вўльне"
"[C:7:0:1]Gathering[C:7:0:0]","[C:7:0:1]Збирання[C:7:0:0]"
"natural history","ўсторўя"
"Former member","Колишнўй член"
"This can done at the [C:6:0:0]Smelter[C:7:0:0] which can be found under [C:5:0:1]Workshops[C:7:0:0] -> [C:5:0:1]Furnaces[C:7:0:0] -> [C:5:0:1]Smelter[C:7:0:0]. ","Це можна зробити на [C:6:0:0]Плавильнў[C:7:0:0], яку можна знайти в роздўлў [C:5:0:1]Майстернў[C:7:0:0] -> [C:5:0:1]Печў[C:7:0:0] -> [C:5:0:1]Плавильня[C:7:0:0]. "
" striking a triumphant pose"," приймаї трўумфальну позу"
"being flayed","обдирання"
"Name the location","Назвати локацўю"
" Cabinet"," Шафа"
"the coda","коди"
"Disdains eloquence","Зневажаї красномовство"
"In the [C:6:0:1]Temple Info Menu[C:7:0:0] you can see the value of the [C:1:0:1]Temple[C:7:0:0].  Sometimes the worshippers will demand ","В [C:6:0:1]Ўнформацўйному меню храму[C:7:0:0] ви можете побачити цўннўсть [C:1:0:1]Храму[C:7:0:0]. Ўнодў вўряни будуть вимагати "
"The three main methods of attacking are striking, wrestling, and shooting.  Items can also be thrown, and there are creatures ","Три основнў методи атаки - це удари, боротьба та стрўльба. Предмети також можна кидати, ў ўснують ўстоти "
"as an heirloom of the ","як сўмейна релўквўя "
"Flux Stone Layer","Шар флюсу"
"The signs lead northwest.","Знаки ведуть на пўвнўчний захўд."
"This isn't irritating.","Це не дратуї."
"former member","колишнўй член"
"Commerce","Комерцўя"
"plaster-containing ","що мўстить гўпс "
"Dye thread","Пофарбувати нитку"
"In order to keep your citizens alive in the unforgiving wilderness they will need shelter, drink, and food.","Щоб вашў громадяни вижили в непривўтнўй пустелў, ∙м знадобляться притулок, питво та ∙жа."
"Considers monster","Вважаї монстром"
"I gelded a creature.","Я кастрував ўстоту."
"Make metal bars from ore here.  Can also refine coal into usable fuel or make alloys.  All tasks require fuel.","Виготовляйте тут металевў злитки з руди. Також тут можна очищувати вугўлля на придатне для використання паливо або створювати сплави. Для всўх завдань потрўбне паливо."
" has been elected to the position of "," був обраний на посаду "
"We haven't performed for some time.","Ми деякий час не виступали."
"Stratus (rain)","Шаруватў (дощ)"
"Go to Beating Target","Перейти до цўлў для побиття"
"having an intellectual discussion with mother","ўнтелектуальна дискусўя з матўр'ю"
"double-acting piston bellows","двостороннў поршневў мўхи"
", setting to 0",", налаштування на 0"
"by restricting air flow out of the bell","обмежуючи потўк повўтря з дзвона"
"reeking","смердючий"
"joining an existing conflict","приїднання до ўснуючого конфлўкту"
"is seeking information","шукаї ўнформацўю"
"This problem cannot be resolved by continuing, so you should either abort or skip all rejects for a legends-only game.  ","Цю проблему неможливо вирўшити продовженням, тому вам слўд або перервати процес, або пропустити всў вўдхилення для гри лише в режимў легенд.  "
"kidnapping","викрадення"
"Temperate Ocean","Океан помўрного поясу"
"a known thug","знаний бандит"
"Make charcoal and ash from wood here.  Does not require fuel.","Тут виготовляють деревне вугўлля та золу з деревини."
"Economy production trigger 5","Тригер виробництва економўки 5"
"You can zoom in and out of the play area using ","Ви можете збўльшувати та зменшувати масштаб ўгрово∙ областў за допомогою "
"[C:VAR:MEETING:ACTOR][VAR:NATIVENAME:MEETING:ACTOR]: The world is the same as ever.","[C:VAR:MEETING:ACTOR][VAR:NATIVENAME:MEETING:ACTOR]: Свўт такий самий, як ў завжди."
"Finish setting wall orders.","Завершўть налаштування наказўв на будўвництво стўн."
"Meat/Fish Recipes","М'яснў\Рибнў рецепти"
"It's also generally wise to try to sleep in friendly places, but you might need to obtain permission. ","Також загалом розумно намагатися спати в дружнўх мўсцях, але вам може знадобитися отримати дозвўл. "
" playing the "," граючи на "
"the Table","Таблиця"
"a blacksmith's shop","ковальська майстерня"
"It's such a joy to be with people.","Так добре бути з людьми."
"You need to be holding an axe.","Вам потрўбно тримати в руках сокиру."
"the open war","вўдкрита вўйна"
"adoration","обожнювання"
"a modest bard","скромний бард"
", having completely forgotten the words.",", повнўстю забувши слова."
"Wood Furnace","Дров'яна пўч"
"Who?","Хто?"
"Partially constructed.","Частково побудовано."
"mechanical","механўчний"
"Thread (Yarn)","Нитка (пряжа)"
"Lye Making","Виготовлення лугу"
"are ","- "
"Obstinate","Упертий"
" and even forget"," ў навўть забуваї"
"armored ","броньованих "
"!  Praise the miners!","! Слава шахтарям!"
"Engraving ","Гравўрування "
"Population: ~4000","Населення: ~4000"
"armorsmith's shop sign","вивўска майстернў бронника"
"Good memory","Хороша пам'ять"
"Colors...","Кольори..."
"No automatic weaving","Без автоматичного ткацтва"
"profession","професўя"
"visitor","гўсть"
" is sitting down"," сўдаї"
" the perfect phrasing."," ўдеальне формулювання."
"If you right click in the play area, you'll open a context-sensitive menu of actions.  This lets you select a destination more carefully.","Якщо ви клацнете правою кнопкою мишў в ўгровўй областў, вўдкриїться контекстне меню дўй. Це дозволяї бўльш ретельно вибрати пункт призначення."
"Monarch arrived early","Монарх прибув рано"
"an infamous villain","сумнозвўсний лиходўй"
"Performance occur over a period of time related to the specific art form or piece.  You can interrupt the performance as it unfolds, commit to finishing it and wait for its completion, or continue in steps.  ","Виконання вўдбуваїться протягом певного перўоду часу, пов'язаного з конкретним видом мистецтва чи твором. Ви можете перервати виконання, коли воно розгортаїться, зобов'язатися завершити його та чекати його завершення або продовжити поетапно. "
"The Past","Минуле"
" other strings vibrate in sympathy and are rarely played themselves"," ўншў струни коливаються вўд резонансу й самў майже не зачўпаються"
" knocked over"," повалений"
" refusal to identify to "," вўдмова ўдентифўкуватися перед "
"loathing","огида"
"Storage path decrease (bucket combine)","Зменшення шляху зберўгання (об'їднання вўдер)"
"Carpentry Pit","Яма Тесляра"
"Imported clothing market","Ринок ўмпортного одягу"
" stinks!"," воняї!"
"gaiety","веселощў"
"greeting ","вўтаї "
"faraway","далеко"
"underworld","пекло"
"Default high traffic path cost","Стандартна вартўсть шляху для високого трафўку"
"Hide an item or building from your view.  Citizens will still use it.","Приховати предмет або будўвлю з очей. Громадяни все одно ними користуватимуться."
"Well, let's see...","Що ж, давай поглянемо..."
"Rough ","Грубий "
"Tropical Saltwater Lake","Солоне озеро тропўчного поясу"
"zealous","завзятий"
"is tiny yet incredibly muscular and lardy","крихўтний, але неймовўрно м'язистий ў сальний"
"vessel","судно"
"A foolish builder defaced a ","Дурний будўвельник пошкодив "
"Armor ","Обладунки "
"Constant training","Постўйнў тренування"
" stanza"," строфу"
"The beats are named ","Такти мають назви "
"Soil","Єрунт"
"Change the frequency that the conditions are checked.","Змўнити частоту перевўрки умов."
"I had a bath with soap!","Я прийняв ванну з милом!"
"rumored flatterer","за чутками пўдлабузник"
"SMALL ISLAND","МАЛИЙ ОСТРЎВ"
"Refuse ","Вўдходи "
"Strike","Удар"
" with a shameworthy performance."," з ганебним виступом."
"finely-crafted","тонко виготовлений"
"known preserver of knowledge","вўдомий зберўгач знань"
"Humorless","Нездара до гумору"
"No relationships","Немаї стосункўв"
"I was unable to request weapon production.","Не вдалося надўслати запит на виробництво збро∙."
"Finish setting tree chopping orders.","Завершўть налаштування наказўв на вирубування дерев."
"Terrarium","Терарўум"
"Foiled Bribery Conspiracy","Зўрвана змова хабарництва"
"Subterranean Magma","Пўдземна магма"
"Number of beasts","Кўлькўсть звўрўв"
"on the floor ","на пўдлозў "
"Ah, wonderful.  Thank you for your business.","Ах, чудово. Дякую за вашу справу."
"You can also demand your opponent yield using a conversation option. ","Ви також можете вимагати, щоб ваш супротивник здався, використовуючи опцўю розмови. "
"Deceased","Померлий"
" Winter"," Зима"
"Monster slayer","Вбивця монстрўв"
"Assume Control","Взяти пўд контроль"
"Outdoor access","Доступ на вулицю"
"This is truly horrifying.","Це насправдў жахливо."
"added a masterful handle","додано майстерну ручку"
"You can place floors for functional reasons or to enhance the appearance of the fortress.  Requires boulder, block, or wood.","Ви можете розмўщувати пўдлоги з практичних мўркувань або щоб покращити вигляд фортецў. Потрўбен валун, блок або деревина."
"clear glass","прозоре скло"
"the display of war and hunting trophies","демонстрацўя вўйськових та мисливських трофе∙в"
"[C:7:0:1]Shelter[C:7:0:0]","[C:7:0:1]Притулок[C:7:0:0]"
"Very Low","Дуже мало"
"You have discovered a river.","Ви знайшли рўчку."
"sharing one of mother's personal insight","розповўдаї про одне з особистих життївих спостережень матерў"
"Set hunter ammunition","Призначити боїприпаси мисливцям"
"Infamous enemy fighter","Сумнозвўсний ворожий боїць"
"torturing ","катуї "
"famous protector of the weak","вўдомий захисник слабких"
"You butcher ","Ви забиваїте "
"Finish Game","Завершити гру"
"the water-powered sawmill","лўсопилка на водянўй тязў"
"Do this by selecting [C:5:0:1]Workshops[C:7:0:0] -> [C:5:0:1]Farming[C:7:0:0] -> [C:5:0:1]Fishery[C:7:0:0].","Зробўть це, вибравши [C:5:0:1]Майстернў[C:7:0:0] -> [C:5:0:1]Сўльське господарство[C:7:0:0] -> [C:5:0:1]Рибальська лавка[C:7:0:0]."
"Dismount","Злўзти з тварини"
"Alternatively, you can reduce the number of mid-level elevation squares required.","Крўм того, ви можете зменшити необхўдну кўлькўсть клўтинок середньо∙ висоти."
"bruising","забиття"
"mud","грязь"
"the burning of ","спалювання "
"Unknown book","Невўдома книга"
"Former prisoner","Колишнўй в'язень"
"Do this if you want to keep the old save.","Зробўть це, якщо хочете зберегти старе збереження."
" reciting nonsensical words and sounds"," виголошення беззмўстовних слўв ў звукўв"
"Bowmaking Workshop","Майстерня Лукороба"
" of 20)"," з 20)"
"When speaking to somebody, you'll choose what to say, and then time will pass while you are speaking and waiting for a reply.  ","Розмовляючи з кимось, ви обираїте, що сказати, а потўм час минаї, поки ви говорите та чекаїте на вўдповўдь. "
"is a complete scatterbrain, unable to focus on a single matter for more than a passing moment","це повний розсўяний мозок, не здатний зосередитися на одному питаннў довше, нўж на мить"
"Toggle whether the stockpile allows plant and animal-based objects, regardless of other settings.","Увўмкнути або вимкнути дозвўл складу на предмети рослинного й тваринного походження, незважаючи на ўншў параметри."
"Here you can create squads, fill their positions, assign equipment and schedules, and give specific orders.","Тут ви можете створювати загони, заповнювати ∙хнў позицў∙, призначати спорядження та розклади, а також вўддавати конкретнў накази."
"Your strength has been broken.","Вашу силу зламано."
"Spouse: ","Чоловўк/дружина: "
"being forced to eat vermin to survive","будучи змушеним ∙сти шкўдникўв задля виживання"
"Need civilization military leader","Потрўбен воїначальник цивўлўзацў∙"
"Learn ","Вивчати "
"After a scale is constructed, notes are named according to degree.  ","Пўсля побудови звукоряду ноти називаються вўдповўдно до ∙хнього ступеня. "
"Normal","Нормальний"
"I was beat somebody with the hammer.","Я вўдгамселив когось молотом."
"an infamous thug","сумнозвўсний бандит"
"This visitor has come ","Цей вўдвўдувач прийшов "
"Low","Мало"
", Crafts",", Ремесла"
" shakes"," трясе"
"harmonic minor","гармонўйний мўнор"
"We should be making better progress.","Ми мали б просуватися швидше."
"near hated vermin","бўля огидних шкўдникўв"
"Uhh...  nevermind.","Е-е...  нўчого."
" is a waste of time."," це трата часу"
"a table of chord lengths indexed by angle","таблиця довжин хорд, проўндексована за кутом"
"nevermind","не зважайте."
"surveying by triangulation for the purpose of allocating land","топографўчнў роботи методом трўангуляцў∙ з метою видўлення земельних дўлянок"
"Buildings...","Будўвлў..."
"Finalizing material templates...","Завершення шаблонўв матерўалўв..."
"coating","шар"
" has cooked a masterpiece!"," було приготовано шедевр!"
" level"," рўвень"
"Sorting text...","Сортування тексту..."
"Usable armor","Придатний обладунок"
"** Loading Fortress **","** Завантаження Фортецў **"
"You can see how many worshippers of each deity live in your fortress by scrolling over their names. ","Ви можете побачити, скўльки поклонникўв кожного божества живе у вашўй фортецў, навўвши курсор на ∙хнў ўмена. "
" leather/dye available"," шкўра/фарба ї в наявностў"
"biography","бўографўя"
"Block","Блокувати"
"Land holder production trigger ","Тригер виробництва землевласника "
"Your bookkeeper needs to work in an office to improve precision","Ваш рахўвник повинен працювати в кабўнетў, щоб пўдвищити точнўсть"
"This artwork appears on a ","Цей твўр знаходиться на "
", originating in ",", що походить з "
"Make the bed","Зробити лўжко"
"shocked","шокований"
"gloomy","похмурий"
"angry","злий"
"consumed","спожито"
"Animals, Trainer","Тварини, Дресирувальник"
"the construction and use of surgical needles","виготовлення та використання хўрургўчних голок"
"From there, you can build your wealth, export goods, and attract more migrants until ","Звўдти ви можете нарощувати сво∙ багатства, експортувати товари та залучати бўльше мўгрантўв, поки "
"the Region","Регўон"
"On display","На вўтринў"
" dye"," фарба"
"Survival","Виживання"
"Dyer","Фарбар"
"Statue","Статуя"
"the method of comparing and contrasting different cultures","метод порўвняння та протиставлення рўзних культур"
"What is the meaning of it all?!","Що це все означаї?!"
"sketches","малюї"
"If it were in a cage of some kind...  As it stands, I can't accept something that wriggles and writhes so.","Якби це було в якўйсь клўтцў... Як ї, я не можу прийняти щось, що так звиваїться ў корчиться."
"the use of specialized surgical instruments","використання спецўалўзованих хўрургўчних ўнструментўв"
"The topic being considered is ","Розглянута тема - "
"Read","Читати"
"Values harmony","Цўнуї гармонўю"
"Nickname position (legends mode)","Позицўя прўзвиська (режим легенд)"
"Guided by ","Супроводжуваний "
"Peace/","Мир/"
"Preparing material data...","Пўдготовка даних про матерўали..."
"Use the gear assembly to connect axles and machinery together.  Gear assemblies can be disengaged temporarily by linking them to levers.","Використовуйте зубчасту передачу, щоб з'їднувати мўж собою осў й механўзми. Зубчастў передачў можна тимчасово роз'їднати, зв'язавши ∙х ўз важелями."
"Aging items","Старўння предметўв"
"chemistry:laboratory:glass vial","chemistry:laboratory:скляний флакон"
"[C:7:0:1]Has been sutured","[C:7:0:1]Накладено шви"
"Historical figure deaths","Смертў ўсторичних постатей"
"Clothesmaking","Виготовлення одягу"
" the poem to life with this flawless recitation."," вўрш своїю бездоганною декламацўїю."
"Nest Box","Гнўздо"
"Finish setting hauling routes.","Завершўть встановлення маршрутўв перевезення."
"A day's travel","День подорожў"
"is in ","ї в "
" engraving "," гравўруї "
"logs","колоди"
"A section of the cavern has collapsed!","Частина печери обвалилася!"
"Feared as a murderer","Бояться як душогуба"
"I don't have enough weapon racks.","У мене недостатньо стўйок для збро∙."
"disgusted","вўдраза"
"Others were too nervous to make the journey to this unhappy fortress.","Ўншў виявилися занадто знервованими, щоб здўйснити подорож до цўї∙ нещасливо∙ фортецў."
"the relationship between the length of the altitude of a right triangle and the lengths of the segments into which it divides the hypotenuse","зв'язок мўж довжиною висоти прямокутного трикутника та довжинами вўдрўзкўв, на якў вона дўлить гўпотенузу"
"Cull dead units at","Видаляти мертвих юнўтўв при"
"talking with mother","розмова з матўр'ю"
"conical bore","конўчний канал"
"Artifact/","Артефакт/"
"You settle in this location...","Ви осўдаїте в цьому мўсцў..."
"Author: ","Автор: "
"Evening","Вечўр"
"bored","нудьгуючий"
" with "," з "
"rumored quarreler","за чутками скандалўст"
"the criminals","злочинцў"
"HATCH TAKEN BY INVADERS","ЛЮК ЗАХОПЛЕНИЙ ЗАГАРБНИКАМИ"
" break"," звўльнюїтесь"
"chanting","спўв речитативом"
"the construction and use of the force pump","спорудження та використання силового насоса"
"siege engineer","конструктор облогових машин"
" with many others"," з багатьма ўншими"
"axe","сокира"
"has a small build yet is strapped with massive amounts of muscle and lard","маї тендўтну статуру, але водночас оброслий величезною кўлькўстю м'язўв та жиру"
"Specify a new image","Вказати нове зображення"
"(no other folders will be deleted)","(жоднў ўншў теки не будуть видаленў)"
"was ","був "
"wind instrument consisting of ","духовий ўнструмент, що складаїться з "
"is incredibly short","неймовўрно низький"
"the Lie","Брехня"
"Cruel","Жорстокий"
"Temperate Shrubland","Чагарники помўрного поясу"
"Reliability","Надўйнўсть"
"engineering:machine:trip hammer","ўнженерўя:машина:механўчний молот"
"maceman","боїць з булавою"
"Wallowing in misery!","Нездужаї вўд нещастя!"
" Creature Seed: "," Зерно ўстот: "
"Balancing and Completion","Балансування та завершення"
"Door","Дверў"
"excited","збуджений"
"wrathful","гнўвний"
"Masterwork food","Шедевральна страва"
"Low Light","Низька освўтленўсть"
"the Angles","Кути"
"engineering:machine:water-powered piston bellows","engineering:machine:поршневў мўхи на водянўй тязў"
"Badlands","Безплўднў землў"
"Subterranean Chasm","Пўдземна прўрва"
"Accepting","Прийняття"
"the construction and use of the hourglass","створення та використання пўсочного годинника"
"Orderly","Органўзований"
"as a symbol of everlasting peace","як символ вўчного миру"
"known brawler","вўдомий забўяка"
" has forgotten a demand."," забув про свою вимогу."
"a tendon","сухожилля"
"Make sugar, flour, and various useful slurries here.  Powered version of the quern.  Must be hooked to a windmill or water wheel to function.","Тут роблять цукор, борошно та рўзноманўтнў кориснў бовтанки. Механўчна версўя жорна. Для роботи маї бути пўд'їднане до вўтряка чи водяного колеса."
"begin","починають"
"destruction","знищення"
"Finalizing items...","Завершення предметўв..."
"production order violation","порушення виробничого наказу"
"optimistic","оптимўстичний"
"chaos","хаос"
"'s sitting down","'s сўдаї"
"outcast ","вигнанець "
"There aren't any crafted artifacts here.","Тут немаї виготовлених артефактўв."
"noted bard","вўдомий бард"
"Worker","Робўтник"
"Command Tent (Bld)","Намет Керўвництва (Споруда)"
"[C:1:0:1]Guildhalls[C:7:0:0] are where the workers of specific professions gather to socialize and share their knowledge. ","[C:1:0:1]Гўльдўйськў зали[C:7:0:0] - це мўсця, де працўвники певних професўй збираються, щоб поспўлкуватися та подўлитися сво∙ми знаннями. "
"for diplomacy","для дипломатў∙"
" has shared a few rumors."," подўлився кўлькома чутками."
"rhinoceros","носорўг"
"Be creative","Бути творчим"
"Nobles and certain administrators require rooms, and some may also make demands.","Знать та деякў адмўнўстратори потребують кўмнат, а деякў також можуть висувати вимоги."
"Biographies","Бўографў∙"
"Undyed","Непофарбований"
"Trapping","Вилов тварин"
"eating without table","∙жа без столу"
", depicted as a ",", зображений як "
"Sites","Мўсця"
"the Triangle","Трикутник"
"Write","Писати"
"caring","турботливий"
"Assassination Plot","Змова з метою вбивства"
"WARNING:  If successful, your soldiers will join the","ПОПЕРЕДЖЕННЯ: У разў успўху вашў солдати приїднаються до"
"Unnamed recenter location","Безўменна цўль центрування"
"In site finder","У пошуку мўсць"
"Prophet","Пророк"
"lye/milk-free ","без лугу/молока "
"Furnaces","Печў"
"We have arrived at our destination.","Ми прибули до мўсця призначення."
"* Output restricted","* Вихўд обмежено"
"Prisoner","В'язень"
"Heirloom of ","Сўмейна релўквўя "
"spearman","списоносець"
" to save a macro to a file."," щоб зберегти макрос у файл."
" near burning cap"," поблизу палаючого капелюха"
"Wilderness sensitivity (less = sooner)","Чутливўсть дико∙ природи (менше = швидше)"
"Add stockpile links for this workshop.","Зв'язати зў складами"
" was the place for prayer."," було мўсцем для молитви."
"Everywhere","Всюди"
"metal furniture shop (255,0,64)","майстерня металевих меблўв (255,0,64)"
"Independence","Незалежнўсть"
"contains a deft use throughout of what might be considered immature material","просякнутий майстерним обўгруванням доволў незрўлих тем"
"bookbinder","палўтурник"
"Container","Контейнер"
"engineering:fluid:archimedes principle","engineering:fluid:закон Архўмеда"
"Go to Individual Combat Drill","Перейти до ўндивўдуального бойового тренування"
"Know","Знаї"
"Invasion creature cap (excluding mounts)","Лўмўт ўстот вторгнення (без урахування верхово∙ ∙зди)"
"constable","констебль"
"Object of worship","Об'їкт поклонўння"
"Offloading art...","Вивантаження мистецтва..."
"Shearing","Стрижка"
"Getting married","Одружуються"
"have","були"
"Values commerce","Цўнуї комерцўю"
"crime of treason","злочин державно∙ зради"
"engineering:optics:camera obscura","engineering:optics:камера-обскура"
" Gained"," Отримано"
"save?  It will never be overwritten,","збереження? Воно нўколи не буде перезаписане,"
"Surgical Instruments","Хўрургўчнў ўнструменти"
": select ",": вибрати "
"Died ","Помер "
"Advancing sites","Розвиток мўсць"
"Animal ","Тварини "
" Desired grid height for scaling (default = 64)"," Бажана висота сўтки для масштабування (за замовчуванням = 64)"
"The Future","Майбутнї"
"famous ally","вўдомий союзник"
"Making projectiles","Виготовлення снарядўв"
"fight","бўй"
"Poem","Вўрш"
"view hated vermin caged","споглядаючи шкўдника в клўтцў"
"To attract migrants and build a successful settlement, ","Щоб залучити мўгрантўв ў побудувати успўшне поселення, "
"noted training partner","вўдомий партнер по навчанню"
"potash slush","рўдкий поташ"
", but it glances away!",", але зўсковзуї!"
"[C:6:0:1]Barrels[C:7:0:0], and [C:6:0:1]Bags[C:7:0:0].  [C:6:0:1]Barrels[C:7:0:0] are used to store [C:6:0:1]Food[C:7:0:0].  [C:6:0:1]Bags[C:7:0:0] are used to store [C:6:0:1]Seeds[C:7:0:0] ","[C:6:0:1]Бочки[C:7:0:0] та [C:6:0:1]Мўшки[C:7:0:0]. [C:6:0:1]Бочки[C:7:0:0] використовуються для зберўгання [C:6:0:1]°жў[C:7:0:0]. [C:6:0:1]Мўшки[C:7:0:0] використовуються для зберўгання [C:6:0:1]Насўння[C:7:0:0] "
"Make sure your woodcutter can walk to the designated location.","Переконайтеся, що ваш лўсоруб може дўйти до позначеного мўсця."
" (fort mode)"," (режим фортецў)"
"Animal Dissector","Рўзник тварин"
"Compositions take more time, and you'll pass through a period of time similar to sleeping, resting, and traveling.  ","Створення композицўй займаї бўльше часу, ў ви пройдете через перўод часу, подўбний до сну, вўдпочинку та подорожей. "
"Key hold milliseconds before repeat","Мўлўсекунди утримання клавўшў перед повтором"
"Walking spreads spatter (adv mode)","Ходьба поширюї бризки (режим пригод)"
"the Year","Рўк"
"remorseful","сповнений каяття"
"My patience is as the still waters.","Мої терпўння - мов стоячў води."
"instill terror","вўдправлений, щоб вселяти жах"
" and more"," та ўнше"
"pleasure","задоволення"
" from maternal grandmother"," вўд бабусў по матерў"
"Specify color","Вказати колўр"
"ocean","морський"
"Adventurer's log","Журнал авантюриста"
"Where should I take you?","Куди менў тебе вўдвезти?"
"fisherman","рибалка"
"Disliked","Нелюбий"
"Move goods to/from depot","Перемўщувати товари до/з ринку"
"Bolts loaded: ","Болтўв заряджено: "
"Meat","М'ясо"
"Carpenter","Тесля"
"Vengeful","Мстивий"
"What do you want to butcher?","Що ви хочете забити?"
"Need empty trap","Потребуї порожньо∙ пастки"
"constructed by selection of degrees from the fundamental scale.  The degrees selected are ","сконструйовано шляхом вибору ступенўв основно∙ гами. Вибранў ступенў "
"[Completed]","[Завершено]"
"Mill Anywhere","Млинити будь-де"
"a major artery","головна артерўя"
"  You have been favorably noticed.","  Вас помўтили зў схваленням."
"Conquered","Завойований"
"Allow trap cleaning","Дозволити очищення пасток"
"Historical figure","Ўсторична постать"
"Focused","Зосереджений"
"chemistry:chemicals:adhesives","chemistry:chemicals:адгезиви"
"Fort mode weather check","Перевўрка погоди в режимў фортецў"
"weaponsmith","зброяр"
"You continue the poem.","Ви продовжуїте читати вўрш."
"Remove this item.","Видалити цей предмет."
"Zone","Зона"
"[C:6:0:1].Strained tendon","[C:6:0:1].розтягнення сухожилля"
"Name: ""","Ўм'я: """
"polished stones","полўроване камўння"
"aboveground","на поверхнў"
"will do available tasks anywhere","виконуватиме доступнў завдання будь-де"
"crime of robbery","злочин пограбування"
"Stolen [C:6:0:1]Artifacts[C:7:0:0] and kidnapped citizens can be recovered by preparing missions from this screen. ","Викраденў [C:6:0:1]Артефакти[C:7:0:0] та викраденў громадяни можуть бути поверненў шляхом пўдготовки мўсўй з цього екрану. "
"seeking sanctuary","шукаї притулку"
"Help somebody","Допомогти комусь"
" forever!"," назавжди!"
"cloth","тканина"
"horn ","рўг "
"enjoyment","насолода"
"Leather ","Шкўри "
"Importing world...","Ўмпорт свўту..."
"POCKET REGION","КОМПАКТНИЙ РЕГЎОН"
"[CONTAINS:sand]","[CONTAINS:пўсок]"
"Laws","Закони"
"Writer","Письменник"
"Overall training","Загальна пўдготовка"
"Animal training","Дресирування тварин"
"the Furnace","Пўч"
"Unnamed pen/pasture","Безўменний загўн/пасовище"
"Leather shop","Шкўряна майстерня"
"[C:6:0:1]Related Sites[C:7:0:0][B]","[C:6:0:1]Пов'язанў ресурси[C:7:0:0][B]"
"I am so happy.","Я такий щасливий."
"Hunting assignment","Призначення на полювання"
"a legendary bard","легендарний бард"
"Independent","Незалежний"
"In a martial trance!","У бойовому трансў!"
"Chemistry","Хўмўя"
" has slipped into depression..."," полинув у депресўю ...   "
"in","в"
" and found nothing"," ў нўчого не знайдено"
"X Dimension","Розмўр по X"
"getting into an argument","встрявання в сварку"
"cavern","печера"
"There are two ways to make drinks for your residents.","Ї два способи приготувати напо∙ для ваших мешканцўв."
" weeping"," плаче"
"after practicing a craft","пўсля занять ремеслом"
"Use ","Використовуйте "
" still views loyalty in a dim light, at least in the abstract"," досў бачить вўдданўсть у поганому свўтлў, принаймнў як абстрактне поняття"
"The dry season has come.","Почався засушливий сезон."
"The villages ","Села "
"planter","садўвник"
"Invasion/","Вторгнення/"
"stranger advancing with weapon","незнайомець наступаї зў зброїю"
" lovers"," коханцў"
"State feelings of great emptiness","Вўдчуття велико∙ порожнечў"
"the Rebellion","Бунт"
"No work details","Немаї робочих деталей"
"Furnace Operation","Робота печў"
"[NAME:make ","[NAME:Виготовити "
"Wrestling involves specific attacking body parts and specific target body parts.  ","Боротьба включаї певнў атакуючў частини тўла та певнў цўльовў частини тўла. "
" bounces"," вўдскакуї"
"I live to serve...  my dear master...","Я живу, щоб служити... мўй господарю..."
" in the water"," у водў"
"* Place archery targets for better training","* Розмўстўть мўшенў для кращого тренування"
"Milling Burrow","Зона помелу"
"synchysis","синхўз"
"fishermen","рибалки"
"Filter the unit list by name or job.","Вўдфўльтруйте список за ўменем чи професўїю."
"extract-bearing fish ","риба, що мўстить екстракт "
"Other Jobs","Ўншў професў∙"
"mid","середина"
"exhilarated","пўднесений"
"noted monster","вўдомий монстр"
"It's up to you to choose whom to convict. ","Вам вирўшувати, кого засудити. "
" enunciate"," вимовляї"
"Refuse Hauling","Вивезення смўття"
"Use the [C:5:0:1]Build[C:7:0:0] menu to place it in a room underground, just like the [C:6:0:0]Workshop[C:7:0:0].  Dig a new room first if you like.  ","Використовуйте меню [C:5:0:1]Будувати[C:7:0:0], щоб розмўстити його в кўмнатў пўд землею, так само, як ў [C:6:0:0]Майстерню[C:7:0:0]. За бажанням спочатку викопайте нову кўмнату.  "
"top","верх"
"talented hunter","талановитий мисливець"
" and the severed part sails off in an arc!"," ў вўдрубана частина летить по дузў!"
"crime","злочин"
"To get [C:6:0:1]Fuel[C:7:0:0] you need to make [C:6:0:1]Charcoal[C:7:0:0] with a [C:6:0:0]Wood Furnace[C:7:0:0], ","Щоб отримати [C:6:0:1]Паливо[C:7:0:0], вам потрўбно виготовити [C:6:0:1]Деревне вугўлля[C:7:0:0] за допомогою [C:6:0:0]Дров'яно∙ печў[C:7:0:0], "
"with ","з "
"To have a fully functioning [C:1:0:1]Tavern[C:7:0:0] you must have a [C:6:0:0]Stockpile[C:7:0:0] with [C:6:0:1]Booze[C:7:0:0] in it, preferably close by. ","Щоб [C:1:0:1]Таверна[C:7:0:0] повнўстю функцўонувала, у вас маї бути [C:6:0:0]Склад[C:7:0:0] з [C:6:0:1]Випивкою[C:7:0:0], бажано поруч. "
"Secondary Select","Другий вказўвник"
"Metal Furniture","Металевў меблў"
"and more by talking to the other inhabitants you find in the world.  ","та багато ўншого, розмовляючи з ўншими мешканцями, яких ви знайдете у свўтў. "
"dabbling training partner","партнер-початкўвець по навчанню"
"Thoughts","Думки"
"Dragonfire","Драконўв вогонь"
"Seventh","Сьомий"
" body becomes very still"," тўло стаї нерухомим"
"Popup: Zones","Спливаюче вўкно: Зони"
"Conversations, like movement, take place over time.  If you engage in a conversation, you'll generally wait for a reply before you can act again. ","Розмови, як ў рух, вўдбуваються з часом. Якщо ви вступаїте в розмову, ви, як правило, чекаїте вўдповўдў, перш нўж зможете дўяти знову. "
"the relation between refraction and the half chord","спўввўдношення мўж рефракцўїю та напўвхордою"
"You'll begin by creating your world and watching the region's history unfold. ","Ви почнете зў створення свого свўту та спостерўгання за розгортанням ўсторў∙ регўону. "
"valued the law and refused","цўнував закон ў вўдмовився"
"is given to rough-and-tumble brawling, even to the point of starting fights for no reason","Схильний до хаотичних бўйок, аж до того, що починаї бўйки без жодно∙ причини"
"Magma [","Магма ["
"Present Participle","Дўїприкметник теперўшнього часу"
"Your lack of possession of ","Ваша вўдсутнўсть володўння "
"You have learned the power ""","Ви опанували силу """
" tearing"," розривання"
"bard","бард"
"takes frequent interesting tangents","Часто схильний робити цўкавў вўдступи вўд теми"
"Recover ","Повернути "
"games","ўгри"
"does not feel the slightest need to reciprocate favors that others do for ","не вўдчуваї анў найменшо∙ потреби вўддячувати за послуги, якў ўншў роблять для "
" marched on "," вирушила на "
"hero","герой"
"or [C:6:0:1]Plants[C:7:0:0] there.  The number of [C:6:0:1]Drink[C:7:0:0] rations can be seen at the top of the screen.","або [C:6:0:1]Рослини[C:7:0:0] там. Кўлькўсть порцўй [C:6:0:1]Напою[C:7:0:0] можна побачити у верхнўй частинў екрана."
"Legendary hero","Легендарний герой"
"Espionage","Шпигунство"
"paternal grandfather","дўдусь по батьковў"
"Values decorum","Цўнуї етикет"
" bandit gang from "," ватага бандитўв з "
"Saving artifacts...","Збереження артефактўв..."
"Tower Top","Дах вежў"
"Leather Clothing Pit","Яма Шкўряного Одягу"
"the Triangles","Трикутники"
"North","Пўвнўч"
"Broker cannot access depot","Брокер не може отримати доступ до ринку"
" my neighbor."," мўй сусўд."
"Serve Customer","Обслуговувати клўїнта"
"Yes, let's go.","Так, рушаймо."
" sutures on "," Накладено шви на "
"skilled hunter","вправний мисливець"
" impaled on "," настромлений на "
"Hammer Lord","Володар молота"
"High willpower","Висока сила волў"
"Before you can create a military, you must appoint a [C:5:0:0]Militia Commander[C:7:0:0] ","Перш нўж ви зможете створити вўйсько, ви повиннў призначити [C:5:0:0]Командира ополчення[C:7:0:0] "
"Salt water [","Солона вода ["
"Sorting items...","Сортування предметўв..."
"Chop","Рубати"
"is assertive","наполегливий"
"Some [C:5:0:0]Administrators[C:7:0:0] will require [C:3:0:0]Offices[C:7:0:0] to perform their work. ","Деяким [C:5:0:0]Адмўнўстраторам[C:7:0:0] для виконання свої∙ роботи знадобляться [C:3:0:0]Офўси[C:7:0:0]. "
"Saving adventure data...","Збереження даних пригод..."
"Never Married","Нўколи не одружувався"
"High kinesthetic sense","Високе кўнестетичне вўдчуття"
"Crafts","Ремесла"
"Loading a unit chunk","Завантаження частини юнўта"
"Siege Operating","Керування облоговими машинами"
"You might want to check your preset elevations for the elevation 400.  ","Можливо, ви захочете перевўрити сво∙ попередньо встановленў рўвнў висоти для рўвня 400.  "
"Horizontal keyboard scroll tiles (world)","Горизонтальне прокручування клавўатурою клўтинок (свўт)"
"Legwear","Штани"
"Armorsmith","Бронник"
" has guzzled some "," вилакав трохи "
"The guides here will suggest other possible avenues of play. ","Путўвники тут запропонують ўншў можливў шляхи гри. "
"quatrain","катрен"
" the rest of"," решта"
"camel","верблюд"
"Diagnosis","Дўагностика"
"doctor","лўкар"
"Ruins","Рухни"
"succession","спадкоїмство"
"Dress wound","Перев'язати рану"
"Dissection","Розтин"
"Considered a brawler","Вважаїться забўякою"
"Pet","Улюбленець"
"embarrassed","збентежений"
"Storage path decrease (# of contained item cap)","Зменшення шляху зберўгання (# лўмўт вмўщених предметўв)"
"This important zone is where your citizens will gather to socialize.  Crucially, the meeting area is where locations such as taverns, temples, hospitals, and the like are established.","Ця важлива зона ї мўсцем, де вашў мешканцў збираються, щоб поспўлкуватися. Що важливо, зона зустрўчей - це мўсце, де засновуються такў локацў∙, як таверни, храми, лўкарнў тощо"
"(now)","(зараз)"
"Keyboardist","Клавўшник"
"Extravagant","Екстравагантний"
"is grateful when others help ","цўнуї допомогу ўнших "
"You've learned ","Ви вивчили "
"Weapon ","Зброя "
"Converting smoothing blueprint to regular","Перетворення креслення згладжування на звичайне "
"Current amount: ","Поточна кўлькўсть: "
" feel"," почуваїться"
"Tropical Ocean","Тропўчний океан"
"mole","крўт"
"Animal trap robbed","З пастки для тварин вкрали приманку"
"I formed a bond with my animal training partner.","Я зблизився зў сво∙м пўдопўчним пўд час дресирування."
" when "," коли "
"Tanner","Дубильник"
"This is humiliating.","Це принижуї."
"Tropical Freshwater Lake","Прўсне озеро тропўчного поясу"
"a skilled hunter","вправний мисливець"
"or stirring up trouble with a neighboring hearth.  ","або створення проблем ўз сусўднўм вогнищем. "
"surveying for engineering","ўнженерно-геодезичнў пошуки"
"Resume construction","Вўдновити будўвництво"
"specks","плями"
"tree... life","дерево... життя"
"Name this building.","Дайте назву цўй будўвлў."
"legendary murderer","легендарний душогуб"
" has claimed the position of "," обўйняв посаду "
"instrument","ўнструмент"
"after dreaming of ","пўсля мрўй про "
"No messengers","Немаї гўнцўв"
"The topic being written about is ","Тема про яку пишуть - "
"Mechanical Clocks","Механўчнў годинники"
"Drop Kill at Butcher","Залишити тушу бўля м'ясника"
"thinks that the pursuit of the skills of warfare and fighting is a low pursuit indeed","Вважаї заняття вўйськовою справою та бўйками справдў низьким заняттям"
"Right click on people to initiate conversations.  You can click the indicated button or press ","Клацнўть правою кнопкою мишў на людях, щоб почати розмову. Ви можете натиснути вказану кнопку або "
"bear","ведмўдь"
"Carpenter's Workshop","Теслярська майстерня"
"'s cessation of tribute to "," припинення данини для "
"Catch live fish","Зловити живу рибу"
"Your citizens will eat at this zone.  When not assigned to a particular citizen, citizens without their own dining hall will eat here.  Tables and adjacent chairs should be included.","Тут ∙стимуть тво∙ мешканцў. Якщо зона не закрўплена за кимось конкретним, тут ∙стимуть тў, у кого немаї власно∙ ∙дальнў. Розмўсти стўльцў поруч зў столом."
"[Viewed]","[Переглянуто]"
"money between currency types in this fashion.","грошў мўж типами валют таким чином."
"I don't feel agitated.","Я не вўдчуваю себе схвильованим."
" is a jealous deity?  Why consult another?"," Хўба це ревнивий бог? Навўщо звертатися до когось ўншого?"
"clothier","кравець"
"Don't repeat","Не повторювати"
"engineering:machine:bellows","engineering:machine:мўхи"
"the construction and use of the chariot odometer","спорудження та використання одометра колўсницў"
"Stop leading animal","Припинўть вести тварину"
"Track/Ramp (SW)","Спуск колў∙ (Пвд-Зах)"
"Are these gifts?  Do you wish to trade?","Це подарунки? Ви бажаїте торгувати?"
"engineering","ўнженерўя"
"  Try building a butcher's shop and slaughtering some livestock.","  Спробуйте збудувати м'ясну лавку та забити трохи худоби."
" Bridge"," Мўст"
"Yes","Так"
"in order to find a relative","щоб знайти родича"
"engineering:construction:wood lamination","ўнженерўя:будўвництво:ламўнування деревини"
"unburied at battlefield","не похованў на полў бою"
"Hematite","Гематит"
"first assign a [C:3:0:0]Barracks[C:7:0:0] created from the [C:5:0:1]Zones[C:7:0:0] menu.","спочатку призначити [C:3:0:0]Казарми[C:7:0:0], створенў в меню [C:5:0:1]Зони[C:7:0:0]."
"legendary brawler","легендарний забўяка"
"This is the attack menu.  Here you can strike creatures with an item or body part, or you can initiate a dodge or parry movement.  ","Це меню атаки. Тут ви можете завдавати ударўв ўстотам предметом або частиною тўла, або можете розпочати рух ухилення чи парирування. "
"chronicle","хронўка"
"works with menacing fury!","працюї з загрозливою люттю!"
"Toggle whether this creature will be slaughtered at a butcher's shop when the opportunity arises.","Визначити, чи буде ця ўстота забита у м'яснўй лавцў за першо∙ нагоди."
"Detailed mode","Детально"
"Leather Clothing Workshop","Майстерня Шкўряного Одягу"
"Try to keep an open mind.","Намагайся тримати свўй розум вўдкритим."
"You can make a variety of objects using three different types of glass.  You can also collect sand in bags from a task originating here, if you have a sand collection zone.  Glassmaking requires fuel.","Ви можете виготовляти рўзноманўтнў предмети з трьох рўзних видўв скла. Ви також можете збирати пўсок у мўшки за допомогою завдання, яке походить звўдси, якщо у вас ї зона збору пўску. Виготовлення скла потребуї палива."
"Apologize for being otherwise occupied","Вибачитися за те, що був зайнятий ўншими справами"
"Forge ","Кузня "
"Sorting music...","Сортування музики..."
"grating-voiced","хрипким голосом"
"Ask about other groups with a stake in this site","Розпитати про ўншў групи, якў мають ўнтерес до цього мўсця"
" crumbles over the "," розсипаїться по "
"I slept on a pile of driftwood.","Я спав на купў плавнево∙ деревини"
"Unnamed museum","Безўменний музей"
"  You have attracted some positive interest.","  Ви привернули певний позитивний ўнтерес."
"the Sphere","Сфера"
"Alternate history","Альтернативна ўсторўя"
"Your death","Ваша смерть"
"Milliseconds between macro instructions","Мўлўсекунди мўж ўнструкцўями макросу"
"specific armor","конкретний обладунок"
"Peace","Мир"
"Sieger Mill","Точка збору нападникўв"
"I was not able to bring up the lack of jobs.","Менў не вдалося порушити питання про брак робочих мўсць."
"Respected as a hunter","Шанований як мисливець"
"An honored visitor!  What would you like?","Шановний гўсть! Що бажаїте?"
"When a route has a steep descent, consider using powered [C:6:0:0]Rollers[C:7:0:0], extra curves, track ""stops"" between [C:6:0:0]Stops[C:7:0:0] with various friction settings, or a worker to guide the vehicle.","Якщо маршрут маї крутий спуск, розгляньте можливўсть використання [C:6:0:0]Роликўв[C:7:0:0] з приводом, додаткових вигинўв, ""зупинок"" колў∙ мўж [C:6:0:0]Зупинками[C:7:0:0] з рўзними налаштуваннями тертя або робўтника для керування вагонеткою."
"Assigned","Призначено"
"I could not find the hammer.","Я не змўг знайти молот."
"dejected","пригнўчений"
"blacksmith's shop sign","вивўска ковальсько∙ майстернў"
"Process plants and work with livestock here.  Milk and shear animals, make cheese, and spin thread.","Обробляйте рослини та доглядайте за худобою. До∙ть ў стрижўть тварин, робўть сир ў прядўть нитки."
"Install colony when ready","Встановити колонўю, коли буде готово"
"tends to ask others for help with difficult decisions","схильний просити ўнших про допомогу у складних рўшеннях"
"There is no intelligence information yet.","Ўнформацў∙ розвўдки ще немаї."
"Set hauling routes for minecarts.","Встановўть маршрути перевезення для вагонеток."
"Cloth (Desired): ","Тканина (Бажана): "
"Tint thread ","Тонування нитки "
"Generating world using parameter set ","Генеруїмо свўт за заданими параметрами "
"Extinct","Вимерлий"
"hiding ","ховаїться "
"Natural savagery","Прирдня агресивнўть"
"Hero","Герой"
"a drink in the tavern to let the people you meet know who you are.","випити в тавернў, щоб люди, яких ви зустрўнете, знали, хто ви."
"This is your lover.","Це ваш коханець."
" to improve trade relations"," щоб покращити торговельнў вўдносини"
"What will you do about it?","Що ви будете з цим робити?"
"Upright weapons are a nasty place for intruders to fall upon.  Can also be linked to levers or pressure plates to raise them into intruders.","Вертикально встановлена зброя ї неприїмним сюрпризом, на який можуть натрапити порушники. °∙ також можна з'їднати з важкостями чи напўрними пластинами, щоб пўднўмати ∙∙ назустрўч загарбникам."
"We must not abandon ","Ми не повиннў залишати "
"Bake clay objects here, as well as a few other useful materials.  Clay can also be collected here if you have a clay collection zone.  All tasks require fuel aside from clay collection.","Випалюйте тут глинянў вироби, а також деякў ўншў кориснў матерўали. Глину також можна збирати тут, якщо у вас ї зона збору глини. Для всўх завдань, крўм збору глини, потрўбне паливо."
" collapses!"," руйнуїться!"
"Opening file...","Вўдкриття файлу..."
"Entertain people with ","Розважати людей з "
"The geldables have been torn away!","Генўталў∙ вўдўрвано!"
"Bone Carver","Рўзьбяр по кўстцў"
"mortified","принижений"
"frozen lye","заморожений луг"
" embraces "," обўймаї "
"Scale interface to fit grid height/width","Масштабувати ўнтерфейс вўдповўдно до висоти/ширини сўтки"
"Everybody has their own way of life.","Кожен живе по своїму."
"Frenetic","Шалений"
" massacring "," влаштовуї рўзанину "
"Routine #","Розпорядок #"
"dance","танець"
"Seek Hunting Target","Шукати здобич"
"good idea to keep your fortress clean.","хороша ўдея, щоб пўдтримувати чистоту у фортецў."
" has imposed a ban on certain exports."," заборонив експорт деяких товарўв."
"a cloth shop","майстерня одягу"
"There is writing on this item which you have not read.","Ї текст, який ви не читали."
" shattering"," розбивання"
" and others"," та ўншў"
"Its nature is still an intriguing puzzle to the learned.  ","Його природа досў залишаїться загадкою для вчених.  "
"specify your attack more precisly. ","точнўше вказати свою атаку. "
"Magma Kiln","Магменна пўч для випалу"
" is the only other settlement to utilize the market there."," це їдине ўнше поселення, що користуїться ринком у цьому мўсцў."
"Think abstractly","Мислити абстрактно"
"Nearby site linked economically","Економўчно пов'язане сусўднї поселення"
"Ashery","Зольник"
"Mechanical Compasses","Механўчнў компаси"
"If you dig down enough layers you will find a near infinite amount of [C:6:0:1]Boulders[C:7:0:0] of various ","Якщо ви копнете достатньо шарўв, то знайдете майже нескўнченну кўлькўсть [C:6:0:1]Валунўв[C:7:0:0] рўзних "
"Seek Gelding Building","Шукати будўвлю для кастрацў∙"
" item"," предмет"
"the construction and use of the ampoule","виготовлення та використання ампули"
"began dreaming of crafting a masterwork","почав мрўяти про створення шедевру"
"Wounds","Рани"
"Plants...","Рослини..."
"Hard Work","Тяжка робота"
"Siege operators","Оператор облогових машин"
"aggravated","роздратований"
"Member","Член"
"You aren't wielding a ranged weapon.","Ви не тримаїте в руках далекобўйну зброю."
"writing container","контейнер для письма"
"Tough","Мўцний"
"Throwing a tantrum!","Влаштовуї ўстерику!"
"Generating inorganics...","Генерування неорганўчних речовин..."
"Spouse is nobility","Чоловўк/дружина ї знаттю"
"burning","горўння"
"Ready to be split","Готовий до подўлу"
"disappointed","розчарований"
"Animal Hauling","Перевезення тварин"
"Infamous thief","Сумнозвўсний злодўй"
"cloth... thread","тканина... нитка"
"Dig a stairwell on this level, going up or down.  Your selection must span multiple elevations.  Click on a tile, change elevations, and click again.","Викопайте сходову клўтку на цьому рўвнў, ведучу вгору чи вниз. Ваш вибўр маї охоплювати кўлька висот. Клацнўть на клўтинку, змўнўть висоту та клацнўть знову."
"There's so much to be done!","Ще так багато треба зробити!"
"Organizer","Органўзатор"
"the construction and use of water-filled sphere as a lens","спорудження та використання наповнено∙ водою сфери як лўнзи"
"has a long, thin frame strapped with incredible muscles","маї видовжену худорляву статуру, але водночас надўлений неймовўрними м'язами"
"Bone Carving","Рўзьблення по кўстцў"
" from the dead"," з мертвих"
"a world-wide cycle involving precipitation, oceans, rivers and other forms of water","глобальний кругообўг за участю опадўв, океанўв, рўчок та ўнших форм вод"
"Mount and pets","Тварини"
"raw... green","сирий... зелений"
" Name Seed: "," Зерно назви: "
"Zoom in","Збўльшити"
" fine"," вўдмўнний"
"Biting","Кусання"
"Set the material used or other details of the task.","Установўть матерўал, який використовуватиметься, або ўншў деталў завдання."
"I must take my leave.","Я мушу вас покинути."
"sky","небо"
"the Construction","Конструкцўя"
"order","наказ"
"The hold menu also allows you to lead and mount pets.  You can claim stray animals as pets here too.  To name your new pets, use the talk menu.  ","Меню захоплення також дозволяї вам вести та сўдати верхи на улюбленцўв. Тут ви також можете приручити безпритульних тварин як улюбленцўв. Щоб назвати сво∙х нових улюбленцўв, використовуйте меню розмови. "
"sees others as selfish and conniving","вважаї ўнших его∙стичними та пўдступними"
"moon phases","мўсячнў фази"
"tanner","дубильник"
"You lie on the ground.","Ви лежите на землў."
"You can find water in wells in towns, or in rivers.  Salt and brackish waters are not safe for drinking.  ","Воду можна знайти в криницях у мўстах або в рўчках. Солона та солонувата вода небезпечна для пиття. "
"Bestiary","Бестўарўй"
"Magma Forge","Магмова кузня"
"You have struck ","Ви знайшли "
"Famous fighter","Вўдомий боїць"
"Link to ","З'їднати з "
"eight","вўсўм"
"** Starting New Outpost **","** Створення нового форпоста **"
"Philosophy","Фўлософўя"
"Digging a channel will mine out a floor or wall at the current level and dig out a ramp at the level ","Риття каналу викопаї пўдлогу або стўну на поточному рўвнў та викопаї пандус на рўвнў "
"Weapon skill.","Навичка володўння зброїю."
"I feel fond.","Я вўдчуваю любов."
"[C:6:0:1]Minecarts[C:7:0:0] that move too quickly around corners will spill their contents. ","[C:6:0:1]Вагонетки[C:7:0:0], якў рухаються надто швидко на поворотах, розсипатимуть свўй вмўст. "
"Animal Trap","Пастка на тварин"
"aunt","тўтка"
"Werebeast Attack Created Wealth Rating","Рейтинг багатства, створеного нападом перевертня"
"Robbery","Пограбування"
"These _are_ fine items, aren't they?  Now, what do offer for them?","Це _справдў_ гарнў предмети, чи не так? Що ви пропонуїте за них?"
"No one else even considered making the journey to this miserable hellhole.","Бўльше нўхто навўть не думав вирушати в цю жахливу дўру"
"youngest son","наймолодший син"
"had a dungeon constructed within","у межах якого було побудовано пўдземелля"
"You have no idea what's lurking out there.","Ви не уявляїте, що там ховаїться."
"burning to death","смерть у вогнў"
" Autumn"," Осўнь"
"Enable testing arena (on next title)","Увўмкнути тестувальну арену (пўсля наступного запуску)"
"Empty animal traps","Порожнў пастки на тварин"
"Use leather tanned at the tanner's shop here to make clothing and tools, such as bags and waterskins.","Використовуйте шкўру, вичинену тут, у дубильнўй майстернў, для виготовлення одягу та знарядь, таких як торби та мўхи для води."
"gems","самоцвўти"
"My clothes are in tatters.","Мўй одяг перетворився на лахмўття."
"Musical form","Музична форма"
"Surgical Tools","Хўрургўчне приладдя"
" found a lasting home within "," знайшов постўйну домўвку в межах "
"Thrill-seeker","Шукач гострих вўдчуттўв"
"Little soil","Єрунт (мало)"
"Somebody refused to name themself","Хтось вўдмовився представитися"
"finds helping others very emotionally rewarding","вважаї допомогу ўншим дуже корисною для власного емоцўйного стану"
"solid ","твердий "
"Spring has arrived!","Весна прийшла!"
"Items...","Предмети..."
"Tower Dungeon","Вежа-пўдземелля"
"Bleeding","Кровотеча"
"Considers murderer","Вважаї душогубом"
"forms strong emotional bonds with others, at times to ","утворюї глибокў емоцўйнў прив'язаностў до ўнших, часом до "
"Child is not present","Дитина вўдсутня"
"Cage","Клўтка"
"Object","Об'їкт"
"I had an intellectual discussion with my mother.","Я мав ўнтелектуальну дискусўю з матўр'ю."
"Disdains friendship","Зневажаї дружбу"
"Do your duty.","Виконай свўй обов'язок"
"engineering:machine:mechanical compass","engineering:machine:механўчний компас"
"committing a depraved act","вчинення розпусного вчинку"
"Trap Occupied:","Пастку зайнято:"
"Your room is ","Ваша кўмната "
"[C:VAR:MEETING:ACTOR][VAR:NATIVENAME:MEETING:ACTOR]: Remember, trade agreements strengthen bonds.  Please consider an import agreement next year.","[C:VAR:MEETING:ACTOR][VAR:NATIVENAME:MEETING:ACTOR]: Пам'ятайте, що торговў угоди змўцнюють зв'язки. Будь ласка, розгляньте можливўсть пўдписання угоди про ўмпорт наступного року."
" was the place for long-term scholarship."," було мўсцем для довгостроково∙ науково∙ роботи."
"Customize the squad's name.","Змўнити назву загону "
"Automatically weave all thread","Автоматично ткати всў нитки"
"I can take or leave merrymaking myself, but I don't begrudge people their enjoyment.","Я байдуже ставлюся до гулянок, але не маю нўчого проти чужих розваг."
"Hover over an alert icon to see the information. ","Наведўть курсор на пўктограму сповўщення, щоб побачити ўнформацўю. "
"Tranquility","Спокўй"
"pressed green glass","пресоване зелене скло"
"The counting house","Розрахункова палата"
"Very thirsty","Дуже хочу пити!"
"Pull the lever","Потягнўть важўль"
"discourse on the nature of causation","дискурс про природу причинностў"
"Unnamed archery range","Безўменне стрўльбище"
"Multiple copies of the timeline found.","Знайдено кўлька копўй часово∙ лўнў∙."
"Remove this worker from this occupation.","Звўльнити цього працўвника з цўї∙ посади."
" it"," ∙∙"
" striking a menacing pose"," приймаї загрозливу позу"
" have hatched."," вилупився."
"sometimes","ўнодў"
"Here you'll see a list of party members, companions, and pets, along with their general location if you know it.","Тут ви побачите список членўв групи, супутникўв та улюбленцўв, а також ∙хнї загальне мўсцезнаходження, якщо ви його знаїте."
" (7 of 8)"," (7 з 8)"
"Create new world","Створити новий свўт"
"Pure hate","Чиста ненависть"
"Avarice","Жадўбнўсть"
"Sunk into depression...","Поринув у депресўю..."
"the relationship between the lunar and solar year","спўввўдношення мўж мўсячним ў сонячним роком"
"a legendary villain","один ўз легендарних лиходў∙в"
"rumored brawler","за чутками забўяка"
"Greetings","Привўт"
"With ","З "
"Spar","Спаринг"
"I feel jovial.","Я почуваюся весело."
"minerals","мўнерали"
"Developed empathy","Розвинена емпатўя"
"W... worried?  Do I look worried?","С... схвильований? Хўба я виглядаю схвильованим?"
"Tent","Намет"
"second eldest son","другий син"
"Select [C:5:0:1]Farmplot[C:7:0:0] from the [C:5:0:1]Build[C:7:0:0] menu.  It's in [C:5:0:1]Workshops[C:7:0:0] -> [C:5:0:1]Farming[C:7:0:0] -> [C:5:0:1]Farmplot[C:7:0:0].  Place the [C:6:0:0]Farmplot[C:7:0:0] on the subterranean soil.","Виберўть [C:5:0:1]Грядку[C:7:0:0] з меню [C:5:0:1]Будувати[C:7:0:0]. Вона знаходиться в [C:5:0:1]Майстернў[C:7:0:0] -> [C:5:0:1]Сўльське господарство[C:7:0:0] -> [C:5:0:1]Грядка[C:7:0:0]. Розмўстўть [C:6:0:0]Грядку[C:7:0:0] на пўдземному єрунтў."
" and another small creature."," та ще одна маленька ўстота."
"These lyrics are simply unacceptable.","Цў слова просто неприйнятнў."
"Trained","Тренований"
"Mineral occurrence","Поява корисних копалин"
"Sorting languages...","Сортування мов..."
"Overcautious","Надзвичайно обережний"
" to view your log.  Your character generally starts with a variety of local knowledge, including a few places to have an adventure.  "," щоб переглянути ваш журнал. Ваш персонаж зазвичай починаї з рўзноманўтних локальних знань, включаючи кўлька мўсць для пригод. "
"Wait for Combat Training","Чекати на бойове тренування"
"You have discovered a cave entrance.","Ви знайшли вхўд до печери."
"Clear","Очистити"
"Forge weapons and armor here, as well as most other metal objects from furniture to trap components.  These tasks require fuel.","Куйте тут зброю та обладунки, а також бўльшўсть ўнших металевих предметўв - вўд меблўв до компонентўв пасток. Для цих завдань потрўбне паливо."
"I see your low race still revels in death.  ","Дивлюся, ваш мерзенний рўд ў надалў бенкетуї на смертў.  "
"Wilderness irritation minimum (less = sooner)","Мўнўмум роздратування дико∙ природи (менше = швидше)"
" Outpost:[C:7:0:0]  You have arrived.  After a journey from the Mountainhomes into the forbidding wilderness beyond, your harsh trek has finally ended.  Your party of seven is to make an outpost for the glory of all of "," Outpost:[C:7:0:0]  Ви прибули. Пўсля довго∙ мандрўвки з Гўрських Осель у непривўтну глушину за ∙хнўми межами, ваш важкий шлях нарештў закўнчився. Ваш загўн ўз сўмох дварфўв маї заснувати аванпост на славу всього "
"It is burning.","воно палаї"
"Clothing imports","Ўмпортувати одяг"
"Leadership","Лўдерство"
"armor stand","пўдставка для обладункўв"
" wood"," дерево"
"Rough gem","Необроблений самоцвўт"
" save"," збереження"
"Ransack Taxes","Розкрадання податкўв"
"the Rule","Закон"
"Saving local animal populations...","Збереження мўсцевих популяцўй тварин..."
"legendary enemy fighter","легендарний ворожий боїць"
", not consumed",", не спожито"
", ruling ",", який керуї "
"Thread (metal)","Нитка (металева)"
"training partner","партнер по навчанню"
"bone ","кўстка "
" Lever"," Важўль"
"[C:6:0:1]Writing Material[C:7:0:0] for the [C:5:0:0]Scribes[C:7:0:0] to write on. ","[C:6:0:1]Письмового матерўалу[C:7:0:0], на якому [C:5:0:0]Писарў[C:7:0:0] писатимуть. "
"For this reason, it's important to obtain better equipment when you can.  ","З цўї∙ причини важливо отримувати краще спорядження, коли це можливо. "
"the Formula","Формула"
"I'm curious.  Tell me everything!","Менў цўкаво. Розкажи все!"
"getting divorced","розлучення"
"Sometimes the adherents to a certain religion will demand that you build a [C:1:0:1]Temple[C:7:0:0] to their specific deity. ","Ўнодў послўдовники певно∙ релўгў∙ вимагатимуть, щоб ви побудували [C:1:0:1]Храм[C:7:0:0] для ∙хнього конкретного божества. "
"Automate other shops","Автоматизувати ўншў майстернў"
"Related to civilization or other group","Пов'язано з цивўлўзацўїю або ўншою групою"
"Insurrection with ","Повстання з "
"is very trusting","дуже довўрливий"
"glum","похмурий"
"You are not that hungry.","Ви не настўльки голоднў."
"Where?","Де?"
"Gather any products","Збирати будь-якў продукти"
"fishing","риболовля"
"This creature lives in ","Ця ўстота живе в "
"If points remain","Якщо залишилися бали"
"dungeon","пўдземелля"
"The door is operated by a remote mechanism.  You cannot proceed.","Цў дверў керуються дистанцўйним механўзмом. Ви не можете пройти далў"
"anguish","мука"
"Mead Hall","Корчма"
" to view other pages"," переглянути ўншў сторўнки"
"Perpendicularity","Перпендикулярнўсть"
"Here you can turn thread into cloth, whether it is thread from the farmer's workshop or spider silk gathered underground.","Тут ви можете перетворити нитки на тканину, будь то нитки з фермерсько∙ майстернў чи павутиння, зўбране пўд землею."
"Population: ~10000","Населення: ~10000"
"body level","рўвень тўла"
"Minerals","Мўнерали"
"Saving jobs...","Збереження робўт..."
"known killer","вўдомий вбивця"
"General Store","Унўвермаг"
"always","завжди"
"known poet","вўдомий поет"
"Has the aspect of one fey!","Маї вигляд надприродно∙ ўстоти!"
" a series of "," серўя "
" from the year "," вўд року "
" (3 of 3)"," (3 з 3)"
"I am a very, very important person.","Я ї дуже, дуже важлива персона."
"tribute","данина"
"If you have a law enforcement administrator like a [C:5:0:0]Sheriff[C:7:0:0] or [C:5:0:0]Captain of the Guard[C:7:0:0], witnesses of crimes will make reports, which find their way here. ","Якщо у вас ї адмўнўстратор правоохоронних органўв, наприклад [C:5:0:0]Шериф[C:7:0:0] або [C:5:0:0]Капўтан варти[C:7:0:0], свўдки злочинўв складатимуть звўти, якў потрапляють сюди. "
"Swimming","Плавання"
"This engraving appears on a floor ","Це вигравування знаходиться на пўдлозў "
"In order to pursue the wealth of the earth, you must dig deeper! ","Щоб здобути багатства землў, ви повиннў копати глибше! "
"Certain shapes and colors might not occur without full randomization.","Певнў форми та кольори можуть не з'явитися без повно∙ рандомўзацў∙."
"Unknown author","Невўдомий автор"
"  You are held in high regard.","  Вас дуже поважають."
"stone furniture shop (255,64,0)","майстерня кам'яних меблўв (255,64,0)"
"When deciding which guild to dedicate the [C:1:0:1]Guildhall[C:7:0:0] to, you can scroll over the names of the guilds ","Вирўшуючи, якўй гўльдў∙ присвятити [C:1:0:1]Гўльдўйську залу[C:7:0:0], ви можете навести курсор на назви гўльдўй "
"Meeting Location Building","Будўвля для зустрўчей"
"is strapped with massive amounts of muscle and lard","маї величезну масу м'язўв та пўдшкўрного жиру"
"Fellow athlete","Колега-атлет"
"Companion","Супутник"
"and certain [C:6:0:0]Workshop[C:7:0:0] tasks.  You may find water underground.","та деяких [C:6:0:0]Майстерень[C:7:0:0]. Ви можете знайти воду пўд землею."
"Pray to ","Молитися до "
" associating shoes out of range: "," Прив'язка взуття поза межами дўапазону: "
"a ranged weapon","далекобўйна зброя"
"Poor kinesthetic sense","Погане кўнестетичне вўдчуття"
"rarely make contact","рўдко йде на контакт"
"on the front of ","спереду "
"Economy population trigger 1","Тригер населення економўки 1"
" (2 of 8)"," (2 з 8)"
"stone carver","рўзьбяр по каменю"
"having to conduct an official meeting in a dining room","через те, що мусив проводити офўцўйну зустрўч в ∙дальнў"
"Weaponsmith's shop","Зброярська майстерня"
"cringing","уникнення"
"Health","Здоров'я"
"craftsman","майстер"
"SMALLER REGION","ДУЖЕ МАЛИЙ РЕГЎОН"
"flying ","летячи "
"infamous brigand","сумнозвўсний розбўйник"
"I'm feeling randy today!","Сьогоднў я вўдчуваю себе хтивим!"
"To do this select the [C:5:0:1]Nobles and administrators[C:7:0:0] menu and click the add button to assign somebody. ","Для цього виберўть меню [C:5:0:1]Знать та адмўнўстратори[C:7:0:0] ў натиснўть кнопку додавання, щоб призначити когось. "
"When your view is in the air above other tiles, you can usually see them below.  If you are indoors or in a cavern, your view might be blocked by the ceiling.","Коли ваш огляд знаходиться в повўтрў над ўншими клўтинками, ви зазвичай можете бачити ∙х унизу. Якщо ви знаходитесь у примўщеннў або в печерў, ваш огляд може блокуватися стелею."
"Famous preserver of the knowledge","Вўдомий зберўгач знань"
"Temperate Brackish Lake","Солонувате озеро помўрного поясу"
"Use a screw pump to move liquids upward from the elevation below the pump to the same elevation as the pump.","Використовуйте гвинтовий насос, щоб перекачувати рўдини вгору з рўвня нижче насоса на рўвень самого насоса."
"'s lack of possession of "," вўдсутнўсть володўння "
"Display worn clothing dyes (adv mode)","Показувати фарби на одягненому одязў (режим пригод)"
"Claimed by your local government","Заявлено вашим мўсцевим урядом"
"Courtyard","Внутрўшнўй двўр"
"lake","озерний"
"Baby+child cap","Лўмўт немовлят+дўтей"
"dark","темний"
" by "," "
"metal","метал"
"where","де"
"Histories","Розповўдў"
"medicine:method:surgery scraping","медицина:метод:хўрургўчне зшивання"
"Jealousy","Ревнощў"
"an agreement to construct a guildhall for ","угода про будўвництво гўльдў∙ для "
"'s "," "
"Name your group","Назвати свою групу"
"works furiously!","працюї шалено!"
"The world created at the beginning of the game is active, and others may take an interest in your outpost as it grows. ","Свўт, створений на початку гри, ї активним, ў ўншў можуть зацўкавитися вашим форпостом у мўру його зростання. "
"Singer","Спўвак"
"failed insurrection ","невдале повстання "
"We have been under siege by an ancient force of nature.","Ми опинилися в облозў прадавньо∙ сили природи."
"Build Structure","Побудувати споруду"
"Resists sickness","Стўйкий до хвороб"
"the relationship between the moon and the tides","зв'язок мўж Мўсяцем ў припливами"
"Finally, ","Нарештў, "
"Completely dismayed!","Цўлком приголомшений!"
"is quite comfortable with others that have a different appearance or culture","спокўйно ставиться до тих, хто маї ўнший вигляд чи культуру"
"speak","говорити"
"leading an unexciting life for so long","тривале нудне життя"
"The reunion of ","Возз'їднання "
"Clicking delete will instantly delete!","Натискання ""Видалити"" призведе до негайного видалення!"
"Portable mode","Портативний режим"
"humanoid","гумано∙д"
"Meet their needs by providing [C:3:0:0]Meeting Areas[C:7:0:0] and [C:1:0:1]Locations[C:7:0:0] for socializing, worship, and study. ","Задовольняйте ∙хнў потреби, надаючи [C:3:0:0]Мўсця зустрўчей[C:7:0:0] та [C:1:0:1]Локацў∙[C:7:0:0] для спўлкування, поклонўння та навчання. "
"Seed text","Текст насўння"
" pump is used to supply air to the instrument.]"," насос використовуїться для подачў повўтря в прилад.]"
"Autumn has arrived on the calendar.","За календарем настала осўнь."
"This is your traveling companion.","Це ваш супутник."
"Assigned to ","Призначено "
"gained relative","з'явився родич"
"looks terrified","виглядаї наляканим"
"tower","вежа"
"is appalled by merrymaking, parties and other such worthless activities","жаххаїться гулянь, вечўрок та ўнших подўбних нўкчемних занять"
"Announce that you are hunting in your lair","Оголошення про полювання у своїму лўгвў"
"Searching ","Йде пошук "
"Save to new folder (same timeline)","Зберегти в нову папку (та сама часова лўнўя)"
" relaxed"," розслаблений"
" is torn apart!"," розўрвана на частини!"
"Push Object","Штовхнути об'їкт"
"the Traveler","Мандрўвник"
"Invader death aversion (four deaths)","Небажання загарбникўв через смерть (чотири смертў)"
"noted dancer","вўдомий танцюрист"
" has discovered "," вўдкрив "
" playing with "," граї з "
"You first heard this ","Вперше ви почули це "
"Underground River","Пўдземна рўчка"
"legendary fighter","легендарний боїць"
"has a narrow, jutting","маї вузьке пўдборўддя, що виступаї"
"known protector of the weak","вўдомий захисник слабких"
"With them ","З ними "
" remains put off by deliberate merrymaking"," досў остерўгаїться навмисних гулянок"
"retrieve ","повернути "
"Population: ~400","Населення: ~400"
"Expel","Вигнати"
"shells","черепашки"
"weapon","зброя"
"general","головний"
", being the rightful heir, has inherited the position of ",", будучи законним спадкоїмцем, успадкував посаду "
"Animal trained","Тварину видресирувано"
"Overconfident","Самовпевнений"
"crime of theft","злочин крадўжки"
"Mining","Копання"
"This is your jailor.","Це ваш тюремник."
"Rough glass","Необроблене скло"
" hundred"," сотня"
"Spikes","Шипи"
"myself","мене"
"[C:3:0:0]Zones[C:7:0:0] can be assigned to special [C:1:0:1]Locations[C:7:0:0]. Usually one [C:3:0:0]Meeting Area[C:7:0:0] is sufficient, but [C:1:0:1]Locations[C:7:0:0] can span several [C:3:0:0]Zones[C:7:0:0]. ","[C:3:0:0]Зони[C:7:0:0] можна призначати спецўальним [C:1:0:1]Локацўям[C:7:0:0]. Зазвичай достатньо одного [C:3:0:0]Мўсця зустрўчей[C:7:0:0], але [C:1:0:1]Локацў∙[C:7:0:0] можуть охоплювати кўлька [C:3:0:0]Зон[C:7:0:0]. "
"Child: ","Дитина: "
"Track/Ramp (SEW)","Спуск колў∙ (Пвд-Сх-Зх)"
"stopped being the mother of","перестала бути матўр'ю"
"Member of hated group","Член ненависно∙ групи"
"], [C:2:0:1]Ctrl+mouse wheel[C:7:0:0], or the indicated buttons.","], [C:2:0:1]Ctrl+колўщатко мишў[C:7:0:0] або вказаних кнопок."
" torturing "," катуї "
"grown ","виращений "
"herself","себе"
"Total Power: ","Загальна потужнўсть: "
"grim satisfaction","похмуре задоволення"
"Thin mist","Легкий туман"
"clear glass gems","Криштали прозорого скла"
"Infamous killer","Сумнозвўсний вбивця"
"Beside ","Поза "
"Remove this route.","Видалити цей маршрут."
"(enter name here)","(введўть назву тут)"
" until "," доки не "
" by a trap"," через пастку"
"murder","вбивство"
"Be warned that shooting a projectile currently has a long recovery time, so you may be subject to attack after you fire.  ","Будьте попередженў, що стрўльба снарядом наразў маї тривалий час вўдновлення, тому ви можете пўддатися атацў пўсля того, як вистрўлите. "
"Fog/Rain/Snow","Туман/дощ/снўг"
"Once the first leader is assigned, subsequent [C:5:0:0]Captain[C:7:0:0] positions will appear. ","Пўсля призначення першого лўдера з'являться наступнў посади [C:5:0:0]Капўтан[C:7:0:0]. "
"Weapon rack","Пўдставка для збро∙"
"southern","пўвденний"
"Body detail plans...","Плани деталўзацў∙ тўла..."
"Decent","Непоганий"
"Keep working","Продовжувати роботу"
" and others have returned."," та ўншў повернулися."
" own dead mother"," власна покўйна мати"
"Fever","Лихоманка"
"milkable ","придатна для до∙ння "
" masterfully constructed by "," майстерно побудовано "
"No one even considered making the journey to such a cursed death-trap this season.","Жодна душа цього сезону не наважилася на подорож до цўї∙ проклято∙ смертогубки."
" messenger"," гўнець"
"the relationship between the area of a circle and its radius, involving the ratio of the circumference of the circle to its diameter","спўввўдношення мўж площею круга та його радўусом через вўдношення довжини кола до його дўаметра"
"a force","сила"
"Cloth shop","Майстерня одягу"
"Crawling around babbling!","Повзаї навколо, белькочучи!"
"Counting House Offices","Кабўнети розрахунково∙ палати"
"frightened","наляканий"
"cloth to","тканину на"
"rumored enemy fighter","за чутками ворожий боїць"
" line"," рядок"
"How can society function without loyalty?  We must be able to have faith in each other.","Як суспўльство може функцўонувати без вўрностў? Ми повиннў мати змогу вўрити одне в одного."
"the Blast Furnace","Доменна пўч"
"table","стўл"
"the feeding of ","годування "
"Patterns...","Вўзерунки..."
"hearthpeople","члени вогнищ"
".  How do you like the sound of that?",". Як вам це звучить?"
"Waiting for construction...","Очўкування будўвництва..."
" are"," ї"
"Tropical Brackish Pool","Солонувата водойма тропўчного поясу"
"Creating the world","Створити свўт"
"Org: ","Орг: "
"Make the appropriate workshop with [C:5:0:1]Workshops[C:7:0:0] -> [C:5:0:1]Crafts[C:7:0:0]. ","Створўть вўдповўдну майстерню через [C:5:0:1]Майстернў[C:7:0:0] -> [C:5:0:1]Ремўсничў вироби[C:7:0:0]. "
"my mother","моя мати"
"'s possession of "," володўння "
"Recovers quickly","Швидко одужуї"
"Leave/","Покинути/"
"a poor setting","бўднў умови"
" Language"," Мова"
"If you obtain any magical powers during your adventure, you will find them in this menu.  ","Якщо ви отримаїте будь-якў магўчнў сили пўд час свої∙ пригоди, ви знайдете ∙х у цьому меню. "
"hammer","молот"
"body of relation rotted","тўло родича згнило"
"Slated for removal","Заплановано до видалення"
"You worship this figure.","Ви поклоняїтеся цўй постатў."
"Bolts nearby and available: ","Болтўв поруч ў доступно: "
"Loading...","Завантаження..."
"This type is restricted from cooking.","Цей тип заборонено готувати."
"Performing social actions","Виконання соцўальних дўй"
"Be with friends","Бути з друзями"
"revolution","революцўя"
"Welcome to the arena!  Here you can test mods or just play around.","Ласкаво просимо на арену! Тут ви можете тестувати моди або просто погратися."
"At least ","Щонайменше "
" been stunned!"," оглушений!"
""", a ",""", "
"[C:3:0:1]Related Historical Figures[C:7:0:0][B]","[C:3:0:1]Пов'язанў ўсторичнў особистў сутностў[C:7:0:0][B]"
"Polite","Ввўчливий"
"I don't care one way or another.","Менў байдуже в будь-якому разў."
"or raise the [C:6:0:0]Bridge[C:7:0:0], locking you inside. ","або пўднўме [C:6:0:0]Мўст[C:7:0:0], замкнувши вас всерединў. "
" to be "," бути "
" takes"," забираї"
"Assign new display items","Призначити новў предмети для вўтрини"
"Chant","Спўвати речитативом"
" breaks"," звўльняїться"
"punished by beating","покараний побиттям"
"Workshop","Майстерня"
"Small","Малий"
"There's nothing like a great romance!","Немаї нўчого кращого за чудову романтику!"
"the Summit","Зустрўч"
"Finish setting plant gathering orders.","Завершўть налаштування наказўв на збўр рослин"
"Noted thief","Вўдомий злодўй"
"Counting House","Розрахункова палата"
"Sorting interactions...","Сортування взаїмодўй..."
"Travel","Подорож"
"legendary storyteller","легендарний оповўдач"
"the construction and use of the camshaft","спорудження та використання розподўльного вала"
"Acquire object","Отримати предмет"
"Ambitious","Амбўтний"
" constructed "," побудовано "
"decided to become a baby-snatcher, operating","вирўшив стати викрадачем дўтей ў промишляв"
"Requires ","Потребуї "
"stone","камўнь"
"Trees: ","Дерева: "
"Economically linked to you","Економўчно пов'язанў з вами"
"We should have made it there by now.","Ми вже мали б там бути."
"Description:","Опис:"
"I am together with my ","Я разом зў сво∙м "
"Mineral Remedies","Лўки з мўнералўв"
"maternal grandmother","бабуся по матерў"
" hanging from "," висить на "
"Train","Тренувати"
"Affects ability to move quickly and dodge while armored.","Впливаї на здатнўсть швидко пересуватися та ухилятися в обладунках."
"Blocking is done with a shield and works on any attack, including fire and natural attacks.  ","Блокування виконуїться щитом ў працюї проти будь-яких атак, включаючи вогонь та природнў атаки. "
"Center on fort","Центрувати на фортў"
"believes that those who sacrifice for others should be deeply respected","вважаї, що тў, хто жертвуї собою заради ўнших, заслуговують на глибоку повагу"
"engineering:optics:water-filled spheres","engineering:optics:сфери заповненў водою"
"Restore defaults","Вўдновити стандартнў"
"Cheesemaking","Сироробство"
" is ripped into loose shreds!"," розўрвана на шматки!"
"Popup: Butcher and craft","Спливаюче вўкно: М'ясник та ремесло"
" telling the tale quite well."," розповўдаї ўсторўю досить добре."
"Conversations","Розмови"
"This work order has not been validated by the manager.  A manager can be employed in the nobles and administrators menu, and they must have an assigned office where they will work to validate orders.","Цей виробничий заказ не був затверджений керўвником. Керўвника можна призначити в меню знатў та адмўнўстраторўв, ў вўн повинен мати владний кабўнет для роботи, щоб затверджувати замовлення."
"You have authored ","Ви створили "
"Grant of Citizenship","Надання громадянства"
"Set Glass Mood Building","Призначити скляну майстерню для натхнення"
"the construction and use of the beaker","виготовлення та використання склянки"
"Click an existing zone to select it.","Тицнўть на ўснуючу зону щоб обрати ∙∙."
"You are still surrounded by cackling.","Ви все ще чуїте кпини та регўт навколо."
"This artwork is a","Цей твўр"
"cooked flesh","приготована плоть"
"You can also access information from the [C:5:0:1]Citizens[C:7:0:0] button.","Ви також можете отримати доступ до ўнформацў∙ через кнопку [C:5:0:1]Громадяни[C:7:0:0]."
"Education","Освўта"
"Unassertive","Невпевнений"
"Why does it keep happening to me?  Why me?!","Чому воно й далў трапляїться зў мною? Чому я?!"
"Offering tribute","Пропозицўя данини"
"she","вона"
"I'm not optimistic.","Я не оптимўстичний."
"You must designate a dungeon","Ви повиннў позначити в'язницю"
" seems "," схоже "
"clear glass paste","паста з прозорого скла"
"Creature bodies...","Тўла ўстот..."
"You refused to name yourself","Ви вўдмовилися представитися"
"Writhing in agony!","Корчиться в агонў∙!"
"Dungeon","Пўдземелля"
" flawlessly, like someone out of a legend!"," бездоганно, як легенда!"
"I haven't heard anything like that.","Я нўчого такого не чув."
"Disdains tranquility","Зневажаї спокўй"
"Verbally struggle against looming existential crisis","Вголос бўдкаїться через наближення екзистенцўйно∙ кризи"
"Slumberous","Сонливий"
"Finalizing tissue templates...","Завершення шаблонўв тканин..."
"You can also unretire characters directly if they are still alive.  ","Ви також можете безпосередньо скасувати вўдставку персонажўв, якщо вони ще живў. "
" offended"," ображений"
"Specify image","Вказати зображення"
"Considers preacher","Вважаї проповўдником"
"is fat yet tiny","товстий, але крихўтний"
"Reclaimed/","Повернуто/"
" dye using "," фарби з використанням "
"The poetry enters","Поезўя переходить у"
"Allocating space...","Видўлення простору..."
"the Soul","Душа"
"Winded","Задихаїться"
"Track/Ramp (NSEW)","Спуск колў∙ (Пвн-Пвд-Сх-Зх)"
"Bound Servitude","Примусове служўння"
"Work details","Робочў деталў"
"savanna","савана"
"a great hunter","видатний мисливець"
"Nest box claimed by","Гнўздо зайняте"
"Greatly feared as a villain","Дуже бояться як лиходўя"
"free","вўльний"
" (2 of 3)"," (2 з 3)"
"Training Session","Тренування"
"Generally, almost every task will be available for every citizen, but you can both restrict both citizens and tasks. ","Як правило, майже кожне завдання буде доступне для кожного громадянина, але ви можете обмежувати як громадян, так ў завдання. "
"The game is open-ended and you can do whatever you choose.  If you'd like a goal, try to join a village hearth and improve your reputation. ","Гра ї вўльною, ў ви можете робити все, що захочете. Якщо ви хочете мати мету, спробуйте приїднатися до сўльського вогнища та покращити свою репутацўю. "
"the Area","Площа"
"accepting bribes for leniency","отримання хабарўв за поблажливўсть"
"You are asking for ","Ви просите "
"crushed","придушено"
" and spilling "," ў розливаючи "
"Name","Назва"
"Masterwork engraving","Шедевральне гравўювання"
"Shoot.  Requires a ranged weapon and ammunition.","Стрўляти. Потрўбна далекобўйна зброя та боїприпаси."
" was stolen"," було вкрадено"
"younger brother","молодший брат"
"I'm very angry.","Я дуже злий."
"Shoot weapon","Стрўляти з збро∙"
" body level change"," змўна рўвня тўла"
"All of your progress since the last","Весь ваш прогрес з моменту останнього"
"State feelings of exhilaration","Вўдчуваї пўднесення"
"Give a sermon promoting a value","Виголосити проповўдь на пўдтримку цўнностў"
"a known murderer","вўдомий душогуб"
"Food Hauling","Перевезення ∙жў"
"Centered on target","Центрований на цўлў"
"infamous preacher","сумнозвўсний проповўдник"
"fifth eldest child","п'ята дитина"
"Finish removing mining etc. orders.","Припинити скасування наказўв на копання тощо."
"famous hero","вўдомий герой"
"Martial training","Бойове тренування"
"the sun and seasons","сонце ў пори року"
" upon "," "
"You continue the story.","Ви продовжуїте ўсторўю."
"Diplomacy tree-fell count","Дипломатичний лўмўт зрубаних дерев"
"Mods install automatically when chosen during world creation.","Моди встановлюються автоматично, коли ∙х вибрано пўд час створення свўту."
"[C:6:0:1]Crafts[C:7:0:0] are an easy way to make a lot of trade goods quickly. ","[C:6:0:1]Ремўсничў вироби[C:7:0:0] - це простий спосўб швидко створити багато торгових товарўв. "
"Return to title menu","Повернутися до головного меню"
"You might want to check your preset volcanism for the value 100.  ","Варто перевўрити налаштування висот для цього рўвня 100.  "
"Saving divination sets...","Збереження наборўв ворожўнь..."
"Recounting legends...","Переказування легенд..."
"You have known each other your entire lives.","Ви знаїте одне одного все життя."
"All available witness information is presented for each case. ","Для кожно∙ справи надаїться вся доступна ўнформацўя вўд свўдкўв. "
"Click to recover (creates new mission)","Натиснўть, щоб повернути (створить нове завдання)"
"and an adjacent wall with an open floor above for the ramp to be usable.","ў сусўдня стўна з вўдкритою пўдлогою зверху, щоб пандус можна було використовувати."
"Sing","Спўвати"
"Bars: other materials","Злитки: ўншў матерўали"
"Thank you for protecting our wisdom.","Дякую, що захистив нашу мудрўсть."
"Converting to smoothing blueprint","Перетворення на креслення шлўфування"
"Campground","Табўр"
" of the "," з "
"Select another rectangle","Видўлўть ще один прямокутник"
"with the lead advancing along the main line of motion","з випередженням по лўнў∙ основного руху"
"Spring","Весна"
"Forging Workshop","Ковальня"
"No mechanism for target","Вўдсутнўй механўзм для пўдключення об'їкта"
"possible comrade","можливий товариш"
"the screw","гвинт"
"treasure hunter","шукач скарбўв"
"lye maker","лужник"
"Magma Glass Furnace","Магменна скловарна пўч"
"Multiple Constructions","Кўлька конструкцўй"
"That isn't funny.","Це не смўшно."
"Construction initiated.","Будўвництво розпочато."
"Very hungry","Дуже голодний"
"Horizontal keyboard scroll tiles (world, fast)","Горизонтальне прокручування клавўатурою клўтинок (свўт, швидко)"
"Temperate Freshwater Pool","Прўсна водойма помўрного поясу"
"Automatic","Автоматичний"
"Metal ores","Металевў руди"
" millstone"," жорно"
"abductions","викрадення"
"Such nostalgia!","Така ностальгўя!"
"Economy trade trigger 1","Тригер торгўвлў економўки 1"
" unrelated"," непов'язаний"
"engineering:astronomy:dioptra","engineering:astronomy:дўоптра"
"The weather has cleared.","Погода покращуїться."
"Hunger","Голод"
"my animal training partner","мўй пўдопўчний у дресируваннў"
"Seek Vermin for Hunting","Полюї на шкўдникўв"
"Weave thread into cloth","Ткати нитки у тканину"
"Load stone trap","Заряджання кам'яно∙ пастки"
"Work animals","Робочў тварини"
" confused"," збентежений"
"Goodbye.","До побачення."
"to continue.","щоб продовжити."
"Sleep","Сон"
" jumps"," вўдпригуї"
"Counting house","Розрахункова палата"
"the ghost of my mother","привид мої∙ матерў"
"tapir","тапўр"
"Exporting!","Експортування!"
" into a family heirloom"," на сўмейну релўквўю"
"To change the camera's elevation, [C:2:0:1]roll the mouse wheel[C:7:0:0].","Щоб змўнити висоту камери, [C:2:0:1]прокрутўть колўщатко мишў[C:7:0:0]."
"burning out","догораї"
"believes ","вважаї "
"Generating entities...","Створення цивўлўзацўй..."
"Side #","Сторона #"
"Just make sure you have the correct [C:6:0:0]Furniture[C:7:0:0] placed in the rooms with [C:6:0:0]Doors[C:7:0:0] or vertical entries separating each room before you begin.","Просто переконайтеся, що перед початком ви розмўстили правильнў [C:6:0:0]Меблў[C:7:0:0] у кўмнатах з [C:6:0:0]Дверима[C:7:0:0] або вертикальними входами, що роздўляють кожну кўмнату."
" has been lost!"," був втрачений!"
" is bothered by this since "," турбуїться через це з огляду на те, що "
"alternate history","альтернативна ўсторўя"
"animal dissector","рўзник тварин"
"Level","Рўвень"
" are indistinguishable!"," нерозрўзненнў!"
"noted preacher","вўдомий проповўдник"
"weaponsmith's shop sign","вивўска зброярсько∙ майстернў"
"engineering:machine:theory of lever","engineering:machine:теорўя важеля"
"wives","дружини"
"level-headed","розсудливий"
"Stop deleting","Зупинити видалення"
"Offloading units... ","Вивантаження юнўтўв... "
"I cannot stand the world any longer...","Я бўльше не можу терпўти цей свўт..."
"Finalizing reactions...","Завершення реакцўй..."
"Respected for loyalty","Шанований за вўдданўсть"
"No official position","Немаї офўцўйно∙ посади"
"Atlas","Атлас"
"real","справжнўй"
" locks"," блокуї"
"often feels envious of others","часто заздрить ўншим"
"hedgehog","∙жак"
", setting index to zero",", скидання ўндексу до нуля"
"Weapon","Зброя"
"[C:1:0:0]Burrows[C:7:0:0] can be suspended and unsuspended freely.  When a [C:1:0:0]Burrow[C:7:0:0] is suspended, assigned citizens will ignore it.","[C:1:0:0]Нори[C:7:0:0] можна вўльно призупиняти та вўдновлювати. Коли [C:1:0:0]Нора[C:7:0:0] призупинена, призначенў громадяни ўгноруватимуть ∙∙."
"It's interesting.","Це цўкаво."
"in insurrection against","у повстаннў проти"
"civilization","цивўлўзацўя"
"Tropical Grassland","Луки тропўчного поясу"
"You failed to write anything.","Ви не змогли написати що-небудь."
"raw clear glass","необроблене прозоре скло"
"Grudge","Образа"
" has been appointed to the position of "," був призначений на посаду "
"speech","промова"
"moon","луна"
"Plant Cloth","Рослинна тканина"
"engineering:fluid:valves","engineering:fluid:клапани"
"This isn't frustrating.","Це зовсўм не дратуї."
"empathy","емпатўя"
"[C:VAR:MEETING:ACTOR][VAR:NATIVENAME:MEETING:ACTOR]:  I am your liaison from the Mountainhomes.  Let's discuss your situation.","[C:VAR:MEETING:ACTOR][VAR:NATIVENAME:MEETING:ACTOR]:  Я ваш зв'язковий ўз Батькўвщини. Обговорўмо ваше поточне становище."
" thousand"," тисяча"
"Clothing Shop","Магазин одягу"
"Offer how much? (0-","Скўльки пропонувати? (0-"
"doesn't really value merrymaking","не дуже цўнуї веселощў"
"Obsession","Одержимўсть"
"There's nothing admirable about bullying others.","Немаї нўчого чудового в знущаннў над ўншими."
"Poor memory","Погана пам'ять"
"Store weapon","Зберўгати зброю"
"true name invocation","виголошення ўстинного ўменў"
"100 years","100 рокўв"
"You'll be an accomplished player at this point.","На цьому етапў ви станете досвўдченим гравцем."
"No fog","Без туману"
"crime of kidnapping","злочин викрадення"
"Sorting world information...","Сортування ўнформацў∙ про свўт..."
"Enemy","Ворог"
"Library","Бўблўотека"
"Stonecrafting","Кам'яне ремесло"
"chemistry:chemicals:nitric acid","chemistry:chemicals:азотна кислота"
"grumpy","сердитий"
"Clothes","Одяг"
"eighth eldest son","восьмий син"
"Scholar","Науковець"
"* No output","* Немаї виходу"
"Dig only ore and gems selected.","Копати лише вибрану руду та самоцвўти"
"laughs in a distinct fashion when ","характерно смўїться, коли "
"My mother discussed their problems with me.","Мати обговорювала зў мною сво∙ проблеми."
" is "," ї "
" seem to know how to play the "," здаїться, не знаї, як грати на "
"Preparing screen...","Пўдготовка екрана..."
"No location assignments","Немаї призначень локацўй"
"I'd like a room.","Менў потрўбна кўмната."
"merchant","торговець"
"Exertion","Напруження"
" well-designed"," добре зроблений"
"brewer","бровар"
"doesn't seek out excitement","не шукаї гострих вўдчуттўв"
" cap"," капелюх"
"gouting","фонтануї"
"Workers will try to limit their tasks to the confines of the [C:1:0:0]Burrow[C:7:0:0], but they will sometimes form paths which pass through other areas.","Робўтники намагатимуться обмежувати сво∙ завдання межами [C:1:0:0]Нори[C:7:0:0], але ўнодў вони прокладатимуть шляхи, якў проходять через ўншў областў."
"the depths of the world","глибинах свўту"
"Desired Evil Square Count in Large Subregions","Кўлькўсть квадратўв бажаного зла у великих субрегўонах"
"Last interlude: ","Остання ўнтерлюдўя: "
"counting house","розрахункова палата"
"is artfully suffused with what would otherwise be childish and immature material","майстерно приправлено тим, що за ўнших обставин здавалося б дитячим ў недосвўдченим"
"victory","перемога"
"known dancer","вўдомий танцюрист"
"A manager is required to coordinate","Для координацў∙ дўй потрўбен керўвник"
"large","великий"
"Don't bother trying to play on my emotions.","Не намагайся грати на мо∙х емоцўях."
"For instance, you can create an order to [C:3:0:1]Make Wooden Bins[C:7:0:0] if you are out of empty ones, to [C:3:0:1]Brew Drinks[C:7:0:0] if you are running low, or to [C:3:0:1]Make Five Statues[C:7:0:0] every month.","Наприклад, ви можете створити замовлення на [C:3:0:1]Виготовлення дерев'яних контейнерўв[C:7:0:0], якщо у вас закўнчилися порожнў, на [C:3:0:1]Варўння напо∙в[C:7:0:0], якщо вони закўнчуються, або на [C:3:0:1]Виготовлення п'яти статуй[C:7:0:0] щомўсяця."
"greatly respected for heroic acts","вельми шановний за геро∙чнў вчинки"
"Jewelry","Ювелўрнў вироби"
"Other Objects:","Ўншў об'їкти:"
"Absent alcohol and in warmer weather, you can designate a [C:3:0:0]Water Source[C:7:0:0] from the [C:5:0:1]Zones[C:7:0:0] menu at a river or pond, ","За вўдсутностў алкоголю та в теплўшу погоду ви можете позначити [C:3:0:0]Джерело води[C:7:0:0] з меню [C:5:0:1]Зони[C:7:0:0] бўля рўчки або ставка, "
"Initial window width (if windowed)","Початкова ширина вўкна (у вўконному режимў)"
"Values truth","Цўнуї правду"
" tell"," розповўдаї"
"Need bag containing powder suitable for cast application","Потрўбен мўшок ўз порошком, придатним для накладання гўпсу"
"Might I interest you in ","Чи можу я зацўкавити вас "
"wax ","вўск "
"] from play.","] в грў."
"Crawling around crazed!","Повзаї навколо, божевўльний!"
"the mechanical compass","механўчний компас"
"a leather goods shop","майстерня шкўряних виробўв"
"Animal birth","Народження тварини"
"Glass furnace","Скловарна пўч"
"after a dream","пўсля сну"
"Bone meal","Кўстковий порошок"
"Open stockpile mode","Вўдкрити режим складу"
"High","Багато"
"Music...","Музика..."
"green glass ","зелене скло "
" in the "," в "
"Running around crazed!","Бўгаї навколо, божевўльний!"
" around by the "," кругом за "
" escalated attack on "," ескалацўя нападу на "
"abhors those that pursue the mastery of weapons and skill with fighting","зневажаї тих, хто прагне опанувати майстернўсть володўння зброїю та навички бою"
"Blacksmith's shop","Ковальська майстерня"
"Desert","Пустеля"
"does not really value skills related to fighting","не вельми цўнуї навички, пов'язанў з боїм"
"a sensory nerve","сенсорний нерв"
"The signs lead southeast.","Знаки ведуть на пўвденний схўд."
"Most of it will just generate foul smelling [C:0:0:1]Miasma[C:7:0:0].","Бўльшўсть з них просто створюватиме смердючу [C:0:0:1]Мўазму[C:7:0:0]."
"a nameless identity","безўменна особистўсть"
"Change to standard gather mode.","Змўнити на стандартний режим збору."
"parent","рожденик"
"Considers flatterer","Вважаї пўдлабузником"
" has moved out of range!"," вийшов за межу!"
"noted killer","вўдомий вбивця"
" inhabiting "," що населяють "
"The names are ","Назви "
"Difficulty","Складнўсть"
"Gelder","Каструвальник"
"Toggle the melt status of the item.  Items are melted at any smelter.","Перемкнути статус переплавлення предмета. Предмети переплавляються в будь-якўй плавильнў."
"Dismiss the large red alert","Вўдхилити велике червоне попередження"
"encyclopedia","енциклопедўя"
"Quality","Якўсть"
"Overshares","Надмўрно вўдвертий"
"Chests and coffers are used in personal bedrooms for storing non-clothing objects.  They are also used in some zone-based locations like taverns, hospitals, and libraries for storing useful materials.  A box object must be made before it can be placed.","Скринў та комоди використовуються в особистих спальнях для зберўгання речей, окрўм одягу. Вони також потрўбнў в деяких зонах, як-от тавернах, шпиталях та бўблўотеках, для зберўгання корисних матерўалўв. Контейнер необхўдно виготовити перед тим, як розмўстити."
"Large","Великий"
"first ","перша "
"One way is to simply re-designate the damp stone for mining in order to build a 3x3 room around the stairs. ","Один ўз способўв - просто перепризначити вологий камўнь для копання, щоб побудувати кўмнату 3x3 навколо сходўв. "
"Kills","Вбивства"
"No alert","Немаї тривоги"
"the Village","Село"
" collides"," зўштовхуїться"
"armies","армў∙"
"I am not burning with lust.","Я не палаю пристрастю."
"Preferred notes in the fundamental scale are named.  ","Улюбленў ноти в основному звукорядў мають власнў назви. "
"far","далеко"
"Really quit?  The character will live on","Дўйсно вийти? Персонаж продовжить жити"
"Economy trade trigger 2","Тригер торгўвлў економўки 2"
"Autobiography","Автобўографўя"
"hates those who wield power over others","ненавидить тих, хто маї владу над ўншими"
"Former apprentice","Колишнўй учень"
"a great bard","великий бард"
"noted storyteller","вўдомий оповўдач"
"This site is the capital of ","Це мўсце ї столицею "
"workshop to ","на майстерню "
"That seems fair.  You have yourself a deal.","Це здаїться справедливим. Угода вўдбулася."
"a broker with appraisal skill.","брокер з навичкою оцўнки."
"Died in the year ","Помер у роцў "
"an iron will","залўзна воля"
"Dungeon Cell","Клўтка в'язницў"
"Ramp","Пандус"
"button to forbid certain categories, like [C:5:0:1]Refuse[C:7:0:0] for example.  A separate [C:6:0:0]Refuse Stockpile[C:7:0:0] is a ","щоб заборонити певнў категорў∙, наприклад, [C:5:0:1]Вўдходи[C:7:0:0]. Окремий [C:6:0:0]Склад вўдходўв[C:7:0:0] - це "
"Where is your identity from?","Звўдки ваша особа?"
"Grab Animal Trap","Забрати пастку для тварин"
"harassment","переслўдування"
"Shared","Загальний"
"Such freedom I feel!","Я почуваюсь таким вўльним!"
"Practice skill","Тренувати навичку"
"report","звўт"
"Serve ","Служити "
"Poor intuition","Погана ўнту∙цўя"
"Large gem","Великий самоцвўт"
"No automatic fish cleaning","Без автоматичного чищення риби"
" from the side"," збоку"
"Toggle whether this creature will be gelded at a farmer's workshop when the opportunity arises.","Визначити, чи буде ця ўстота кастрована у фермерськўй майстернў за першо∙ нагоди."
"here again.","тут знову."
"Invader death aversion (ten+ deaths)","Небажання загарбникўв через смерть (десять+ смертей)"
"is affronted by the whole notion of maintaining decorum and finds so-called dignified people disgusting","абсолютний бунтар ў грубўян, який зневажаї будь-якў офўцўйнў церемонў∙, а шляхетних та манўрних дворян вважаї лицемўрами"
"through their legend but will not be","через свою легенду, але не буде"
"the Burning Mirror","Палаюче дзеркало"
"forgetful guard","забудькуватий вартовий"
"Be extravagant","Бути екстравагантним"
"The well is dry.","Криниця суха."
"Foiled Corruption Conspiracy","Зўрвана корупцўйна змова"
"This is my new home.","Це мўй новий дўм."
"Crushed","Придушено"
"Mathematics","Математика"
"a population of ","населення "
"Back to main menu","Повернутись до головного меню"
"There has been one already!","Вже було одне!"
"praying","молитва"
"no relationship","немаї стосункўв"
"Ramp mining blueprint","Креслення копання рампи"
" recover"," вўдновлення "
"] or hold the middle mouse button and drag the view.","] або утримуйте середню кнопку мишў та перетягуйте огляд."
"the Diagonal","Дўагональ"
"Artifact construction begun","Розпочато виготовлення артефакту"
"Recent thoughts","Нещодавнў думки"
"A careless farmer has defaced a ","Необережний фермер пошкодив "
"Farmer","Фермер"
" demand of submission from "," вимога пўдкорення вўд "
"Custom settings","Користувацькў налаштування"
"Let us stop this pointless fighting!","Облишмо цю безглузду бўйку!"
" sound"," звучить"
"Our people have been pestered by skulking villains.","Наших людей докучали пўдлў лиходў∙."
"high-cheekboned","високовилиций"
"jealousy","ревнощў"
"Distillation","Дистиляцўя"
" Chair"," Стўлець"
"I encountered a fascinating conundrum recently.","Нещодавно я натрапив на дивовижну загадку."
" masterfully!"," майстерно!"
"opposition","опозицўя"
"[C:VAR:MEETING:ACTOR][VAR:NATIVENAME:MEETING:ACTOR]:  Although we do not always see eye to eye (ha!), I bid you farewell.  May you someday embrace nature as you embrace the rocks and mud.","[C:VAR:MEETING:ACTOR][VAR:NATIVENAME:MEETING:ACTOR]:  Хоч ми й не завжди дивимося в очў одне одному (ха!), я прощаюся з вами. Нехай колись ви пригорнетеся до природи так само, як горнетеся до камўння та багнюки."
"making of a masterful improvement","створення майстерного вдосконалення"
"Gem shape not found: ","Форму самоцвўту не знайдено: "
"Woe unto any that disturb the resting place of ","Горе кожному, хто потревожить мўсце спочинку "
"Created in DF ","Створено в DF "
"boiling salt","кипляча сўль"
"infamous enemy fighter","сумнозвўсний ворожий боїць"
"I'm glum.","Я сумний."
"rough... color","грубий... колўр"
"relation gave personal chat","родич провўв особисту розмову"
"This can be done either from the [C:5:0:1]Item's Info Sheet[C:7:0:0] or by dragging a rectangle over everything ","Це можна зробити або в [C:5:0:1]Ўнформацўйному аркушў предмета[C:7:0:0], або перетягнувши прямокутник над усўм, "
"Invader death aversion (one death)","Небажання загарбникўв через смерть (одна смерть)"
"The music enters ","Музика переходить до "
"You pull the lever.","Ви тягнете важўль."
"an unknown construction","невўдома конструкцўя"
"Unnamed zone","Безўменна зона"
" pump to send water into a chamber, ultimately supplying air to blow"," помпа для подачў води в камеру, що зрештою забезпечуї подачу повўтря для продування"
"having to conduct an official meeting in a bedroom","через те, що мусив проводити офўцўйну зустрўч у спальнў"
"authentic","достовўрний"
"Remove","Видалити"
"Treason","Державна зрада"
" while exporting site "," пўд час експорту поселення "
"This item is a symbol of a noble or administrator.","Цей предмет ї символом знатў чи адмўнўстратора."
"Brawler","Забўяка"
"Greatly respected for hunting treasure","Дуже шанований за полювання на скарби"
" in the middle of "," посеред "
"Blacksmithing Pit","Яма Коваля"
"pushes","штовхаї"
"Create a new work order.  Work orders are like workshop jobs but they are assigned to shops automatically and can be activated with various conditions.","Створўть нове замовлення на роботу. Робочў замовлення подўбнў до завдань у майстернях, але вони призначаються магазинам автоматично та можуть активуватися за рўзних умов."
"If you see brown downward triangles under your character, you will move very slowly and should try to stand if you are able.  ","Якщо ви бачите коричневў трикутники, спрямованў вниз, пўд вашим персонажем, ви будете рухатися дуже повўльно ў повиннў спробувати встати, якщо можете. "
"striking a menacing pose","загрозлива поза"
"is stingy with resources on projects and refuses to expend any extra effort","скупиться на ресурси для проїктўв ў вўдмовляїться докладати будь-яких зайвих зусиль"
"Suspend this burrow.  Assigned citizens will not respect burrow restrictions while a burrow is suspended, but all tasks within the burrow will still function.","Призупинити дўю цўї∙ нори. Закрўпленў громадяни не зважатимуть на обмеження нори, поки вона призупинена, але всў завдання всерединў не∙ продовжуватимуть виконуватися."
"noted information source","вўдоме джерело ўнформацў∙"
"Moving quickly costs energy.  You'll begin to move slowly or even collapse if you sprint for too long.  ","Швидкий рух витрачаї енергўю. Ви почнете рухатися повўльно або навўть знепритомнўїте, якщо будете бўгти занадто довго. "
"salt ","сўль "
"Screw pump","Гвинтовий насос"
"I can see a place for maintaining decorum, but it's exhausting to live that way.","Правила поведўнки та формальностў ўнодў потрўбнў, але особисто для себе вважаї таке манўрне життя занадто виснажливим ў волўї розслабитися."
"Stressed","Стресований"
"You have discovered a downward passage.","Ви знайшли прохўд вниз."
"Other Vegetation: ","Ўнша рослиннўсть: "
"dancer","танцюрист"
"Vermin disturbed","Шкўдникўв налякано"
"the scouting","розвўдка"
" the choke hold of "," удушення "
"millions","мўльйони"
" (Dye)"," (Барвник)"
"Most terrain-altering constructions can be found here, from walls and floors to bridges, ramps, stairs, and more.","Тут можна знайти бўльшўсть конструкцўй, що змўнюють ландшафт: вўд стўн ў пўдлог до мостўв, пандусўв, сходўв тощо."
"Z Levels Above Layer 4","Z Рўвнўв вище за шар 4"
"Grazing coefficient (higher = less grass)","Коефўцўїнт випасання (вище = менше трави)"
"A bookkeeper helps","Рахўвник допомагаї"
"lady consort","ледў-консорт"
"Self-Control","Самоконтроль"
"This is your apprentice.","Це ваш учень."
"Seek Trigger for Mechanism","Пошук активатора для механўзму"
"Workers","Робўтники"
"has a negative view of those who exercise power over others","негативно ставиться до тих, хто володўї владою над ўншими"
"Saves starting here will be grouped on the","Збереження, що починаються тут, будуть згрупованў на"
"Popup: Hold and climb","Спливаюче вўкно: Захоплення та лазўння"
"dancing ","танцў "
"Titan Attack Created Wealth Rating","Рейтинг багатства, створеного нападом титана"
" prostrating itself before "," розпростертий перед "
" pass"," пропускаїте"
"the skulking vermin","пўдступнў потвори"
"On the item ","На предметў "
", but it is deflected by ",", але вўдхиляїться "
"Image information for ","Ўнформацўя про зображення для "
" gave an unwelcome name."," дав небажане ўм'я."
"tannable ","придатна для вичинки "
"Craft Guild","Ремўснича гўльдўя"
"The dance has reached the point where its accompaniment is at ","Танець досяг точки, де його акомпанемент знаходиться на "
"rumored thief","за чутками злодўй"
"summer","лўто"
"Distracted","Розсўяний"
" sculpture has melted!"," скульптура розплавлена!"
"Toggle whether the squad will train here.","Дозволити або заборонити загону вишкўл у цўй зонў."
"Stone Crafting","Кам'яне ремесло"
"Feed Patients/Prisoners","Годувати хворих/в'язнўв"
"they are seen by a [C:5:0:0]Doctor[C:7:0:0]. ","∙х не огляне [C:5:0:0]Лўкар[C:7:0:0]. "
"Use the [C:5:0:1]Zones[C:7:0:0] menu to select [C:3:0:0]Garbage Dump[C:7:0:0] and draw a rectangle over a cliff or hole and ","Використовуйте меню [C:5:0:1]Зони[C:7:0:0], щоб вибрати [C:3:0:0]Смўттїве звалище[C:7:0:0], ў намалюйте прямокутник над урвищем або дўркою, а потўм "
"Invader death aversion (eight deaths)","Небажання загарбникўв через смерть (вўсўм смертей)"
":hammers:hammers:ALWAYS_PLURAL]",":молоти:молоти:ALWAYS_PLURAL]"
"choice but to jump or scramble to another tile (or else be hit.)  Parrying is by weapon skill and only works on other weapons.  ","ўншого вибору, окрўм як стрибнути або переповзти на ўншу клўтинку (або бути враженим). Парирування залежить вўд навички володўння зброїю ў працюї лише проти ўншо∙ збро∙. "
"the armillary sphere","армўлярна сфера"
"the Armillary Sphere","Армўлярна сфера"
"Do not automate kitchen","Заборонити автоматизацўю кухнў"
"View the leader's sheet.","Переглянути вкладку лўдера."
"Making armor","Виготовлення бронў"
"the People","Люди"
"falling","падўння"
"carpenter","тесляр"
"[NAME:forge ","[NAME:кузня "
"Disdains cunning","Зневажаї хитрўсть"
"dyer","фарбар"
"Weight: ","Вага: "
"when a stranger advanced with a weapon","коли незнайомець наступав зў зброїю"
"You have nothing left to remove.","У вас бўльше нўчого видаляти."
" releases"," випускаї"
"fighting with ","б'їться з "
"Inclined to abstract","Схильний до абстракцўй"
"the making of ","виготовлення "
"Subterranean","Пўдземний"
"rd","-й"
"None","Нўчого"
"Meditate","Медитувати"
"You flinch.","Ви здригаїтесь."
"Aquifers can block the downward progress of your fortress, but it is possible to bypass them. ","Водоноснў горизонти можуть блокувати просування вашо∙ фортецў вглиб, але ∙х можна обўйти. "
"Partially webbed","Частково обплутаний павутиною"
"You have written ","Ви написали "
"kidnap","викрадення"
"Laugh","Смўх"
"rock","камўнь"
"wood burner","золяр"
" pinches"," стискаї"
"tavern","таверна"
"Certain crimes are indicative of larger problems, so you should pay attention to them, and affected victims and family members get upset if crime is ignored.","Певнў злочини свўдчать про бўльшў проблеми, тому ви повиннў звертати на них увагу, а постраждалў жертви та члени ∙хнўх сўмей засмучуються, якщо злочин ўгнорують."
"insulted","ображений"
"Preparing Arena...","Пўдготовка Арени..."
"the Algorithm","Алгоритм"
"Melee, metal armor","Ближнўй бўй, металевў обладунки"
"The [C:6:0:0]Wagon[C:7:0:0] comes with some [C:6:0:1]Seeds[C:7:0:0], but as you might expect, these crops must be grown underground!","[C:6:0:0]Вўз[C:7:0:0] постачаїться з деякими [C:6:0:1]Насўнням[C:7:0:0], але, як ви могли очўкувати, цў культури повиннў вирощуватися пўд землею!"
"Another History","Ўнша ўсторўя"
"Coal","Вугўлля"
"crystal glass gems","кришталь"
"mathematics","математика"
" mechanisms"," механўзми"
"open war","вўдкрита вўйна"
"Saving announcements...","Збереження оголошень..."
"This work order has been validated by the manager.","Це виробниче замовлення було затверджене керўвником."
"+Trained+","+Тренований+"
"Rear Compound","Заднўй складений"
"Force Pumps","Силовий насос"
" (no library)"," (немаї бўблўотеки)"
"No mechanism for trigger","Вўдсутнўй механўзм для активатора"
"Tropical Dry Brdlf Forest","Сухў тропўчнў лўси"
"Play","Грати"
"Trap Components","Компоненти пасток"
"Popup: Adventurer's log","Спливаюче вўкно: Журнал авантюриста"
"Item Hauling","Перевезення речей"
"noted loyal soldier","вўдомий вўдданий солдат"
"the method of examining artifacts to determine how techniques have changed over time","метод дослўдження артефактўв для визначення того, як змўнювалися технологў∙ з часом"
"The hatch is operated by a remote mechanism.  You cannot proceed.","юк приводиться в дўю дистанцўйним механўзмом. Ви не можете продовжити рух."
"It is snowing.","Ўде снўг."
"More than a day's travel","Бўльше дня подорожў"
"Cooperation","Спўвпраця"
"Removing fluids and spatter","Видалення рўдин ў бризок"
"Occupant","Мешканець"
"engineering:astronomy:orrery","engineering:astronomy:телурўй"
"Lost in despair!","Загублений у розпачў!"
"Screws","Гвинти"
"Short story","Коротке оповўдання"
"Toil","Праця"
"You do not have any farm plots.","У вас немаї грядок."
"is ","ї "
"Thank you for returning my treasure.","Дякую за повернення мого скарбу."
" with disgust and would desecrate a so-called masterwork or two if "," з огидою ў залюбки осквернив би кўлька так званих шедеврўв, якби "
"Failed to find CREATURE_CASTE_GRAPHICS creature ","Не вдалося знайти ўстоту CREATURE_CASTE_GRAPHICS "
"Leather goods shop","Майстерня шкўряних виробўв"
"Masterfully trained","Майстерно дресирований"
" and some other small creatures."," та деякў ўншў маленькў ўстоти"
"rough gems and glass","грубў самоцвўти та скло"
"emotions","емоцў∙"
"Values hard work","Цўнуї важку працю"
"added a masterful chain","додано майстерний ланцюг"
"that great fortresses might be raised and tested in siege","щоб поставали величнў фортецў, якў пройдуть випробування облогами"
"Select an identity.","Виберўть особу."
" withering away"," в'яне"
"a metal craft shop","майстерня металевих виробўв"
"You have been ordered to slay this creature.","Вам наказано вбити цю ўстоту."
"I wouldn't feel comfortable getting all dressed up.","Менў було б некомфортно так сильно чепуритися."
"Here you can travel great distances without having to move in the local mode.  You still become thirsty, hungry, and drowsy while traveling.  ","Тут ви можете подорожувати на великў вўдстанў, не рухаючись у локальному режимў. Пўд час подорожў ви все ще вўдчуваїте спрагу, голод ў сонливўсть. "
"engineering:machine:lever","engineering:machine:важўль"
"Cut glass","Полўроване скло"
" push "," штовхаїте "
"added masterful cloth","оздоблено майстерною тканиною"
"Vertical ","Вертикальнў "
"insurrection crushed","повстання придушено"
"Default embark width","Стандартна ширина висадки"
" - make at a workshop first"," - спочатку виготовте в майстернў"
"baroness consort","баронеса-консорт"
"Sound...","Звук..."
"No reports available","Немаї доступних звўтўв"
"filthy","брудний"
"Alerts","Попередження"
" (5 of 8)"," (5 з 8)"
"singing","спўв"
"/Resting","/Вўдпочинок"
"Values artwork","Цўнуї твори мистецтва"
"Summer","Лўто"
"Healthcare","Медицина"
"Squads should be assigned to a barracks.  The squad can be set to train, sleep, and store equipment there.","Загони мають бути закрўпленў за казармами. Загўн можна налаштувати на тренування, сон та зберўгання екўпўрування там."
"This is the conversation menu.","Це меню розмови."
"Leave editor and discard data","Вийти з редактора та вўдхилити данў"
"I could really use a drink.","Я би зараз випив."
"Don't perform action","Не виконувати дўю"
"You do not have a weapon.","У вас немаї збро∙."
" loosens"," послабляї"
"How I long for some excitement in my life...","Як же я хочу гострих вўдчуттўв..."
"Excitement","Збудження"
"Temperate Brackish River","Солонувата рўчка помўрного поясу"
" has shared many tales from beyond "," подўлився багатьма оповўданнями з-за меж "
"an untitled work","нетвору"
"title screen, with their own active save.","титульному екранў, з власним активним збереженням."
"Preserver of knowledge","Зберўгач знань"
"seeks out exciting and adventurous situations","шукаї захопливих пригод та гострих вўдчуттўв"
"  You are held in some esteem.","  Вас певною мўрою поважають."
"the Monument","Монумент"
"Some patients will need [C:6:0:1]Crutches[C:7:0:0] after they are treated. ","Деяким пацўїнтам пўсля лўкування знадобляться [C:6:0:1]Милицў[C:7:0:0]. "
" scrambles"," вўдповзаї"
"tiny stationary","крихўтний стацўонарний"
"This organizational activity will branch into specific social events.","Ця органўзацўйна дўяльнўсть розгалужуватиметься на конкретнў соцўальнў подў∙."
"legendary preacher","легендарний проповўдник"
"The item ","Предмет "
"Converting to gathering blueprint","Перетворення на план збору"
" under "," за "
"Drowsy","Сонний"
"dissection","розтин"
"pessimistic","песимўстичний"
"Dry season","Сухий сезон"
"You have a weapon drawn.  Click to strap it.","Зброю витягнуто. Клацнўть, щоб сховати."
"Tint ","Вўдтўнок "
"Staring off into space...","Втупився в нўкуди..."
"Custom butcher object shape not found: ","Користувацьку форму об'їкта для забою не знайдено: "
"   * Requires a jug","   * Потребуї глечика"
"amazingly agile","дивовижно спритний"
"Associated Organization: ","Асоцўйована органўзацўя: "
" out of the air"," з повўтря"
"Late night","Пўзня нўч"
"Off map","Поза картою"
"Wells","Криницў"
"animal trap","пастка для тварин"
"The image ","Це зображення "
"Masonry","Мулярство"
"Unloaded","Розвантажений"
"Strict population cap (includes births)","Суворий лўмўт населення (включаї народження)"
"[C:7:0:1]Fishing[C:7:0:0]","[C:7:0:1]Риболовля[C:7:0:0]"
"Workers cannot be assigned to this building.","Робўтникўв не можна призначити до цўї∙ будўвлў."
"siege ammo","Облоговў боїприпаси"
"Tooth","Зуб"
"patrol","патруль"
"(only this inactive copy will be deleted)","(буде видалено лише цю неактивну копўю)"
" pulls"," тягне"
"Very low","Дуже мало"
"Create a new work order for this workshop.  Work orders are tasks that can repeat specified numbers of times and which can be given start conditions.  This is useful for automation.","Створити новий наряд на роботу для цўї∙ майстернў. Наряди на роботу - це завдання, якў можуть повторюватися вказану кўлькўсть разўв ў для яких можна задавати умови старту. Це корисно для автоматизацў∙."
"Raid ","Рейд "
"If the fallen logs are accessible, everyone will help store them in the [C:6:0:0]Stockpile[C:7:0:0].  ","Якщо до повалених колод ї доступ, всў допоможуть зберўгати ∙х на [C:6:0:0]Складў[C:7:0:0].  "
" concludes a performance."," завершуї виступ."
"Home","Дўм"
"On this mission","На цьому завданнў"
" refused to give a name"," вўдмовився представитися"
"construction of a grotesque pillar from","створення гротескно∙ колони з"
"You have finished working on ","Ви закўнчили роботу над "
"a very poor setting","у дуже убогих умовах"
" raising "," пўднўмаї "
"This work order is waiting for its next scheduled check.","Цей наряд чекаї на наступну планову перевўрку"
"you will need to reclaim the fort to play","вам потрўбно буде повернути форт, щоб грати"
"Small Cut Gems","Маленькў огранованў самоцвўти"
"the injured part","пошкоджена частина"
" as there were no suitable representatives"," оскўльки не було вўдповўдних представникўв"
" misses "," промахуїться "
" and some others"," а також деякў ўншў"
" catch"," ловите"
"Disdains martial prowess","Зневажаї бойову майстернўсть"
"Don't show again","Бўльше не показувати"
"Tropical Freshwater Swamp","Прўсне болото тропўчного поясу"
"You can right click to close [C:5:0:1]Woodcutting[C:7:0:0] mode.  Right clicking closes most menus.","Ви можете клацнути правою кнопкою мишў, щоб закрити режим [C:5:0:1]Рубка дерева[C:7:0:0]. Клацання правою кнопкою мишў закриваї бўльшўсть меню."
" contemplating"," споглядаї"
"Invasion difficulty (first)","Складнўсть вторгнення (перша)"
"does not trust others","не довўряї ўншим"
"Stone Blocks","Кам'яний блок"
"Moted brawler","Вўдомий забўяка"
"after doing something exciting","пўсля якихось захопливих пригод"
"the Surgical Needle","Хўрургўчна голка"
" saves"," збережень"
"Historical figure conceptions","Зачаття ўсторичних постатей"
"Start new game in existing world","Почати нову гру в ўснуючому свўтў"
"Potter","Гончар"
"forest","лўсний"
"I have hope.","Я маю надўю."
"Training","Тренування"
"Not vain","Не марнославний"
"If you climb atop certain large branches, you can walk on them freely.  ","Якщо ви залўзете на певнў великў гўлки, ви зможете вўльно ходити по них. "
" Crafts"," Ремесла"
"can attract the existing monarch of the civilization.","може привернути чинного монарха цивўлўзацў∙."
"save will be lost.","збереження буде втрачено."
"Let's trade.","Давайте торгувати."
"the weary shoulders of the people of ","втомлених плечей народу "
" of the two themes"," двох тем"
"pursues matters with a single-minded focus, often overlooking other matters","береться за справу з непохитною зосередженўстю, часто не помўчаючи всього ўншого"
"If you are a member of a hearth (a hearthperson), you can speak to your leader to receive an order.  Typically this will involve protecting the locals ","Якщо ви ї членом вогнища (членом вогнища), ви можете поговорити зў сво∙м лўдером, щоб отримати наказ. Зазвичай це передбачаї захист мўсцевих "
"Metal Crafting Pit","Яма металевих виробўв"
"war leader","полководець"
"These chords are named ","цў акорди мають назви "
"famous storyteller","вўдомий оповўдач"
"room with a [C:6:0:0]Door[C:7:0:0] and use the [C:5:0:1]Zones[C:7:0:0] menu to assign an official [C:3:0:0]Bedroom[C:7:0:0] for each resident.","кўмнату з [C:6:0:0]Дверима[C:7:0:0] ў використовувати меню [C:5:0:1]Зони[C:7:0:0], щоб призначити офўцўйну [C:3:0:0]Спальню[C:7:0:0] для кожного мешканця."
"well-known brawler","добре вўдомий боїць"
"Saving flow guides...","Збереження напрямних потокўв..."
"Beast/","Звўр/"
"third eldest son","третўй син"
"I talked to my mother.","Я говорив з матўр'ю."
"Note that you can obtain aboveground [C:6:0:1]Seeds[C:7:0:0] from trade or by eating gathered [C:6:0:1]Plants[C:7:0:0], but aboveground farming exposes your [C:2:0:0]Planters[C:7:0:0] to dangers and the elements.","Зауважте, що ви можете отримати надземне [C:6:0:1]Насўння[C:7:0:0] через торгўвлю або по∙дання зўбраних [C:6:0:1]Рослин[C:7:0:0], але надземне землеробство наражаї ваших [C:2:0:0]Садўвникўв[C:7:0:0] на небезпеки та вплив стихў∙."
"taiga","тайговий"
"parried","вўдбитий"
"Great","Великий"
"cooked ","приготовано "
"Leatherworking Shop","Шкўряна Лавка"
"Slowly","Повўльно"
"] and ","] та "
"You wish to make an offering to our leader?  ","Ви бажаїте пўднести дари нашому лўдеру? "
"Temperate Freshwater Marsh","Прўсне багно помўрного поясу"
"but you can delete it while loading.","але ви можете видалити його пўд час завантаження."
"[C:7:0:0]No health problems","[C:7:0:0]Немаї пролем зў здоров'ям"
"People can be so angry, and I just don't understand it.","Люди можуть бути "
"[C:1:0:1]Related Entities[C:7:0:0][B]","[C:1:0:1]Пов'язанў суб'їкти[C:7:0:0][B]"
" pick up "," пўдбираї "
"crime of murder","злочин вбивства"
"an infamous killer","сумнозвўсний вбивця"
"stone... rock","камўнь... скеля"
"Use only dyed cloth","Використовувати лише пофарбовану тканину"
"known villain","вўдомий лиходўй"
"slush","сумўш"
"Mechanism sounds","Звуки механўзмўв"
"Invader death aversion (seven deaths)","Небажання загарбникўв через смерть (сўм смертей)"
"With a subterranean soil floor exposed, you can place an underground [C:6:0:0]Farmplot[C:7:0:0]. ","Коли пўдлога з пўдземним єрунтом вўдкрита, ви можете розмўстити пўдземну [C:6:0:0]Грядку[C:7:0:0]. "
"the Muscles","М'язи"
"People","Люди"
"Track (NSW)","Колў∙ (Пвн-Пвд-Зах)"
"crafts","ремесла"
"Clothier","Кравець"
"I had a nightmare about my deceased animal training partner.","Менў наснився кошмар про мого померлого пўдопўчного у дресируваннў."
"Blacksmith","Коваль"
"We must make merry again.","Ми повиннў знову стати веселими."
"Setting Bones","Вправлення кўсток"
"a leather clothing shop","майстерня шкўряного одягу"
"is buffeted by others' emotions and can't help but to respond to them","перебуваї пўд впливом емоцўй ўнших ў не може стриматися, щоб не реагувати на них"
"Stable Foundation","Стабўльний фундамент"
"The highest mountain elevations do not have soil. ","Найвищў гўрськў висоти не мають єрунту. "
" Statue"," Статуя"
"Build Siege Construction","Побудувати облогову машину"
"Admire art","Милуватися мистецтвом"
"embezzlement","розтрата"
"Vandalism","Вандалўзм"
"First, ","Спочатку "
"Alcohol is also sufficient but may not be as easy to come by as it is in a fortress.  ","Алкоголь також пўдходить, але його може бути не так легко дўстати, як у фортецў. "
"this tower","ця вежа"
"attack","нападаї"
"You are stunned.","Ви приголомшенў."
"'s demand for tribute"," вимога данини"
"Cannot order mission without leader","Неможливо наказати виконання завдання без лўдера"
"Inventory items are all worn, held, in containers, or otherwise related to specific body parts.  There is no abstract inventory space.  ","Предмети в ўнвентарў або одягненў, або тримаються, або знаходяться в контейнерах, або ўншим чином пов'язанў з конкретними частинами тўла. Абстрактного ўнвентарного простору не ўснуї. "
"lost property to taxes","втратив майно через податки"
"Always","Завжди"
"Open the announcements screen.","Вўдкрити вўкно сповўщень."
"Sorting tissue templates...","Сортування шаблонўв тканин..."
"Thief","Злодўй"
"Go to Milk Station","До до∙льно∙ станцў∙"
" is getting used to tragedy.  "," звикаї до трагедўй.  "
"burning alive","спалення живцем"
" making a plaintive gesture"," робить жалўбний жест"
"Surgery Models","Навчальнў моделў для хўрургў∙"
"the musical composition ","музична композицўя "
"Tasks are restricted by setting their work detail to [C:5:0:1]""Only selected do this""[C:7:0:0].","Завдання обмежуються шляхом встановлення ∙хньо∙ робочо∙ деталў на [C:5:0:1]""Лише обранў роблять це""[C:7:0:0]."
"Looks like rain outside.","Схоже на вулицў дощ."
"contains the occasional biting remark","мўстить поодинокў у∙дливў зауваження"
"a weaponsmith's shop","зброярська майстерня"
"not having a tomb after gaining another year","вўдсутнўсть гробницў пўсля того, як минув ще один рўк"
"You cannot perform here.","Ви не можете тут виступати."
"Overcome by terror!","Переможений жахом!"
"Return to game","Повернутися до гри"
"You don't always need to be slain in combat or starve to death.  If you are in a friendly community, you can retire there.  ","Вам не завжди потрўбно бути вбитим у бою або померти з голоду. Якщо ви перебуваїте в дружнўй спўльнотў, ви можете пўти там у вўдставку. "
"Stunned","Приголомшений"
"noted brawler","вўдомий забўяка"
"Failed","Невдало"
"Seek Animal for Gelding","Шукати тварину для кастрацў∙"
"overthrow ","повалення "
"You are offering ","Ви пропонуїте "
"Next","Далў"
"Metal Crafting","Металообробка"
"enjoy","насолоджуватися"
"child","дитина"
"lord","лорд"
"fourteen","чотирнадцять"
"That might be affection I feel.","Можливо, те, що я вўдчуваю - це прив'язанўсть."
"the construction and use of the pulley","спорудження та використання блоку"
"amazed","здивований"
"Preparing for the Caravan","Пўдготовка до каравану"
"Shields","Щити"
"fortress entrance","вхўд до фортецў"
"Archery targets, siege weapons, and some ornamental display items can be found in this category.","У цўй категорў∙ можна знайти стрўлецькў мўшенў, облогову зброю та деякў декоративнў предмети для демонстрацў∙."
"Values competition","Цўнуї змагання"
"raising ","пўднўмаї "
"deep ","глибокий "
" over the details."," в деталях."
"A murderous ghost.","Убивчий привид."
"Advancing map blocks","Розвиток блокўв карти"
"two distinct ","два виразнў "
"presence","присутнўсть"
"   * Requires wild colony or","   * Потребуї дико∙ колонў∙ або"
" Seed"," Зерно"
"engineering:machine:padlock","engineering:machine:навўсний замок"
"Popup: Squads","Спливаюче вўкно: Загони"
"Easily stressed","Легко пўддаїться стресу"
"State minor feeling of emptiness","Легке вўдчуття порожнечў"
"Do not gather products","Не збирати продукти"
"Floor Hatch","Люк"
"Star Charts","Зоряна карта"
" under an obscure ruler"," за невўдомого правителя"
"Adventure mode","Режим Пригоди"
"Tundra","Тундра"
" is smashed into the body, an unrecognizable mass!"," розтрощена об тўло, в невпўзнанну масу!"
"Ore and smelting","Руда та виплавка"
"250 years","250 рокўв"
"is thoroughly mechanical","ї повнўстю механўчним"
"Cloth Pit","Яма Кравця"
" children"," дўти"
"terrified","наляканий"
"Unsteady","Нестўйкий"
"torn","розўрвана"
"Pet of ","Улюбленець "
"Butchery","Забўй"
"Forbid used ammunition during sieges","Забороняти використанў боїприпаси пўд час облог"
"Remove this stockpile permanently.","Видалити цей склад назавжди."
"pressed crystal glass","пресоване кришталеве скло"
"added masterful spikes","додано майстернў шипи"
"Milker","Дояр"
"the Word","Слово"
"Squad Order","Наказ загону"
"skeletons","скелети"
"Siege Workshop","Облогова майстерня"
"archaeology","археологўя"
"Remove Rotten Tissue","Видалити гнитлў тканини"
"an unknown site","невўдоме мўсце"
"Bone Carving Pit","Яма Косторўза"
"Cloth","Тканина"
"I've","Я"
", a seasoned commander",", досвўдчений командир"
"Do you have dreams?  Tell me a story!","У тебе ї мрў∙? розкажи менў ўсторўю!"
"Friendship","Дружба"
"legendary bard","легендарний бард"
"geldables regrow!","Генўталў∙ вўдростають знову!"
"Vertical keyboard scroll tiles (fast)","Вертикальне прокручування клавўатурою клўтинок (швидко)"
" become enraged!"," розлютився!"
"to ","до "
"[C:VAR:MEETING:ACTOR][VAR:NATIVENAME:MEETING:ACTOR]: There is much to share...  (Information added to Civilizations/World Info)","[C:VAR:MEETING:ACTOR][VAR:NATIVENAME:MEETING:ACTOR]: Нам ї що обговорити...  (Information added to Civilizations/World Info)"
"Summer has arrived on the calendar.","За календарем настало лўто."
"I was out visiting the library.","Я ходив до бўблўотеки."
" Floor Bars"," Прути на пўдлозў"
"An order from","Наказ вўд"
"[C:5:0:1]Beds[C:7:0:0] are found in the [C:5:0:1]Furniture[C:7:0:0] category.  Unlike [C:6:0:0]Workshops[C:7:0:0], [C:6:0:0]Beds[C:7:0:0] must be placed underground.","[C:5:0:1]Лўжка[C:7:0:0] знаходяться в категорў∙ [C:5:0:1]Меблў[C:7:0:0]. На вўдмўну вўд [C:6:0:0]Майстерень[C:7:0:0], [C:6:0:0]Лўжка[C:7:0:0] повиннў бути розмўщенў пўд землею."
"Real-world extinct creatures","Вимерлў ўстоти нашого свўту"
"The writing conveys a moral lesson regarding ","Твўр несе моральний урок про "
" latches on firmly"," мўцно тримаїться"
"Woodcutter","Лўсоруб"
"being unable to request weapon production","неможливўсть надўслати запит на виробництво збро∙"
"You do not have any workshops.","У вас немаї жодно∙ майстернў."
"This is my favorite dance.","Це мўй улюблений танець"
"[C:7:0:1]Labor[C:7:0:0]","[C:7:0:1]Праця[C:7:0:0]"
" intellectual values and changed "," ўнтелектуальнў цўнностў та змўнив "
"Fertilize","Удобрювати"
"Your industrious citizens will perform any task added to the [C:6:0:0]Workshop[C:7:0:0].  ","Вашў працьовитў громадяни виконуватимуть будь-яке завдання, додане до [C:6:0:0]Майстернў[C:7:0:0].  "
"Population: ~60","Населення: ~60"
"Isoceles Triangles","Рўвнобедрений трикутник"
"Name yourself","Назвати себе"
"fire","вогонь"
"Maximum interface percentage (not counting minimap/elevation)","Максимальний вўдсоток ўнтерфейсу (без урахування мўнў-карти/висоти)"
"isolated","ўзольований"
"Diplomacy tree-fell count (untamed wilds)","Дипломатичний лўмўт зрубаних дерев (неприборканў нетрў)"
"Stockpile #","Склад #"
"I wonder what they think.","Менў цўкаво, що вони думають."
"Abandon","Покинути"
"Your citizens need a comfortable place to sleep.  A bed object must be made at the carpenter's shop before it can be placed.","Вашим громадянам потрўбне затишне мўсце для сну. Спочатку об'їкт лўжка необхўдно виготовити в майстернў тесляра, перш нўж його можна буде встановити."
"calcite/limestone/chalk/marble ","кальцит/вапняк/крейда/мармур "
"Population cap","Лўмўт населення"
"Weapons","Зброя"
"bars","злитки"
" beautifully."," чудово."
"diagnosticians","дўагности"
"Fullscreen","Повноекранний"
"elated","пўднесений"
"Migrating Group","Група мўгрантўв"
" bars"," злитки"
"Brewing","Варўння"
"Biography","Бўографўя"
"Corpse ","Трупўв "
"engineering:machine:theory of gears","engineering:machine:теорўя зубчастих передач"
"Events","Подў∙"
"What an odd glow!","Яке дивне сяйво!"
"an unknown region","невўдомий регўон"
"Grab Clothing","Взяти одяг"
"After a scale is constructed, the root note of chords are named.  ","Пўсля побудови звукоряду основнў тони акордўв отримують сво∙ назви. "
"leather shop sign","вивўска шкўряно∙ майстернў"
"be used for imprisonment.","використовуватися для ув'язнення."
"Active save","Активне збереження"
"metalsmith","коваль"
" flinches."," здригаїться."
"Disdains nature","Зневажаї природу"
" unnaturally contorted"," неприродньо викривлений"
"Nameless","Безўменний "
"reply","вўдповўсти"
"midmap construction path build failure","помилка побудови шляху для середньомасштабного будўвництва"
"Woodcrafter","Рўзьбяр"
"Other Features","Ўншў функцў∙"
"Mountain","Гора"
"known bully","вўдомий хулўган"
"Planter","Садўвник"
"Trading and bartering happen during conversation.  Trading occurs in shops and bartering happens in every other context.  ","Торгўвля та обмўн вўдбуваються пўд час розмови. Торгўвля вўдбуваїться в крамницях, а обмўн - у будь-якому ўншому контекстў. "
"The system is reasonably powerful and you can eventually automate almost all of your production if you wish.","Система досить потужна, ў ви можете зрештою автоматизувати майже все свої виробництво, якщо захочете."
"Spears","Списи"
"Levers","Важелў"
"Dig deeper","Копати глибше"
"Fortress","Фортеця"
"You last","Востаннї ви"
"Hateful","Ненависний"
"overlord","володар"
"Last held by ","Востаннї утримувався "
"skips over to others when ","переходить до ўнших, коли "
"Not easily depressed","Не схильний до депресў∙"
"wherever the journey might lead","куди б не завела подорож"
"lustful","хтивий"
"the wedge","клин"
"thirteen","тринадцять"
" chests"," скринў"
"Teach ","Вчити "
"Another string vibrates in sympathy and is rarely played itself","Ўнша струна вўбруї в лад ў сама нечасто зачўпаїться"
" cooking"," готуї"
"Files","Файли"
"Pocket","Компактний"
"being forced to endure the decay of an animal training partner","змушений споглядати розкладання свого пўдопўчного у дресируваннў"
"Quick movement and other actions decrease stealth.","Швидкий рух та ўншў дў∙ знижують непомўтнўсть."
"the hunting of great beasts","полювання на великих звўрўв"
"Sorting reactions...","Сортування взаїмодўй..."
"Value of temple","Цўннўсть храму"
"metal weapons shop (255,0,255)","майстерня металево∙ збро∙ (255,0,255)"
"floating","плавучий"
"bucket","кошик"
"Blocks: other materials","Блоки: ўншў матерўали"
"/You","/Ти"
" before "," перед "
" drops "," кидаї "
"lonely","самотнўй"
"I am sorry, but I am otherwise disposed.","Вибачте, але я зайнятий ўншими справами."
" named "," називаїться "
"house","дўм"
"Flee/","Втеча/"
"They still hold this area, but they do not feel certain.","Вони досў утримують цю територўю, але вже не почуваються впевнено."
" stumble"," плутаїться"
"Beast Hunter","Звўролов"
"back","назад"
"the theft","крадўжка"
"an insurrection against ","повстання проти "
"goodbye","до побачення"
"Aid Rescue Agreement","Угода про допомогу в порятунку"
"is a","ї"
"eating rotten food","по∙дання зўпсовано∙ ∙жў"
"No notable skills","Немаї помўтних навичок"
" through the "," через "
"Milling","Помел"
"Scaling mode","Режим масштабування"
"Uniform worn over clothing","Унўформа поверх одягу"
"Every creature in adventure mode moves simultaneously.  Once you initiate movement, play will advance until you can move again.  The duration of movement depends on gait, injuries, etc.","Кожна ўстота в режимў пригод рухаїться одночасно. Щойно ви розпочнете рух, гра буде тривати, поки ви не зможете рухатися знову. Тривалўсть руху залежить вўд ходи, травм тощо."
"Greatly feared for violent oppositoin","Дуже бояться за жорстоке протистояння"
" leather "," шкўра "
"Work orders can be added specifically for this shop.","Робочў замовлення можна додавати спецўально для цўї∙ майстернў."
" blood."," кров."
"Attend Parley","Вўдвўдати перемовини"
"You fail to mount ","Вам не вдаїться осўдлати "
"found at [C:5:0:1]Workshops[C:7:0:0] -> [C:5:0:1]Furnaces[C:7:0:0] -> [C:5:0:1]Wood Furnace[C:7:0:0]. ","яку можна знайти в [C:5:0:1]Майстернў[C:7:0:0] -> [C:5:0:1]Печў[C:7:0:0] -> [C:5:0:1]Дров'яна пўч[C:7:0:0]. "
"Let's continue onward together.","Рушаймо далў разом."
"Multi-attack: choose another simultaneous action afterward","Вибачте, але я зайнятий ўншими справами."
"An obvious material to use to make the crafts is rock. ","Очевидним матерўалом для виготовлення виробўв ї камўнь. "
"mother ","матўр "
"Famous protector of the weak","Вўдомий захисник слабких"
"Saving entities...","Збереження сутностей..."
"Centered on last heard","Центрований на останнўй згадцў"
"I'd like the ","Я б хотўв "
"Operate pump","Керувати насосом"
"It is a dangerous world, and if the entrances of your fortress are left open, ","Це небезпечний свўт, ў якщо входи до вашо∙ фортецў залишити вўдкритими, "
" refusing "," вўдмовляїться "
"Hive","Вулик"
"Inventory","Ўнвентар"
" rolls "," котитися "
"Report","Звўт"
"export","експорт"
"northern","пўвнўчний"
" has shared a rumor from abroad."," подўлився слухом з-за кордону."
"Archer","Стрўлець"
", a ",", "
"possessed of an unusual destiny.  ","надўлений незвичайною долею. "
"No fish to catch","Немаї риби для ловлў"
"Saving written content...","Збереження письмового вмўсту..."
"Metalsmithing","Ковальство"
"the Vault","Сховище"
"Late afternoon","Пўзнўй день"
"Metal clothing","Металевий одяг"
"an unknown creature","невўдома ўстота"
"Tables are required for dining.  A chair should be placed adjacent to the table.  A table object must be made before it can be placed.","Для прийому ∙жў потрўбнў столи. Стўлець слўд розмўстити поруч зў столом. Перш нўж розмўстити стўл, необхўдно виготовити вўдповўдний об'їкт."
"Greatly respected for preserving the knowledge","Дуже шанований за збереження знань"
" consciousness."," свўдомўсть."
"Remove ","Видалити "
"Sermon/","Проповўдь/"
"a ligament","зв'язка"
"Finalizing entities...","Завершення сутностей..."
"has a high-pitched, grating voice","маї високий, рўзкий голос"
" Interface scaling percentage if not fitting width"," Вўдсоток масштабування ўнтерфейсу, якщо не пўдходить за шириною"
"Values stoicism","Цўнуї сто∙цизм"
"Need military leader","Потрўбен воїначальник"
"seeking work as a performer","шукаї роботу виконавцем"
"Extracts","Екстракти"
"the Discovery","Вўдкриття"
"This person is one of the ","Ця особа ї одним з "
"Other materials","Ўншў матерўали"
"You cannot speak","Ви не можете говорити"
"messenger","гўнець"
"Sorting creatures...","Сортування ўстот..."
"Lair Hunter","Мисливець на чудовиськ"
"Meditate on ","Медитувати над "
"No stratus","Без шаруватих хмар"
" well."," добре."
"You can stop traveling using the stop travel button below or by pressing .","Ви можете зупинити подорож за допомогою кнопки зупинки подорожў нижче або натиснувши ."
"Loyalty should be rewarded.","Лояльнўсть повинна бути винагороджена."
"Important and sometimes urgent information is given as alerts on the left side of the screen. ","Важлива, а ўнодў й термўнова ўнформацўя надаїться у виглядў сповўщень у лўвўй частинў екрана. "
"Are you still dancing?","Ти досў танцюїш?"
"restless","неспокўйний"
"Rescue ","Порятунок "
"Stay occupied","Бути зайнятим"
"Disdains loyalty","Зневажаї лояльнўсть"
"Weapon traps use a weapon or trap component to strike intruders.  Can be used with ranged weapons and loaded with ammo.  Can use multiple weapons at once.","Збройовў пастки використовують зброю або компоненти пасток для ураження порушникўв. Можуть застосовувати дистанцўйну зброю та заряджатися боїприпасами. Дозволяють установлювати кўлька видўв збро∙ одночасно."
"Metalcrafting","Металообробка"
" (holding another's goods)"," (тримаючи чужий товар)"
"an absolute inability to understand social relationships","абсолютна нездатнўсть розумўти соцўальнў стосунки"
" reclaimed "," повернула "
"Popup: Work orders","Спливаюче вўкно: Робочў замовлення"
"Contains ","Мўстить "
" has characters that can't be used in filename."," мўстить символи, якў не можна використовувати в назвў файлу. "
"It's very important to note that only one creature can be standing in a tile at a time.  ","Дуже важливо зазначити, що в однўй клўтинцў одночасно може стояти лише одна ўстота. "
"bowman","лучник"
"the [C:6:0:0]Stoneworker's Shop[C:7:0:0] and the [C:6:0:0]Metalsmith's Forge[C:7:0:0].  [C:6:0:1]Bags[C:7:0:0] are created at the [C:6:0:0]Clothier's Shop[C:7:0:0] or the [C:6:0:0]Leatherworks[C:7:0:0].","[C:6:0:0]Майстернў каменяра[C:7:0:0] та [C:6:0:0]Кузнў металурга[C:7:0:0]. [C:6:0:1]Мўшки[C:7:0:0] створюються в [C:6:0:0]Кравецькўй майстернў[C:7:0:0] або [C:6:0:0]Шкўрянўй майстернў[C:7:0:0]."
" training!"," тренування!"
"major","мажор"
" using "," використовуючи "
"eating at crowded table","°жа за людним столом"
"relation received personal chat","родич вислухав особисту розмову"
"You may find very unpleasant environs here.","Тут можна знайти вельми неприїмнў околицў."
"Group Name","Назва групи"
"Animal Dissection","Розтин тварин"
"chieftain","вождь"
" toward "," до "
"gather information","збўр ўнформацў∙"
"Supernatural vengeance","Надприродна помста"
"noted ally","вўдомий союзник"
"the construction and use of the balance wheel","спорудження та використання балансира"
"Bolts nearby but assigned to squads: ","Болтўв поруч, але призначено загонам: "
"crime of attempted murder","злочин замаху на вбивство"
"Fifth","П'ятий"
" thread/dye available"," нитка/барвник ї в наявностў"
"Has a minor affect on all writing (poetry and prose.)","Незначно впливаї на все писемництво (поезўю та прозу)."
"Set bone","Вправити кўстку"
"Underground Pool","Пўдземне озеро"
"Change it to [SOUND:YES] for audio.","Змўнўть на [SOUND:YES] для аудўо."
"Heavily Forested","Густў лўси"
"bruised","забита"
"Child does the expelling","Дитина здўйснюї вигнання"
" is injected into the "," впорскуїться в "
" claimed "," заявила права на "
" drinks "," п'ї "
"twenty","двадцять"
"laugh","смўх"
"fourth eldest daughter","четверта дочка"
"This might require an answer.","Це може потребувати вўдповўдў."
"[C:7:0:1]Hospitals[C:7:0:0]","[C:7:0:1]Лўкарнў[C:7:0:0]"
"Treatment","Лўкування"
"Plans","Плани"
"Chop down tree","Зрубати дерево"
"draining","злив"
" table"," стўл"
"snatching","викрадення"
"Kitchen, Brew","Кухня, Броварництво"
"occupation and not return.  Your new holdings will","окупацў∙ та не повернуться. Вашў новў володўння будуть"
"Fairness","Справедливўсть"
"alarmed","стурбований"
"Channel mining","Прокладання каналу"
"I lost some property to taxes.","У мене вўдўбрали частину майна як податок."
"What will you say about the new leadership?","Що скажеш про нове керўвництво?"
"There's some food on the embark [C:6:0:0]Wagon[C:7:0:0], and you can trade for food, but you can also grow your own. ","На [C:6:0:0]Возў[C:7:0:0] для висадки ї трохи ∙жў, ў ви можете обмўняти ∙жу, але ви також можете вирощувати свою власну. "
"Why must they be so violent?","Навўщо ∙м бути такими жорстокими?"
"is somewhat uncomfortable around those that appear unusual or live differently from ","почуваїться дещо некомфортно серед тих, хто здаїться незвичним або живе ўнакше, нўж "
", although ",", хоча "
"It is done.","Готово."
"On ","На "
"In existential crisis!","В екзистенцўйнўй кризў!"
"strand body part","волокниста частина тўла"
"Portable ","Портативний "
"don't","не"
"[C:VAR:MEETING:ACTOR][VAR:NATIVENAME:MEETING:ACTOR]: Let's discuss what we are willing to offer for your ","[C:VAR:MEETING:ACTOR][VAR:NATIVENAME:MEETING:ACTOR]: Обговорўмо, що ми готовў запропонувати за вашў "
"Words","Слова"
"Prepare writing material and assign scholars to a library.","Пўдготуйте приладдя для письма та призначте науковцўв до бўблўотеки."
"pressed clear glass","пресоване прозоре скло"
"I had a nightmare about my deceased mother.","Менў наснився кошмар про мою покўйну матўр."
"hearthperson","член вогнища"
"Popup: Strike","Спливаюче вўкно: Удар"
" is a family heirloom, and I will not part with it."," ї родинною релўквўїю, ў я не розлучуся з нею."
"after arriving at the destination","пўсля прибуття до мўсця призначення"
"Blocks: stone/clay","Блоки: камўння/глина"
"Hunter of ","Мисливець на "
"Make mechanisms here which are used to make levers, pressure plates, and gears.  You can also use mechanisms to link levers and pressure plates to other machinery.","Виготовляйте тут механўзми, якў використовуються для створення важелўв, нажимних плит ў шестерень. Ви також можете використовувати механўзми для з'їднання важелўв ў нажимних плит з ўншими механўзмами."
" Denied"," Вўдмовлено"
"Default low traffic path cost","Стандартна вартўсть шляху для низького трафўку"
"is vengeful and never forgets or forgives past grievances","мстивий, нўколи не забуваї ў не вибачаї минулих образ"
"You might want to check your maximum elevation value and other elevation parameters.  ","Варто перевўрити значення максимально∙ висоти та ўншў параметри рельїфу "
" the "," "
"The signs lead west.","Знаки ведуть на захўд."
"hunting.","полюї."
"[C:VAR:MEETING:ACTOR][VAR:NATIVENAME:MEETING:ACTOR]: It's such a pleasant place you've carved out for yourselves...","[C:VAR:MEETING:ACTOR][VAR:NATIVENAME:MEETING:ACTOR]: Яке ж приїмне мўсце ви тут собў облаштували..."
"feels ","вўдчуваї "
"member","член"
"Letter","Лист"
"Do not automate other shops","Не здўйснювати автоматизацўю ўнших майстерень"
"sparring.","спарингуї."
"painting","живопис"
"Saving buildings...","Збереження будўвель..."
"Forge weapons and armor here, as well as most other metal objects from furniture to trap components.  Magma below the forge will power tasks.  You are responsible for placing the forge above the magma, but no other fuel is required.","Куйте тут зброю та обладунки, а також бўльшўсть ўнших металевих предметўв - вўд меблўв до компонентўв пасток. Магма пўд ковальнею забезпечуватиме роботу. Ви вўдповўдаїте за розмўщення ковальнў над магмою, але жодного ўншого палива не потрўбно."
"Some performers finish their act.","Деякў виконавцў завершили свўй номер."
"Centered on first heard","Центрований на першўй згадцў"
"abduction","викрадення"
"Specify type","Вказати тип"
" was the place for a good drink."," було мўсцем для гарного напою."
"That was exasperating.","Це дратувало."
"[C:6:0:1]Buckets[C:7:0:0] (with a source of water), [C:6:0:1]Thread[C:7:0:0] for sutures, and [C:6:0:1]Cloth[C:7:0:0] for bandages. ","[C:6:0:1]Вўдра[C:7:0:0] (з джерелом води), [C:6:0:1]Нитки[C:7:0:0] для швўв та [C:6:0:1]Тканину[C:7:0:0] для пов'язок. "
"Retake door to forbid it.","Повернўть дверў, щоб заборонити ∙х."
"known enemy fighter","вўдомий ворожий боїць"
"contemplating","споглядання"
"is not bothered in the slightest by deviations from the norm or even extreme differences in lifestyle or appearance","абсолютно не зважаї на вўдхилення вўд норми чи навўть екстремальнў вўдмўнностў в способў життя чи зовнўшностў"
"Flatterer","Пўдлабузник"
"aversion","вўдраза"
"I have confidence in your abilities.","Я впевнений у ваших силах."
"Dirt","Грунтова"
"Poet","Поет"
" trees, butcher."," дерева, забўй."
"the Pyramid","Пўрамўда"
"As you know, we are at war.  You might be able to strike our enemies where our armies cannot reach.","Як ви знаїте, ми воюїмо. Можливо, ви зможете вдарити по наших ворогах там, куди не здатнў дўстатися нашў армў∙."
"  Are your farmplots working?  Make sure you are planting edible plants.","  Чи працюють вашў грядки? Переконайтеся, що ви саджаїте ∙стўвнў рослини."
"You might want to adjust the parameters governing volcanism.  ","Варто пўдкоригувати параметри, що вўдповўдають за вулканўзм. "
" Floodgate"," Шлюз"
" from paternal grandmother"," вўд бабцў по батьковўй лўнў∙"
"tiny hand-held","крихўтний ручний"
"play","п'їса"
"Eggs","Яйця"
"pressed potash","пресований поташ"
"chemistry:laboratory:glass funnel","chemistry:laboratory:скляна лўйка"
"Abandoned","Покинутий"
" choose"," обираї"
"Autosave frequency","Частота автозбереження"
"the ghost of my animal training partner","привид мого пўдопўчного у дресируваннў"
"Apprentice","Учень"
"a weapon or technique","зброя чи технўка"
"item","предмет"
"Wordsmith","Майстер слова"
" propelled away by the force of the blow!"," вўдкинутий силою удару!"
"Siege Engineering","Ўнженер облогових машин"
" splits in gore!"," розриваїться на кривавў шматки!"
" pump"," насос"
"How embarrassing!","Як непристойно!"
"Designating restricted traffic area","Позначення зони обмеженого руху"
"If you have found magma you can build a [C:6:0:0]Magma Smelter[C:7:0:0] directly over it, otherwise you need [C:6:0:1]Fuel[C:7:0:0]. ","Якщо ви знайшли магму, ви можете побудувати [C:6:0:0]Магмову плавильню[C:7:0:0] безпосередньо над нею, ўнакше вам знадобиться [C:6:0:1]Паливо[C:7:0:0]. "
"Job removed from unpowered building","Завдання видалено з будўвлў без живлення"
"Weapon Trap","Пастка зў збро∙"
"Strategems","Стратегеми"
"You can recenter on certain announcements.  Right click to close.","Ви можете перевизначити певнў сповўщення. Клацнўть правою кнопкою мишў, щоб закрити."
"wrestler","борець"
" Barrel"," Бочка"
"Praise listener for completing the task","Похвалити слухача за виконання завдання"
"requested that","зажадав, щоб"
"I laugh in the face of death!","Я смўюся в обличчя смертў!"
"Farming (Fields)","Фермерство (Поля)"
" tribute"," данину"
"cultural history","ўсторўя культури"
"Emotional obsessive","Емоцўйний нав'язливець"
"Increase the priority of the task in this workshop.","Пўдняти прўоритет завдання в цўй майстернў."
"It's my mess.","Це моя помилка."
"massacring ","рўзанина "
"Cultural history","Ўсторўя культури"
"Envious","Заздрўсний"
"stars","зорў"
"vengeful","мстивий"
"If you are carrying too much, you'll see an encumbrance indicator above the inventory button.  Encumbrance can cause you to move very slowly and should be avoided if possible.  ","Якщо ви несете занадто багато, ви побачите ўндикатор обтяження над кнопкою ўнвентарю. Обтяження може змусити вас рухатися дуже повўльно, ў його слўд уникати, якщо можливо. "
"Infamous brigand","Сумнозвўсний розбўйник"
" is visiting."," вўдвўдуї."
"died in a trap","загинув у пастцў"
"Removing stairs/ramp/constructions","Видалення сходўв/пандусу/конструкцўй"
"History length","Тривалўсть ўсторў∙"
"Walking spreads spatter","Ходьба поширюї бризки"
"[C:3:0:0]Zones[C:7:0:0] are areas you designate where your citizens will work, socialize, rest, or perform specific duties. ","[C:3:0:0]Зони[C:7:0:0] - це областў, якў ви позначаїте, де вашў громадяни будуть працювати, спўлкуватися, вўдпочивати або виконувати певнў обов'язки. "
"The easiest way to move is to left click in the play area.  Your character will path to the target tile if possible.","Найпростўший спосўб перемўщатися - це лўвий клўк в ўгровўй областў. Ваш персонаж прокладе шлях до цўльово∙ клўтинки, якщо це можливо."
" get"," заплутуїться"
"[C:5:0:1].Butchered","[C:5:0:1].Забито"
"You could not find a partner.","Ви не знайшли партнера."
"Disengaged","Вимкнено"
"That sounds just like the ","Це звучить точно як "
"The guilt is almost unbearable!","Почуття провини майже нестерпне!"
"Agreement concluded","Угоду укладено"
"Unnamed underground area","Безўменна пўдземна область"
" over the latter's romantic relationship"," через романтичнў стосунки останнього"
"Merchant company","Торгова компанўя"
" adjusts"," вирўшуї"
"training","тренування"
"Needs: ","Потреби: "
"after taking heavy losses in battle","пўсля великих втрат у битвў"
"torture","катування"
".  This menu will also show you how stealthfully you are moving.",". Це меню також покаже вам, наскўльки непомўтно ви рухаїтесь."
"warehouse","склад"
"woodworker","деревообробник"
"the construction and use of mural instruments","виготовлення та використання настўнних ўнструментўв"
"an infamous murderer","сумнозвўсний душогуб"
"Track/Ramp (SE)","Спуск колў∙ (Пвд-Сх)"
"A diplomat could not complete a meeting and has left unhappy.","Дипломат не змўг провести зустрўч ў пўшов незадоволеним."
"interrupts others during conversations when ","перебиваї ўнших пўд час розмов, коли "
"Popup: Wrestle","Спливаюче вўкно: Боротьба"
"the imported clothing market","ринок ўмпортного одягу"
"Bridge","Мўст"
"Track/Ramp (N)","Спуск колў∙ (Пвн)"
"Saving mandates...","Збереження мандатўв..."
"being tormented in nightmares by a dead animal training partner","страждаї у кошмарах вўд переслўдувань померлого пўдопўчного у дресируваннў"
"commonly winks as a form of greeting","зазвичай пўдморгуї на знак привўтання"
"I'm concentrating on something.","Я зосереджуюся на чомусь."
"stone ","камўнь "
"abducting somebody","викрадення когось"
"Construct building","Побудувати будўвлю"
"another","ўнший"
"repeating in each stanza","що повторюїться в кожнўй строфў"
"Second","Другий"
"rough gem graphics","графўка необроблених самоцвўтўв"
"You last spoke ","Востаннї ви говорили "
"Promise of Position","Обўцянка посади"
"Autosave the game after embark","Автоматично зберўгати гру пўсля висадки"
"Sluggish","Млявий"
"Enterprise","Пўдприїмливўсть"
"the Caverns","Печери"
"Checking directory structure...","Перевўрка структури каталогўв..."
"Popup: The world","Спливаюче вўкно: Свўт"
"Wall","Стўна"
"Advancing interactions","Розвиток взаїмодўй"
"I'm confused.  Did you want something?","Я збентежений. Ви хотўли чогось?"
" suspended the construction of "," призупинено будўвництво "
"No Artifact/","Немаї артефакту/"
"There are no named objects here.","Тут немаї ўменованих предметўв. "
"Cunning","Хитрўсть"
"War buddy","Бойовий товариш"
"terrific","жахливий"
"Farming/Related","Сўльське господарство/Сумўжне"
"Skirmishing","Сутички"
"You were","Ви були"
"They suspected the involvement of ","Вони пўдозрювали причетнўсть "
"Left click on an alert for recentering options, and right click to dismiss an alert.","Клацнўть лўвою кнопкою мишў на сповўщеннў для параметрўв центрування та правою кнопкою, щоб вўдхилити сповўщення."
"Personal freedom must be tempered by other considerations.","Особиста свобода маї доповнюватися ўншими мўркуваннями."
"boiling green glass","кипляче зелене скло"
"Reputation:","Репутацўя:"
"Cloth (Silk)","Тканина (шовкова)"
"Quit without saving","Вийти без збереження"
"Not ambitious","Не амбўтний"
"breaking away","вўдламування"
"very low","дуже мало"
"Jeweler","Ювелўр"
"Values power","Цўнуї владу"
"Forbid your death items during sieges","Забороняти речў ваших загиблих пўд час облог"
"Select weapon.","Вибрати зброю."
"doesn't really value independence one way or another","не надаї особливого значення незалежностў нў в той, нў в ўнший бўк"
" empty "," спустошуї "
"Forbid other non-hunted dead","Забороняти ўншў не вполюванў трупи"
"rumored intruder","за чутками порушник"
"defeated","переможений"
"Seems a pleasant enough ","Виглядаї доволў славно "
"legendary flatterer","легендарний пўдлабузник"
"Beekeeper","Пасўчник"
"This is so humiliating.","Це принижуї."
"Saving interactions...","Збереження взаїмодўй..."
"diagnostician","дўагност"
"Site government","Мўсцевий уряд"
"are","ї"
"Be with family","Бути з родиною"
"the Ocean","Океан"
"Movement","Рух"
" training methods."," методи тренування."
"Retracted ","Прибраний "
"Population: ~10","Населення: ~10"
"the construction and use of the blast furnace","спорудження та використання доменно∙ печў"
"Tired","Втомлений"
"The throne room","Тронний зал"
" (Rusty)"," (Пўдзабув)"
"Conquer and occupy","Завоювати та окупувати"
"Assume identity","Прийняти особу"
"Keybindings","Прив'язки клавўш"
"famous treasure hunter","вўдомий мисливець за скарбами"
" appears to acquiesce."," здаїться, погоджуїться."
" ranged weapons"," далекобўйна зброя"
"Organize Combat Training","Органўзувати бойове тренування"
"Preliminary cleaning...","Попереднї очищення..."
"Your unfortunate citizens are taken to the [C:1:0:1]Hospital[C:7:0:0] when injured.  There they will rest and given water until ","Вашў нещаснў громадяни потрапляють до [C:1:0:1]Лўкарнў[C:7:0:0], коли отримують травми. Там вони вўдпочиватимуть ў отримуватимуть воду, поки "
" speaking with "," розмовляї з "
"bone doctor","хўрург-ортопед"
"Thrower","Метальник"
"Generating items...","Створення предметўв..."
"No squads available","Немаї доступних загонўв"
"Could not remove destination directory when synchronizing save!","Не вдалося видалити каталог призначення пўд час синхронўзацў∙ збереження!"
"the Ice","Лўд"
"You can do this from the Nobles and Administrators menu.","Ви можете зробити це в меню знатў та адмўнўстраторўв."
"World name","Назва свўту"
"Your trap was robbed of the ","З вашо∙ пастки вкрали "
" religion of "," релўгўя "
"Scales are constructed from ","Шкали будуються з "
"Polish stones","Полўрувати камўння"
", position ",", позицўя "
"Axe","Сокира"
"surgeons","хўрурги"
", setting to whatever has the right size",", встановлюючи значення вўдповўдного"
"Save to timeline folder: ","Зберегти в папку часово∙ лўнў∙: "
"Others were too nervous to make the journey to this miserable fortress.","Ўншў виявилися занадто знервованими, щоб здўйснити подорож до цўї∙ жалюгўдно∙ фортецў."
"High stamina","Висока витривалўсть"
"There are several kinds of [C:3:0:0]Zones[C:7:0:0], which you can see in the panel on the left.","Ўснуї кўлька видўв [C:3:0:0]Зон[C:7:0:0], якў ви можете побачити на панелў злўва."
"'s abandonment"," залишення"
"Assign messengers.","Призначте гўнцўв."
" member"," член"
"You are too kind.","Ви надто добрў."
"Subterranean Water","Пўдземна вода"
"value ","цўннўсть "
"Popup: Stocks","Спливаюче вўкно: Запаси"
" is throwing a tantrum!"," впадаї в ўстерику!"
"tracheotomy surgery","трахеотомўчна хўрургўя"
"Unnamed barracks","Безўменнў казарми"
"'s claim"," претензўя"
"Hopeful","Сповнений надў∙"
"Sorting creature bodies...","Сортування тўл ўстот..."
"Range: ","Дўапазон: "
"Gregarious","Товариський"
"has an incredibly short body but still manages to be very fat","маї неймовўрно коротке тўло, але примудряїться бути дуже товстим"
"engineering:machine:camshaft","engineering:machine:розподўлвал"
"Werebeast Attack Population Rating","Рейтинг населення для нападу перевертнўв"
"Skip tutorial","Пропустити навчання"
" with a hundred or more others"," з сотнею чи бўльше ўнших"
"Considers bully","Вважаї хулўганом"
"Rescue Agreement","Угода про порятунок"
" did not name "," не назвав "
"leather goods shop sign","вивўска майстернў шкўряних виробўв"
"myxolydian","мўксолўдўйський"
"engineering:horology:water clock","engineering:horology:водяний годинник"
"surgical models","Навчальнў моделў для хўрургў∙"
"Is it really you?","Це справдў ви?"
"relations","вўдносини"
"Beast guzzles drink","Звўр п'ї"
"a murderer","душогуб"
"the grid and the months of the year are shown down the left side.  To assign different orders ","сўтки, а мўсяцў року показанў вздовж лўвого боку. Щоб призначити рўзнў накази "
"Saving art forms...","Збереження видўв мистецтва..."
" Demonstration"," Демонстрацўя"
"Glassmaking","Склярство"
"DOOR USED BY INTRUDER","ДВЕРЎ ВИКОРИСТОВУЮТЬСЯ ПОРУШНИКОМ"
"Upright ","Висунутий "
"Values sacrifice","Цўнуї жертву"
"heirloom","Сўмейна релўквўя"
"Goals","Цўлў"
"There is writing in the book, but you cannot read.","У книзў ї текст, але ви не вмўїте читати."
"Nature","Природа"
" always "," завжди "
"Peddler","Рознощик"
"Invader death aversion (two deaths)","Небажання загарбникўв через смерть (двў смертў)"
"Paved Road","Мощена дорога"
"Brooding darkly...","Похмуро мрўї..."
"pestered by flying micro vermin","через докучання крилатих мўкрошкўдникўв"
"At one with ","На одному з "
"There is no specific information for this activity.","Для цўї∙ дўяльностў немаї конкретно∙ ўнформацў∙."
"Mill ","Млин "
"you want to dump using the [C:5:0:1]Dump Designation[C:7:0:0] tool.","що ви хочете скинути, використовуючи ўнструмент [C:5:0:1]Позначення звалища[C:7:0:0]."
"Grab Shear Unit","Взяти порцўю вовни"
" leg armor"," обладунок для нўг"
"Replace all","Замўнити всў"
"[C:VAR:MEETING:ACTOR][VAR:NATIVENAME:MEETING:ACTOR]:  On behalf of the Merchants' Guild, let me extend greetings to your people.  There is much to discuss.","[C:VAR:MEETING:ACTOR][VAR:NATIVENAME:MEETING:ACTOR]:  Вўд ўменў Гўльдў∙ купцўв дозвольте привўтати ваш народ. Нам ї що обговорити."
"The struggle for power must be balanced by other considerations.","Прагнення влади мусить урўвноважуватися ўншими чинниками."
"Chairs are required for offices to function, and a chair next to a table is the preferred dining arrangement.  A chair/throne object must be made before it can be placed.","Для функцўонування офўсўв потрўбнў стўльцў, а стўлець бўля столу ї найкращим варўантом для обўду. Перш нўж розмўстити стўлець/трон, потрўбно виготовити вўдповўдний об'їкт."
" pipes"," труби"
"Forbid floor/wall cleaning during sieges","Забороняти прибирання пўдлоги/стўн пўд час облог"
"There's fighting!","Там бўйка!"
"From the [C:5:0:1]Library Info Menu[C:7:0:0] you can assign [C:5:0:0]Scholars[C:7:0:0] who discuss their interests with the inhabitants, ","В [C:5:0:1]Ўнформацўйному меню бўблўотеки[C:7:0:0] ви можете призначити [C:5:0:0]Науковцўв[C:7:0:0], якў обговорюють сво∙ ўнтереси з мешканцями, "
"Fishing","Риболовля"
"Economy population trigger 2","Тригер населення економўки 2"
"Bookbinder","Палўтурник"
"confused","збентежений"
"Languages...","Мови..."
"putting on a","одягаї"
"Unswayed by emotions","Не пўддаїться емоцўям"
"The signs lead southwest.","Знаки ведуть на пўвденний захўд."
"There's some value in leisure, but one also has to engage with other aspects of life.","У вўдпочинку ї певна користь, але треба займатися й ўншими аспектами життя."
"government","уряд"
"Jump","Стрибок"
"If your [C:6:0:0]Refuse Stockpile[C:7:0:0] starts to fill up you can create a [C:3:0:0]Dump Zone[C:7:0:0]. ","Якщо ваш [C:6:0:0]Склад вўдходўв[C:7:0:0] починаї заповнюватися, ви можете створити [C:3:0:0]Зону звалища[C:7:0:0]. "
"Eloquence","Красномовство"
"Granite","Гранўт"
"You have discovered a deep pit.","Ви знайшли глибоку яму."
"Considers dancer","Вважаї танцюристом"
"Converting to chopping blueprint","Перетворення на план зрубу"
"Horizontal Axle","Горизонтальний вал"
"I am so proud!","Я такий гордий!"
"They accept ","Вони приймають "
"occupation","окупацўя"
"Here you can see every [C:6:0:1]Item[C:7:0:0] in the fortress. ","Тут ви можете побачити кожен [C:6:0:1]Предмет[C:7:0:0] у фортецў. "
"My optimism is unshakeable!","Мўй оптимўзм ї непереборним!"
"When unpaused, a worker should now build the [C:6:0:0]Workshop[C:7:0:0].","Коли паузу знято, робўтник повинен побудувати [C:6:0:0]Майстерню[C:7:0:0]."
"a tunnel","тунель"
"Blacksmithing Workshop","Ковальня"
"specific weapon","певна зброя"
"the construction and use of the straight-beam balance","спорудження та використання рўвноплечих терезўв"
"[C:VAR:MEETING:ACTOR][VAR:NATIVENAME:MEETING:ACTOR]: You continue to impress!  I have come empowered to elevate this land in the eyes of our realm.","[C:VAR:MEETING:ACTOR][VAR:NATIVENAME:MEETING:ACTOR]: Ви продовжуїте вражати! Я прибув ўз повноваженнями пўднести цў землў в очах нашого королўвства."
"Unnamed location","Безўменна локацўя"
"Trade Good Hauling","Перевезення товарўв"
"Diagnostician","Дўагност"
" vaguely like the intended "," невиразно, як задумано "
"Raze (openly attack and destroy site)","Знищення (вўдкрита атака та руйнування мўсця)"
"Vampire migrant fraction (more = safer)","Частка мўгрантўв-вампўрўв (бўльше = безпечнўше)"
"chemistry:chemicals:aqua regia","chemistry:chemicals:царська горўлка"
"Bone carver's shop","Майстерня рўзьбяра по кўстцў"
"has a tendency to go it alone, without considering the advice of others","маї звичку покладатися лише на себе, ўгноруючи поради ўнших"
"Do this by selecting the building in [C:5:0:1]Workshops[C:7:0:0] -> [C:5:0:1]Farming[C:7:0:0] -> [C:5:0:1]Butcher[C:7:0:0]. ","Зробўть це, вибравши будўвлю в [C:5:0:1]Майстернў[C:7:0:0] -> [C:5:0:1]Сўльське господарство[C:7:0:0] -> [C:5:0:1]М'ясник[C:7:0:0]. "
" burning "," палаї "
"Looks to be snowing outside.","Схоже, надворў пўшов снўг."
"This is common knowledge where you are from.","Це загальновўдомо там, звўдки ви родом."
"vermin","шкўдники"
"bears an enormous amount of fat for one so tiny","маї величезну кўлькўсть жиру як для тако∙ крихўтно∙ ўстоти"
"Gathering fruit and leaves","Збўр фруктўв ў листя"
"an algorithm for computing a number which has given remainders when divided by several given primes","алгоритм обчислення числа, яке даї заданў остачў при дўленнў на кўлька заданих простих чисел"
"the construction and use of the padlock","виготовлення та використання навўсного замка"
"engineering:optics:glass lens","engineering:optics:скляна лўнза"
"Automatically weave dyed thread","Автоматично використовувати пофарбованў нитки для ткацтва"
"Trip Hammers","Механўчнў молоти"
"the recovery of ","порятунок "
"Noted treasure hunter","Вўдомий мисливець за скарбами"
" looks"," виглядаї"
"Population: ~1000","Населення: ~1000"
" is crushed!"," розтрощена!"
"Periodic cleanup","Перўодичне очищення"
" the words evocatively."," слова виразно."
"Toggle whether the squad will store squad-level equipment here, such as ammunition.","Перемкнути, чи зберўгатиме тут загўн екўпўрування рўвня загону, наприклад боїприпаси."
"Confirmation window for all embarks","Вўкно пўдтвердження для всўх висадок"
"Disdains law","Зневажаї закон"
"Delete element","Видалити елемент"
"Embark preparations were not completed.","Приготування до висадки не завершенў."
"Clear weather","Ясна погода"
"Why should I help?","Чому я маю допомагати?"
"Tuning is possible with adjustable bridges.  ","Регулювання можливе за допомогою регульованих мостўв. "
"You have discovered an expansive cavern deep underground.","Ви знайшли великў печери глибоко пўд землею"
"Animal trap","Пастка для тварин"
" History Seed: "," Зерно ўсторў∙: "
"conspiracy to slow labor","змова з метою сповўльнення працў"
"putting a piece on display","виставляння експоната на огляд"
"the construction and use of the crystal lens","виготовлення та використання кристалўчно∙ лўнзи"
"No food","Немаї ∙жў"
"alienated","вўдчужений"
"an algorithm for calculating prime numbers","алгоритм обчислення простих чисел"
"is weak, skinny and short","слабкий, худорлявий ў низький"
"Affiliated","Афўлўйований"
"Value: ","Цўннўсть: "
"the Forest","Лўс"
"the Fortress","Фортеця"
" (opens menu)"," (вўдкриваї меню)"
"This is particularly important for schemes where the witnesses might not have the full story.","Це особливо важливо для схем, де свўдки можуть не знати всўї∙ ўсторў∙."
"withering away","в'янення"
"Adventurer","Авантюрист"
"You can make a [C:3:0:1]Station[C:7:0:0] order to have your squad stand in that position.  You can create a [C:3:0:1]Patrol Route[C:7:0:0] ","Ви можете вўддати наказ [C:3:0:1]Стояти[C:7:0:0], щоб ваш загўн стояв на цўй позицў∙. Ви можете створити [C:3:0:1]Маршрут патрулювання[C:7:0:0] "
"the stanza","строфу"
"Combat Training","Бойова пўдготовка"
"My good friend.","Мўй добрий друже."
"will only do assigned tasks","виконуватиме лише призначенў завдання"
"Forgotten beast sensitivity (less = sooner)","Чутливўсть забутих звўрўв (менше = швидше)"
" revealed nothing during interrogation."," пўд час допиту нўчого не виявив."
"hawk","яструб"
"being mutilated","калўцтво"
"a poor ability to manage or understand social relationships","слабка здатнўсть керувати соцўальними стосунками або розумўти ∙х"
"unnaturally contorted","неприродньо викривлений"
"Generating reactions...","Генерування реакцўй..."
"Conditions","Умови"
"are capable of killing unprepared opponents.  ","здатнў вбити непўдготовлених супротивникўв. "
"somebody unknown","когось невўдомого"
" melting"," плавиться"
"relation gave stress complaint chat","родич поскаржився на стрес у розмовў"
"nervous","нервовий"
"Histories of ","Ўсторў∙ "
"This is the sleep menu.  Here you can sleep to overcome drowsiness or wait to pass time.","Це меню сну. Тут ви можете поспати, щоб подолати сонливўсть, або почекати, щоб скоротити час."
"Dutiful","Сумлўнний"
"I was out visiting the shrine.","Я ходив до святилища."
"sixty","шўстдесят"
"making a submissive gesture","покўрний жест"
"Former master","Колишнўй майстер"
"Gem Cutting Pit","Зона Ювелўра"
"Dig only gems selected.","Копати лише обранў самоцвўти"
"Pottery","Гончарство"
"engineering:machine:water wheel","engineering:machine:водяне колесо"
"making a friend","заведення друга"
"There's no room for mercy in this world.","У цьому свўтў нема мўсця для милосердя."
"engineering:astronomy:spherical astrolabe","engineering:astronomy:сферична астролябўя"
"Ambience Volume (Adventure): ","Гучнўсть оточення (Пригода): "
"the construction and use of the water-powered sawmill","спорудження та використання лўсопилки на водянўй тязў"
"Default restricted traffic path cost","Стандартна вартўсть шляху для обмеженого трафўку"
"Animal Pit","Тваринна Яма"
"resting","вўдпочинок"
"Making weapons","Виготовлення збро∙"
" was the place to admire fine architecture."," було мўсцем, щоб помилуватися витонченою архўтектурою."
"Look to another for what you need.","Шукай те, що тобў потрўбно, в ўншого."
"cookable ","можна готувати "
"Open mining mode","Вўдкрити режим копання"
"Cheeses","Сири"
" surrounded by "," оточений "
"Thank you for rescuing this treasure!","Дякуїмо за порятунок цього скарбу!"
"famous trade partner","вўдомий торговий партнер"
"bully","забўяка"
"coyote","койот"
"seventh eldest daughter","сьома дочка"
"the relationship between the lengths of the hypotenuse of a right triangle and the other two sides","спўввўдношення мўж довжиною гўпотенузи прямокутного трикутника та ўншими двома сторонами"
"Some soil","Єрунт (небагато)"
"sleeping on a pile of driftwood","спить на купў плавнево∙ деревини "
" during "," протягом "
"[C:7:0:1]Diagnosis required","[C:7:0:1]Необхўдний дўагноз"
"It is raining ","З неба ллїться "
"euphoric","ейфоричний"
"Fellow scholar","Колега-науковець"
"writing of a masterpiece","написання шедевра"
"Stone shape not found: ","Форму каменя не знайдено: "
"joy","радўсть"
" Desired grid width for scaling (default = 170)"," Бажана ширина сўтки для масштабування (за замовчуванням = 170)"
"Offer encouragement","Запропонувати заохочення"
" (This occurred "," (Це вўдбулося "
"sees merrymaking as a waste","вважаї гулянки марною тратою часу"
"You truly despise life, don't you?  I am beside myself with grief.  Perhaps we will show you how they suffered.","Ви справдў зневажаїте життя, чи не так? Я поза себе вўд горя. Можливо, ми покажемо вам, як вони страждали."
"We are saved from a mighty enemy!","Ми врятованў вўд могутнього ворога!"
"vault","сховище"
"profaned our homes","осквернили нашў домўвки"
"'s Workshop"," майстерня"
"Plant","Рослина"
"Wagon","Вўз"
"Historical figure births","Народження ўсторичних постатей"
"I do admire a clever turn of phrase.","Я справдў захоплююся майстерно сформульованою думкою"
"being tortured","катування"
"Name: ","Ўм'я: "
"Legendary loyal soldier","Легендарний вўдданий солдат"
"Profession: ","Професўя: "
"We must go back.","Ми повиннў повернутися."
"(no name)","(без ўменў)"
"Tuning is accomplished by adjusting the tension of the head.  ","Налаштування виконуїться регулюванням натягу мембрани.  "
"The [C:3:0:0]Zone[C:7:0:0] you select must contain a [C:6:0:0]Chair[C:7:0:0], or you can paint a [C:3:0:0]Zone[C:7:0:0] and place a [C:6:0:0]Chair[C:7:0:0] later. ","[C:3:0:0]Зона[C:7:0:0], яку ви виберете, повинна мўстити [C:6:0:0]Стўлець[C:7:0:0], або ви можете намалювати [C:3:0:0]Зону[C:7:0:0] ў розмўстити [C:6:0:0]Стўлець[C:7:0:0] пўзнўше. "
"You must never forget true loyalty.  Repay it in full.","Ти нўколи не повинен забувати про ўстинну вўрнўсть. Повертай ∙∙ цўлком."
"philosophy","фўлософўя"
"always be used to close most menus, as well as ","завжди можна використовувати для закриття бўльшостў меню, а також "
"Beekeeping","Бджолярство"
"Carve a track in a stone floor.  Tracks are used by minecarts with routes set in the hauling menu.","Висўкти колўю в кам'янўй пўдлозў. Колў∙ використовуються вагонетками з маршрутами, налаштованими в меню перевезення."
"path not closed, attempting to follow","контур не замкнуто, спроба йти далў"
"There is a mist outside.","На вулицў темўнь."
"Resting injury","Загоїння травми"
"The army is commanded by ","Армўїю командуї "
"living gods and mighty beasts ","живў боги та могутнў звўрў "
"Disdains fairness","Зневажаї справедливўсть"
"being tormented in nightmares by a dead and still annoying acquaintance","потерпаї вўд нўчних жахўть про померлого, але все ще набридливого знайомого"
"rough gems","грубў самоцвўти"
"Well-trained","Добре тренований"
"chieftesses","вождка"
"Blocks creatures but allows the passage of fluids and items.  Can be built on any floor.  Grates unlike bars have a quality and enhance the value of rooms.  Grates can be connected to levers.","Блокуї ўстот, але пропускаї рўдини та предмети. Можна збудувати на будь-якўй пўдлозў. Решўтки, на вўдмўну вўд прутўв, мають якўсть ў пўдвищують вартўсть кўмнат. Решўтки можна пўд'їднувати до важелўв."
"Not anxious","Не тривожний"
"Practicing Surgery","Практика хўрургў∙"
"I will see that our leader gets this offering.","Я простежу, щоб наш лўдер отримав це пўдношення."
"the construction and use of the verge escapement","виготовлення та використання анкерного спуску"
"Name the identity","Назвати особу"
"from the [C:5:0:1]Nobles and administrators[C:7:0:0] menu. ","з меню [C:5:0:1]Знать та адмўнўстратори[C:7:0:0]. "
"Stair mining","Висўкання сходўв"
" in the magma"," в магмў"
"vandalism","вандалўзм"
"medicine:tool:surgical needles","медицина:ўнструмент:хўрургўчнў голки"
"you will need to unretire the fort to play","вам потрўбно буде скасувати вўдставку форту, щоб грати"
"the force","сила"
"coal","вугўлля"
"the finale","фўналу"
"Poor soil","Бўдний єрунт"
"It is abhorrent to seek power over other people.","Прагнути влади над ўншими людьми - це огидно."
"agreed to join","погодився приїднатися до"
"finds merrymaking and partying worthwhile activities","вважаї гулянки та вечўрки корисними заняттями"
"excitement-seeking","шукаї гострих вўдчуттўв"
"Building","Будўвництво"
"I feel somewhat alienated.","Я почуваюся дещо вўдчуженим."
"Mother","Мати"
"Making cave civilizations...","Створення печерних цивўлўзацўй..."
"you become a county then a duchy.  A happy fortress with many exports and massive wealth ","ви не станете графством, а потўм герцогством. Щаслива фортеця з великим експортом ў величезними багатствами "
"mud bags as surgical models","мўшки з грязюкою як навчальнў моделў для хўрургў∙"
"Loyalty","Лояльнўсть"
"The impertinent lava has defaced a ","Лава пошкодила "
"No unmet needs","Немаї незадоволених потреб"
"letter","лист"
"Add a ""Make bed"" task","Додати завдання ""Зробити лўжко"""
"The inhabitants also like to drink from [C:6:0:1]Goblets[C:7:0:0], [C:6:0:1]Cups[C:7:0:0], or [C:6:0:1]Mugs[C:7:0:0].  These must be stored in [C:6:0:0]Chests[C:7:0:0] or ","Мешканцў також люблять пити з [C:6:0:1]Кубкўв[C:7:0:0], [C:6:0:1]Чашок[C:7:0:0] або [C:6:0:1]Кухлўв[C:7:0:0]. Вони повиннў зберўгатися в [C:6:0:0]Скринях[C:7:0:0] або "
"Their eyes are alight with the anticipation of inspecting the splendid products of your industrious ","°хнў очў палають передчуттям огляду чудових виробўв вашо∙ працьовитостў  "
"Click to suspend the task.  Assigned workers are removed from suspended tasks.","Натиснўть, щоб призупинити завдання. Призначених працўвникўв буде звўльнено вўд призупинених завдань."
"defeat","поразка"
"might contain new residents along with their old treasures...  ","можуть мўстити нових мешканцўв разом зў старими скарбами... "
"Window is resizable (takes effect on restart)","Розмўр вўкна можна змўнювати (набуваї чинностў пўсля перезапуску)"
"Status","Статус"
"medicine:tool:surgical scissors","медицина:ўнструмент:хўрургўчнў ножицў"
"discussing mother's problems","обговорення проблем матерў"
"You can sleep using the sleep option in either local play or travel mode.  ","Ви можете спати, використовуючи опцўю сну в режимў локально∙ гри або подорожў. "
"sixth eldest son","шостий син"
"Quick start and short tutorial?","Швидкий старт та коротке навчання?"
"Deselect","Скасувати вибўр"
"Remove this zone permanently.","Видалити цю зону назавжди."
"Track (SE)","Колў∙ (Пвд-СХ)"
"Meeting Area","Зона зустрўчей"
"You will need to appoint a [C:5:0:0]","Вам потрўбно буде призначити [C:5:0:0]"
"Demand surrender and occupy","Вимагати здачў та окупувати"
"Sorting entities...","Сортування цивўлўзацўй..."
"a setting worthy of legends","середовище, варте легенд"
" to handle the matter directly or through another party"," розв'язати питання самостўйно чи через посередника"
"the construction and use of the lever","Спорудження та використання важеля"
"At least it doesn't rain down here.","Принаймнў тут не йде дощ."
" days' travel"," днўв подорожў"
"Adventurer, choose your destiny!","Авантюристе, обери свою долю!"
"tends to form only tenuous emotional bonds with others","маї тенденцўю встановлювати лише поверхневў емоцўйнў стосунки з ўншими"
"My talented bard!  It's such an honor to have you here.","Мўй талановитий бард! Це така честь приймати вас тут."
"mineral remedies","лўки з мўнералўв"
" (You owe "," (Ви виннў "
"Agility","Спритнўсть"
"never envies others their status, situation or possessions","нўколи не заздрить ўншим через ∙хнўй статус, становище чи майно"
"rumored bard","за чутками бард"
" the grip of "," вўд захвату "
" undulating"," хвилястий"
"is depressing","пригнўчуї"
"Fire at enemies","Стрўляти по ворогах"
"Expertly trained","Довершено тренований"
"Certainly considered a thief","Безумовно вважаїться злодўїм"
"Eighteenth","Вўсўмнадцятий"
"Some essential tasks must be assigned from the [C:5:0:1]Labor[C:7:0:0] menu. ","Деякў важливў завдання повиннў бути призначенў з меню [C:5:0:1]Праця[C:7:0:0]. "
"You can build walls aboveground, in caverns, or in spaces you have mined out in order to block the passage of creatures, objects, and fluids.  Requires boulder, block, or wood.","Ви можете зводити стўни на поверхнў, в печерах або у вироблених порожнинах, щоб блокувати прохўд ўстот, предметўв ў рўдин. Потрўбен валун, блок або деревина."
"Copy","Копўювати"
"Poor analytical ability","Поганў аналўтичнў здўбностў"
"many years ago","багато рокўв тому"
"Skilled hunter","Вправний мисливець"
"dwelling upon ","роздуми над "
"Nickname position (adv mode)","Позицўя прўзвиська (режим пригод)"
"Bone Doctor","Хўрург-ортопед"
"Go shopping","Пўти за покупками"
" dancing well."," добре танцюї."
"seventh eldest son","сьомий син"
"known preacher","вўдомий проповўдник"
"Uphold tradition","Пўдтримувати традицў∙"
"come ","прибувають "
"Petty Annoyance","Дрўбна неприїмнўсть"
"lye-bearing ","що мўстить луг "
"Cultures","Культури"
"Listen to Sermon","Слухати проповўдь"
"Crystal glass","Кришталь"
"gears","колўщата"
"a desire to kill the living and any others in opposition","прагнення знищувати все живе та всўх опонентўв"
"Unnamed pit/pond","Безўменна яма/ставок"
"Temperate Coniferous Forest","Хвойний лўс помўрно∙ зони"
"the construction and use of the differential gear","спорудження та використання диференцўала"
"farmer","фермер"
"Scorching","Палюче"
"Thread (Plant)","Нитка (рослинна)"
" of the previous passage"," попереднього пасажу"
"The signs lead east.","Знаки ведуть на схўд."
"Remove an item.","Видалити предмет."
", lightly tapping the target!",", легко торкаючись цўлў!"
"Carpentry Workshop","Майстерня Столяра"
"The signs lead northeast.","Знаки ведуть на пўвнўчний схўд."
"Never.","Нўколи."
" villages which utilize the market here."," села, якў використовують цей ринок."
"[NAME:assemble ","[NAME:зўбратися "
"Failed to find vanilla extinct creatures graphics header.","Не вдалося знайти заголовок графўки ванўльних вимерлих ўстот."
"The regular mining command digs a tunnel into the side of a mountain or deep underground. ","Звичайна команда копання риї тунель у схилў гори або глибоко пўд землею. "
"Tuning is also possible using small levers.  ","Налаштування також можливе за допомогою невеликих важелўв. "
"Lead ","Вести "
"army","Армўя"
"It makes me jolly.","Це робить мене веселим."
"Weapons:","Зброя:"
"'s relationship with ","'s стосунки з "
"Intruder","Порушник"
"Shaken to the core!","Потрясений до глибини душў!"
" happy"," щасливий"
"Dressing Wounds","Перев'язування ран"
"burning away","згораї"
"Testing Arena","Тестувальна арена"
" having more trouble breathing!"," маї бўльше проблем з диханням!"
" pours over the "," ллїться на "
"argument","аргумент"
"Updating a historical figure's unit","Оновлення юнўта ўсторично∙ постатў"
"displeasure","невдоволення"
"Unnamed zoo","Безўменний зоопарк"
"setting ","налаштування "
"a talented bard","талановитий бард"
" Slab"," Меморўал"
"I can't believe how great I feel!","Я не можу повўрити, як добре я почуваюсь!"
"Creatures grow mighty out in the wildest regions.","Ўстоти стають грўзними в найглухўших куточках дико∙ природи."
"War","Вўйна"
"Write about ","Писати про "
"Creature trigger settings","Налаштування тригерўв ўстот"
"blowgunner","духовий стрўлець"
"the relationship between wholes and parts","спўввўдношення мўж цўлим ў частинами"
"Blocks creatures but allows the passage of fluids and items.  Can be built on any floor.  Bars unlike grates do not have a quality and so do not enhance the value of rooms significantly.  Bars can be connected to levers.","Блокуї ўстот, але пропускаї рўдини та предмети. Можна збудувати на будь-якўй пўдлозў. Прути, на вўдмўну вўд решўток, не мають якостў ў тому суттїво не пўдвищують вартўсть кўмнат. Прути можна пўд'їднувати до важелўв."
"There is no love.","Там немаї любовў."
" and is starting to work slowly due to its scarcity"," ў починаї працювати повўльнўше через нестачу матерўалу"
"Remember to assign the [C:5:0:0]Administrator[C:7:0:0] to the [C:3:0:0]Office[C:7:0:0].","Не забудьте призначити [C:5:0:0]Адмўнўстратора[C:7:0:0] до [C:3:0:0]Офўсу[C:7:0:0]."
"come monstrous siege engineers","прибули жахливў облоговў ўнженери"
"Levers are used with machines, doors, floodgates, bridges, cages, and other structures to change their state.","Важелў використовуються з механўзмами, дверима, шлюзами, мостами, клўтками та ўншими спорудами для змўни ∙хнього стану.."
"Used to make lye, potash, and milk of lime.  Construction requires blocks, barrel, and a bucket.","Використовуїться для виготовлення лугу, поташу та вапняного молока. Для будўвництва потрўбнў блоки, бочка та вўдро."
" committing a depraved act upon "," вчиняї розпусний вчинок над "
"Aligned","Приїднаний"
"being nameless","безўменнўсть"
"Finished Goods ","Готових товарўв "
"Choose a stockpile from which the workshop will take items.","Виберўть склад, з якого майстерня братиме предмети."
"These effects are more pronounced deep underground where you can locate the cavern biome and its rich soil.","Цў ефекти бўльш помўтнў глибоко пўд землею, де ви можете знайти бўом печери та його багатий єрунт."
"Track/Ramp (NSW)","Спуск колў∙ (Пвн-Пвд-Зх)"
"I guess I just don't appreciate art.","Менў здаїться, що я просто не цўную мистецтво."
"Really retire?  The world will be saved but","Дўйсно вўдправити у вўдставку? Свўт буде збережено, але"
"chemistry:metallurgy:alloys","хўмўя:металургўя:сплави"
"A masterwork of ","Шедевр "
"I hold the relationships I've forged myself over family ties I had no part in creating.","Я ставляю стосунки, якў вибудував сам, вище за родиннў зв'язки, до створення яких не мав жодного стосунку."
"from the [C:5:0:1]Zones[C:7:0:0] menu. Otherwise your citizens will continue to gather by the [C:6:0:0]Wagon[C:7:0:0] outside.","з меню [C:5:0:1]Зони[C:7:0:0]. В ўншому випадку вашў громадяни продовжать збиратися бўля [C:6:0:0]Воза[C:7:0:0] зовнў."
"Site government: ","Мўсцевий уряд: "
"Not","Не"
"Stone furniture shop","Майстерня кам'яних меблўв"
"Rest (Recovered)","Вўдпочинок (Вўдновлення)"
"Population: >10000","Населення: >10000"
"Respected for fighter","Шанований як боїць"
"The game is open-ended and you can do whatever you choose.  If you'd like a goal, try to become a barony, then a Mountainhome. ","Гра ї вўльною, ў ви можете робити все, що захочете. Якщо ви хочете мати мету, спробуйте стати баронўїю, а потўм Гўрським домом. "
"catacombs","катакомби"
"Track (S)","Колў∙ (Пвд)"
"[C:6:0:1].Needs setting","[C:6:0:1].Потребуї вправлення"
"You feel like you know the basic rules of ","Ви вўдчуваїте, що знаїте основнў правила "
"Windmill","Вўтряк"
" struggles"," б'їться"
"Hated","Ненависний"
"someone","хтось"
"Text...","Текст..."
"any body of water.  It is possible to find water underground, or divert it from the surface.","будь-якою водоймою. Можна знайти воду пўд землею або вўдвести ∙∙ з поверхнў."
"has a very distinct laugh","маї дуже виразний смўх"
" was the place to enjoy oneself."," було мўсцем, щоб розважитися."
", but the attack glances away!",", але атака зўсковзуї!"
"conspiracy","змова"
"leather clothing shop sign","вивўска майстернў шкўряного одягу"
"The most important buttons ","Найважливўшў кнопки "
"Population: ~5000","Населення: ~5000"
"Considers killer","Вважаї вбивцею"
"a stone furniture shop","майстерня кам'яних меблўв"
"Popup: Movement options","Спливаюче вўкно: Параметри руху"
"Consider that most [C:6:0:0]Workshops[C:7:0:0] are 3x3 squares.  Mining through the stone layers further down may take longer, ","Врахуйте, що бўльшўсть [C:6:0:0]Майстерень[C:7:0:0] мають розмўр 3x3 клўтинки. Копання через кам'янў шари глибше може зайняти бўльше часу, "
"Masterwork made","Створено шедеврўв"
"Value of guildhall","Цўннўсть гўльдўйсько∙ зали"
"It is a gelding blow!","Це каструючий удар!"
"'s presence"," присутнўсть"
"until your [C:5:0:0]Broker[C:7:0:0] or another resident arrives at the depot.","поки ваш [C:5:0:0]Брокер[C:7:0:0] або ўнший мешканець не прибуде на ринок."
"Start Fish","Почати риболовлю"
"mythical dungeon","мўфўчне пўдземелля"
"It is a gelding strike!","Це каструючий удар!"
"Continue","Продовжити"
"Population: ~20","Населення: ~20"
"inaccessible from here","недоступний звўдси"
"Claim other death items","Привласнювати чужў предмети померлих"
"There are also predesigned traps, such as [C:6:0:0]Weapon[C:7:0:0], [C:6:0:0]Cage[C:7:0:0], and [C:6:0:0]Stone-Fall Traps[C:7:0:0]. ","Ўснують також готовў пастки, такў як [C:6:0:0]Збройовў[C:7:0:0], [C:6:0:0]Клўтковў[C:7:0:0] та [C:6:0:0]Камнепаднў[C:7:0:0] пастки. "
"Persecutor","Переслўдувач"
"this hospital","ця лўкарня"
"known thief","вўдомий злодўй"
"Make charcoal","Виготовити деревне вугўлля"
"armor","обладунок"
"Chief Medical Dwarf","Головного медичного дворфа"
"Trap components","Компоненти пасток"
"Okay!  I'll do it.","Гаразд! Я зроблю це."
"They accept tribute","Вони приймають данину"
" cough"," кашляїте"
"Infamous villain","Сумнозвўсний лиходўй"
" to interact with nearby objects and environmental features.  In particular, this is an easy way to pick things up. "," щоб взаїмодўяти з найближчими об'їктами та особливостями середовища. Зокрема, це простий спосўб пўдбирати речў. "
" until you are on a stable surface."," Поки ви не опинитеся на стўйкўй поверхнў."
"Seek Mechanism for Trigger","Шукати механўзм для активатора"
" loosen"," послаблюїте"
"night","нўч"
"hates vows, obligations, promises and other binding elements that could restrict ","ненавидить обўтницў, зобов'язання, обўцянки та ўншў зв'язуючў елементи, що можуть обмежити "
"animal","тварина"
" is a group of "," - група з "
"Sword","Меч"
"chipping","вўдколювання"
"ruler","правитель"
"the ruffians","головорўзи"
" in order to have law enforcement look the other way in "," задля того, щоб правоохоронцў заплющили очў на "
"Inaccessible from your location","Недоступно з вашого мўсцезнаходження"
"small","малий"
"[C:6:0:1]Furniture[C:7:0:0] created at the [C:6:0:0]Carpenter's Workshop[C:7:0:0] usually takes one [C:6:0:1]Wood[C:7:0:0] to build.  Add a task and make a [C:6:0:1]Bed[C:7:0:0].  ","[C:6:0:1]Меблў[C:7:0:0], створенў в [C:6:0:0]Столярнўй майстернў[C:7:0:0], зазвичай потребують одного [C:6:0:1]Дерева[C:7:0:0] для створення. Додайте завдання ў зробўть [C:6:0:1]Лўжко[C:7:0:0].  "
"You can also create work orders at specific [C:6:0:0]Workshops[C:7:0:0] from their building sheet. ","Ви також можете створювати робочў замовлення для конкретних [C:6:0:0]Майстерень[C:7:0:0] з ∙хнього аркуша будўвлў. "
"craftsmanship","майстернўсть"
"bitter","гўркий"
"gems... shining","самоцвўти... блискучў"
"a bridge","мўст"
"Considers quarreler","Вважаї скандалўстом"
"Track stops are used in conjunction with the hauling menu.  They can also be used to add friction to minecart tracks.","Стоп-колў∙ використовуються спўльно з меню перевезення. °х також можна застосовувати для додавання тертя до колўй вагонеток."
"has low cheekbones","маї невиразнў вилицў"
"Track (E)","Колў∙ (Сх)"
"horn","рўг"
"Fish Dissection","Рибообробник"
"remembering ","згадування "
"surveying by triangulation for the purpose of creating maps","топографўчне знўмання методом триангуляцў∙ з метою створення карт"
"You named yourself","Ви представилися"
"You can also flying to other altitudes by left/right clicking while the camera is adjusted.","Ви також можете лўтати на ўншў висоти, натискаючи лўву/праву кнопку мишў, коли камеру налаштовано."
"Dig a regular hallway or room.  Assign a miner to the work detail if necessary.  The miner requires a pick.","Викопати звичайний коридор або кўмнату. Призначте шахтаря до цўї∙ спецўалўзацў∙, якщо це необхўдно. Шахтарю потрўбне кайло."
"Dear","Дорогий"
"Cage traps capture intruders in cages.  Must be loaded with a cage.","Клўтковў пастки ловлять порушникўв у клўтки. Пастку необхўдно зарядити клўткою."
"Economy population trigger 3","Тригер населення економўки 3"
"Not wasteful","Не марнотратний"
"Funnels","Лўйка"
"woven clothing shop sign","вивўска майстернў тканиного одягу"
"Cause trouble","Створити проблеми"
"rumored ally","за чутками союзник"
"Archery Training Site","Стрўльбище"
" drop away as "," впасти, одночасно з "
" possession of "," володўння "
"Invaders can break constructed walls","Загарбники можуть ламати побудованў стўни"
"Place the water wheel above flowing water to generate power for machines, such as the millstone or screw pump.","Розмўстўть водяне колесо над поточною водою, щоб виробляти енергўю для таких машин, як жорно чи гвинтовий насос"
"one million","один мўльйон"
"tables","столи"
"Click the add button, and click two corners of a rectangle somewhere safe ","Натиснўть кнопку додавання та виберўть два кути прямокутника в безпечному мўсцў "
"Importing wildlife...","Ўмпорт фауни..."
"Lead animal","Вести тварину"
"song","пўсня"
"a journey","подорож"
" series of variations"," серўя варўацўй"
"The [C:3:0:1]Judge of Intent[C:7:0:0] skill can help you keep tabs on the other speaker's mood.  The people you are conversing with ","Навичка [C:3:0:1]Суддя намўрўв[C:7:0:0] може допомогти вам вўдстежувати настрўй спўврозмовника. Люди, з якими ви розмовляїте, "
"   * Saves colony for split","   * Зберўгаї колонўю для подўлу"
"Prisoners convicted in the Justice menu can be incarcerated at a chain or metal cage in the dungeon zone.","В'язнўв, засуджених у меню правосуддя, можна утримувати на ланцюгу або в металевўй клўтцў в зонў пўдземелля."
" moved on in search of a better future after the horrible mismanagement of "," вирушили далў в пошуках кращого майбутнього пўсля жахливого недбальства "
"Mercenary","Найманець"
"Creative","Творчий"
"Stoneworker","Каменяр"
"Siege Engine","Облогова машина"
"The dance continues.","Танець триваї."
"skilled ","вправних "
"*** Forbidden ***","*** Заборонено ***"
"Seed cap (per species)","Лўмўт насўння (на вид)"
"Sort units by profession name.","Сортувати ўстот за назвою професў∙"
"Butcher","М'ясник"
"No.  That's disgusting.","Нў. Це гидко."
" Floor Hatch"," Люк"
"Vermin Catcher's Shop","Майстерня ловця шкўдникўв"
"the Moon","Мўсяць"
"You have heard this name suggested as a potential guide to faraway places.","Ви чули, що це ўм'я пропонують як потенцўйного провўдника до далеких мўсць."
"Pilgrim","Пўлўгрим"
"Gem cutter's shop","Майстерня ювелўра"
"submission","пўдкорення"
"mother","матўр"
"bone carver's shop sign","вивўска майстернў рўзьбяра по кўстцў"
"below.  If there's no solid ground below the square being channeled, channeling will destroy the floor ","нижче. Якщо пўд клўтинкою, що каналўзуїться, немаї твердого єрунту, каналўзування зруйнуї пўдлогу "
"Offer Service","Запропонувати послугу"
"mining","копання"
"is tiny with ill-defined muscles","крихўтна ўстота з невиразною мускулатурою"
"exasperated","роздратований"
"Exceptionally trained","Винятково тренований"
"fourth eldest son","четвертий син"
" has"," був"
"Garden Vegetables","Овочў"
"Loading object files...  ","Завантаження файлўв об'їктўв... "
"migrating ","мўгруючий "
" laboring"," працюї"
"the oppressors","гнобителўв"
" rendition of "," вўдтворення "
"""You are approaching your destination.  End your travels now and prepare yourself.""","""Ви наближаїтеся до мўсця призначення. Завершўть свою подорож зараз ў приготуйтеся."""
"I made a suggestion about work allocations in a meeting.","Я внўс пропозицўю щодо розподўлу обов'язкўв на зустрўчў."
"Brew","Броварництво"
"legendary hunter","легендарний мисливець"
"Ornamental.  Demanded by some nobles.","Декоративний об'їкт. Вимагаїться деякими аристократами. "
"Butchering requires a sharp-edged weapon or tool, as well as a butcherable carcass.  Butchering is an excellent source of meat.  The other products cannot currently be used.  ","Забўй вимагаї збро∙ або ўнструменту з гострим країм, а також тушў, яку можна обробити. Забўй ї чудовим джерелом м'яса. Ўншў продукти наразў не можна використовувати. "
"Underground Farms","Пўдземнў ферми"
"There are five types of [C:1:0:1]Locations[C:7:0:0], which we'll go over in turn.","Ўснуї п'ять типўв [C:1:0:1]Локацўй[C:7:0:0], якў ми розглянемо по черзў."
"Stone use","Вик каменю"
"Baby+child cap (percentage of total)","Лўмўт немовлят+дўтей (вўдсоток вўд загально∙ кўлькостў)"
"potash maker","виробник поташу"
"It is snowing ","З неба падаї "
"Cataract Surgery","Операцўя з видалення катаракти"
"Although this location is relatively safe, it is recommended that you prepare a squad and get them training at some point. ","Хоча це мўсце ї вўдносно безпечним, рекомендуїться пўдготувати загўн ў розпочати його тренування в якийсь момент. "
"The performers","Виконавцў"
"the Dissolution","Розпад"
"sister","сестра"
"murderer","душогуб"
"fondness","симпатўя"
"artifact is heirloom of family hfid","артефакт ї релўквўїю родини hfid"
"the abduction","викрадення"
" bends"," заламуї"
"Soap Making","Миловарўння"
"Show linked buildings","Показати з'їднанў будўвлў"
"third eldest child","третя дитина"
"attacks","нападаї"
"yarn","пряжа"
" imprint"," вўдбиток"
"technological evolution","технўчна еволюцўя"
" image"," зображення"
"Twelfth","Дванадцятий"
"the construction and use of the funnel","виготовлення та використання лўйки"
"not having enough weapon racks","не маючи достатньо∙ кўлькостў стўйок для збро∙"
"spearmen","списоносець"
"a carpenter's shop","теслярня"
"is","ї"
" has been founded "," було засновано "
"Treasure","Скарб"
" mouth"," рот"
"dining hall (75,50,75)","столова (75,50,75)"
"mason","муляр"
"I'm not going to change my mind.","Я не збираюсь змўнювати свою думку."
"Saving tracking information...","Збереження ўнформацў∙ вўдстеження..."
"began dreaming of creating a great work of art","почав мрўяти про створення шедевра"
"The track stop's vehicle will exchange items with this stockpile.  The vehicle will take desired items and offload any others.","Вўзок на зупинцў колў∙ обмўнюватиметься предметами з цим складом. Вўзок забере потрўбнў предмети та вивантажить усў ўншў."
"To save these settings, choose a name for this embark profile:","Для збереження налаштувань назвўть цей профўль спорядження:"
"You look like a mighty warrior indeed.","Ти й справдў маїш вигляд могутнього во∙на."
"Automate kiln","Автоматизувати випалювальну пўч"
"You can initiate throwing from the inventory menu, or by pressing ","Ви можете розпочати кидання з меню ўнвентарю або натиснувши "
"You can jump while climbing, and you can also release your hold.  In these ways, you might reach areas you can't otherwise reach.  ","Ви можете стрибати пўд час лазўння, а також можете вўдпустити захоплення. У такий спосўб ви можете дўстатися до мўсць, яких ўнакше не досягли б. "
" needs"," потребуї"
"the surgical method of ligature","хўрургўчний метод лўгування"
"a fantastic setting","фантастичний свўт"
"[C:6:0:0].Serious melting","[C:6:0:0].Серйозний опўк"
"Trade is the life-blood of a thriving society.","Торгўвля ї джерелом життя процвўтаючого суспўльства."
"Sage","Мудрець"
"enjoys the company of others","насолоджуїться товариством ўнших"
"Civilization","Цивўлўзацўя"
"This is your former spouse.","Це ваш колишнўй чоловўк/дружина."
"military organization","вўйськова органўзацўя"
"Workers gather food","Робўтники збирають ∙жу"
"Experiencing mortal fear!","Вўдчуваї смертельний страх!"
"Invader days to delay vertical natural wall digging","Днў затримки загарбникўв перед копанням вертикальних природних стўн"
"These ornamental objects increase the value of rooms in which they are placed.  An offering place object must be made before it can be placed.","Цў декоративнў об'їкти пўдвищують цўннўсть кўмнат, у яких вони розмўщенў. Предмет для мўсця пўдношень необхўдно виготовити перед тим, як його можна буде встановити."
"Start painting a new stockpile.  Once the tiles are chosen, you'll be able to set the details.","Почнўть позначення нового складу. Пўсля вибору плиток ви зможете налаштувати деталў."
"the Desert","Пустеля"
"distant ","вўтдалений "
" down by the "," донизу "
"Storage path decrease (seed bag combine)","Зменшення шляху зберўгання (об'їднання мўшкўв з насўнням)"
"This isn't rich soil, but will suffice for now.  Dig deeper to find better soil. ","Це не багатий єрунт, але наразў згодиться. Копайте глибше, щоб знайти кращий єрунт. "
"Never!","Нўколи!"
"You may switch to other forms of [C:6:0:1]Fuel[C:7:0:0] later, such as [C:6:0:1]Coal[C:7:0:0], but you will usually ","Пўзнўше ви можете перейти на ўншў форми [C:6:0:1]Палива[C:7:0:0], наприклад [C:6:0:1]Вугўлля[C:7:0:0], але зазвичай вам "
"frustrated","засмучений"
"Look at the fog out there!","Подивись-но який там туман!"
"Retake hatch to forbid it.","Повернўть люк, щоб заборонити його."
"high-cheekbones","виразнў вилицў"
"was commissioned by","замовлено"
"rotting ","гниючий "
"Lava [","Лава ["
"a new friend","новий друг"
"decided to become a mercenary, operating","вирўшив стати найманцем, орудуючи в "
"You have discovered an unusual volcanic wall studded with gems.","Ви виявили незвичну вулканўчну стўну, вкриту самоцвўтами."
"Equipment","Спорядження"
"was bound to serve","був змушений служити"
"Broker can access depot","Брокер може отримати доступ до ринку"
"freedom","воля"
"teeth","зуби"
" explodes into gore!"," вибухаї кривавою масою!"
"Quit","Вийти"
"somebody","когось"
"Information and guides","Ўнформацўя та путўвники"
"Graphical FPS cap (default 50)","Графўчне обмеження FPS (за замовчуванням 50)"
"Seek Patient for Dress Wound","Шукаї пацўїнта, щоб перев'язати рану"
"Needs ","Потребуї "
"This doesn't outrage me.","Це не обурюї мене."
"Pump Operation","Робота насоса"
"the construction and use of combination locks","спорудження та використання кодових замкўв"
"Tell me about ","Розкажўть менў про "
"Wood Hauling","Перенесення деревини"
"Change the work order priority.  Work orders at the top of the list will use workshops first.","Змўнити прўоритет наряду на роботу. Наряди у верхнўй частинў списку виконуватимуться майстернями в першу чергу."
"older brother","старший брат"
"Occupation/","Окупацўя/"
"boiling crystal glass","кипляче кришталеве скло"
"Click on a [C:2:0:0]Resident[C:7:0:0] to see their needs, inventory, thoughts, relations, and more. ","Натиснўть на [C:2:0:0]Мешканця[C:7:0:0], щоб побачити його потреби, ўнвентар, думки, стосунки та ўнше. "
"left ","лўвий "
"Vessel Crew","Команда судна"
"Galena","Галенўт"
"contains some asides related to the author's preferences","мўстить примўтки щодо вподобань автора"
"fair","чесний"
"and they cannot be controlled directly.  Some followers leave when their task is completed, while others will stay until they are asked to leave.  ","ў ними не можна керувати безпосередньо. Деякў послўдовники йдуть, коли ∙хнї завдання виконано, тодў як ўншў залишаються, поки ∙х не попросять пўти. "
"""I must have ","""Я повинен мати "
"Greatly respected for fighter","Дуже шанований як боїць"
"Sloppy","Неохайний"
"If a gait has two numbers, the first number is the starting speed for the gait, and the second is the maximum speed.  ","Якщо хода маї два числа, перше число - це початкова швидкўсть для цўї∙ ходи, а друге - максимальна швидкўсть. "
"lord consort","лорд-консорт"
"killer","забивач"
"herbalist","травник"
"Channel mining blueprint","Креслення каналу"
"Yes, I want more.  Is that so bad?","Так, я хочу бўльше. Хўба ж це так погано?"
"Bribery","Хабарництво"
"No automatic butchery","Без автоматичного забою"
"clothing import market (50,30,35)","майстерня ўмпортовано∙ тканини (50,30,35)"
"Recommended!","Рекомендовано!"
" half of"," половина"
"discourse on the relationship between objects and their properties","дискурс про спўввўдношення об'їктўв та ∙хнўх властивостей"
"This is your ","Це ваш "
"I requested that more weapons be produced in a meeting.","Я попросив, щоб на зустрўчў виготовляли бўльше збро∙."
"Ungrateful","Невдячний"
"Potash Maker","Виробник поташу"
"during ","пўд час "
"Lake","Озеро"
"the Counting House","Розрахункова палата"
"Reports","Звўти"
"Desired bait: ","Бажана принада: "
"the reasons why screws are effective","причини ефективностў гвинтўв"
"Lover: ","Коханець: "
"younger sister","молодша сестра"
"a recapitulation","репризи"
"Armoring","Виготовлення обладункўв"
"being taxed","оподаткування"
"noted brigand","вўдомий розбўйник"
"luck","вдача"
"has a very distinct laugh for when ","маї дуже виразний смўх, коли "
"You haven't named any position symbols yet.","Назви для символўв посад ще не вказано."
"For simplicity, only the party leader needs to eat and drink, though all party members will sleep aside from whoever is on watch.  ","Для простоти, лише лўдер групи повинен ∙сти та пити, хоча всў члени групи спатимуть, крўм того, хто на вартў. "
"I'm a little gloomy.","Я трохи сумний."
"that it might bathe in misery forever","щоб воно могло купатися в нещастў вўчно"
" would be a safe place to stay."," було б безпечним мўсцем для проживання."
"drums","барабани"
"wood","дерево"
"engineering:optics:parabolic mirror","engineering:optics:параболўчне дзеркало"
"State feelings of great elation","Висловити почуття великого пўднесення"
"From the [C:5:0:1]Tavern Info Menu[C:7:0:0] you can choose to assign [C:5:0:0]Performers[C:7:0:0] or a [C:5:0:0]Tavern Keeper[C:7:0:0] who will serve the ","У [C:5:0:1]Ўнформацўйному меню таверни[C:7:0:0] ви можете призначити [C:5:0:0]Виконавцўв[C:7:0:0] або [C:5:0:0]Корчмаря[C:7:0:0], який буде подавати "
"the construction and use of the astrolabe","спорудження та використання астралябу"
"Engineering","Ўнженерўя"
"the construction and use of the crankshaft","спорудження та використання колўнчастого вала"
"Suck Blood","Пити кров"
"This is your owner.","Це ваш власник."
" during mining"," пўд час копання"
"thresher","молотник"
"infamously quarrelsome","сумнозвўсний скандалўст"
"Counting Tree","Дерево Розрахункўв"
"Later you can assign [C:5:0:0]Doctors[C:7:0:0] to specific roles such as the [C:5:0:0]Diagnostician[C:7:0:0]. ","Пўзнўше ви можете призначати [C:5:0:0]Лўкарўв[C:7:0:0] на конкретнў ролў, такў як [C:5:0:0]Дўагност[C:7:0:0]. "
"an unknown artifact","невўдомий артефакт"
"available to play.","доступний для гри."
"the master-apprentice relationship of","стосунки наставника та учня мўж"
"bone","кўстка"
" from the lead"," зў свинцю"
" quatrain"," катрен"
"grandmother","бабуся"
"Recover pet","Урятувати улюбленця "
"This is travel mode.","Це режим подорожў."
"This is my favorite music.","Це моя улюблена музика"
"the mixture of metals to produce alloys","сумўш металўв для виготовлення сплавўв"
"There is no hope!","Тут нема надў∙!"
"Rude","Грубий"
"This isn't exasperating.","Це не дратуї."
"crime of attempted theft","злочин замаху на крадўжку"
"Remove assignment","Видалити призначення"
"I don't know ","Я не знаю "
"Z Levels Above Layer 1","Z Рўвнўв вище за шар 1"
"Difficulty only affects starting skills and equipment.","Складнўсть впливаї лише на початковў навички та спорядження."
"coal slush","брудне вугўлля"
"Wander Vermin Catch Location","Шукаї мўсце для лову шкўдникўв"
"Cannot raid your civilization","Неможливо грабувати власну цивўлўзацўю"
"shrine","вўвтар"
"Miller","Мўрошник"
"Right click to dismiss the information sheet.","Клацнўть правою кнопкою мишў, щоб закрити ўнформацўйний аркуш."
"the lithotomy surgery","операцўя лўтотомў∙"
"When the caravan arrives at the [C:6:0:0]Trade Depot[C:7:0:0], you must click on the depot and select [C:5:0:1]""Bring Goods to Depot""[C:7:0:0]. ","Коли караван прибуваї на [C:6:0:0]Торговий ринок[C:7:0:0], ви повиннў натиснути на ринок ў вибрати [C:5:0:1]""Доставити товари на ринок""[C:7:0:0]. "
"Unnamed","Безўменний "
"Here's something you might be interested in...","Маю дещо, що точно вас зацўкавить..."
"grabs","хватаї"
"clear","чистий"
"Traps and levers","Пастки та важелў"
" finely-crafted"," тонко виготовлений"
"Setting plant","Встановлення рослини"
"No butchery tool available.","Немаї доступних ўнструментўв для забою."
"Rollers","Ролўкў"
"Add new task","Додати нове завдання"
"I feel so defeated...","Я почуваю себе таким переможеним..."
"not consumed","не спожито"
"the glass lens","скляна лўнза"
"stone boulders","кам'янў валуни"
"Sorting plants...","Сортування рослин..."
"So I overindulge sometimes.","Ўнодў я зловживаю."
"Night creatures!","Нўчнў ўстоти!"
" would make a good base for a mercenary."," було б хорошою базою для найманця."
"  It is said that "," Кажуть, що "
"Preterite","Претерит"
"Hot","Спекотно"
"Thirsty!","Хочу пити!"
"If your needs aren't met, you won't perform quite as well in most situations.  ","Якщо вашў потреби не задоволенў, ви будете дўяти не так добре в бўльшостў ситуацўй. "
"strikes","б'ї"
" birth."," народження."
"Construction nearly done.","Будўвництво майже завершено."
"overview","огляд"
"[C:6:0:1]Skins[C:7:0:0] can be obtained by butchering [C:2:0:0]Livestock[C:7:0:0] at the [C:6:0:0]Butcher's Shop[C:7:0:0]. ","[C:6:0:1]Шкури[C:7:0:0] можна отримати, забиваючи [C:2:0:0]Худобу[C:7:0:0] у [C:6:0:0]М'яснўй лавцў[C:7:0:0]. "
"A chain can be placed for use in the justice system or for the restraint of an animal.","Ланцюг можна встановити для використання в системў правосуддя або для утримання тварини на прив'язў."
"Animals, Hunting Training","Тварини, навчання полюванню"
"Fishery","Рибальська лавка"
"a well-known thug","вўдомий бандит"
"Leading animal","Ведення тварини"
" lies on the ground."," лежить на землў."
"Burning","Горўння"
" places"," робить"
"Dizzy","Запаморочення"
"Archery Target","Мўшень"
"Faint","Непритомний"
"Fishing/Related","Риболовство/Сумўжне"
"the distinction between acute and chronic conditions","вўдмўннўсть мўж гострими та хронўчними станами"
"central","центральний"
"Image information for engraving","Ўнформацўя про зображення для гравўрування"
"Start Pump Manually","Запустити ручне вўдкачування"
"Woodcutting","Рубка дерева"
"a series of variations","серў∙ варўацўй"
"Spouse","Чоловўк/дружина"
"a melee weapon or technique","зброя чи технўка"
"Some injuries require [C:6:0:1]Splints[C:7:0:0], or [C:6:0:1]Gypsum Plaster Powder[C:7:0:0] for [C:6:0:1]Orthopedic Casts[C:7:0:0].  [C:6:0:1]Soap[C:7:0:0] is necessary to prevent infection. ","Деякў травми потребують [C:6:0:1]Шин[C:7:0:0] або [C:6:0:1]Порошку гўпсу[C:7:0:0] для [C:6:0:1]Ортопедичних пов'язок[C:7:0:0]. [C:6:0:1]Мило[C:7:0:0] необхўдне для запобўгання ўнфекцўям. "
"Legendary monster","Легендарний монстр"
" (1 of 8)"," (1 з 8)"
"Certainly feared as a monster","Безумовно бояться як монстра"
"Let's make a safe place to work.  Select [C:5:0:1]Regular Mining[C:7:0:0] mode, to the left of [C:5:0:1]Stair Mining[C:7:0:0] mode.","Давайте зробимо безпечне мўсце для роботи. Виберўть режим [C:5:0:1]Звичайне копання[C:7:0:0], лўворуч вўд режиму [C:5:0:1]Копання сходўв[C:7:0:0]."
"Whatever possessed you to brave these wilds, where our animal friends are even larger than your kind than usual, we do not know.  But know that this land is sacred to us, these trees more than any others.","Ми гадки не маїмо, що змусило вас кинути виклик цим диким землям, де нашў друзў-звўрў ще бўльшў, нўж зазвичай для вашого роду. Але знайте, що ця земля священна для нас, а цў дерева - понад усе."
"Upright Spear/Spike","Висувний спис/кол"
"heard ","чув "
" giving a creditable sermon."," виголошуї гўдну проповўдь."
"doesn't care about art one way or another","не маї жодного ўнтересу до мистецтва"
"old clothing","старий одяг"
"Spouse does the expelling","Чоловўк/дружина виганяї"
"Saving squads...","Збереження загонўв..."
"Emotions","Емоцў∙"
"boiling lye","нагрўвати луг"
"a great feel for social relationships","чудове вўдчуття соцўальних стосункўв"
"Genius","Генўй"
"State opinion that it was inevitable","Висловити думку про те, що це було неминуче"
"Imported Clothing","Ўмпортований Одяг"
" the story in vivid detail."," ўсторўю в яскравих деталях."
"To trade with the autumn caravan, you must build a [C:6:0:0]Trade Depot[C:7:0:0] from the [C:5:0:1]Build[C:7:0:0] menu.","Щоб торгувати з осўннўм караваном, ви повиннў побудувати [C:6:0:0]Торговий ринок[C:7:0:0] з меню [C:5:0:1]Будувати[C:7:0:0]."
"Division","Дўлення"
"it","вўн"
" led by "," на чолў з "
" was recovered by "," був урятований "
"home","дўм"
"the Dungeon","Пўдземелля"
"Former ","Колишнўй "
" [C:VAR:MEETING:ACTOR]is expected, and if you are able to provide some, the caravan will offer "," [C:VAR:MEETING:ACTOR]очўкуїться, ў якщо ви зможете його надати, караван запропонуї "
"rumored murderer","за чутками душогуб"
"Disdains romance","Зневажаї романтику"
"Tropical Dry Broadleaf Forest","Тропўчний сухий широколистяний лўс"
" other groups vying for control."," ўншў угруповання, що борються за владу"
"Messenger","Гўнець"
"the method of forming precise models for the paths of astronomical objects","метод створення точних моделей траїкторўй астрономўчних об'їктўв"
"pasture (0,255,0)","пасовище (0,255,0)"
"Video","Вўдео"
"Alert","Тривога"
" Wall Grate"," Грати в стўнў"
"No","Нў"
"vibrating","вўбруї"
"what","Що"
"is not particularly interested in what others think of ","мало переймаїться тим, яко∙ думки про нього ўншў "
"Will do available tasks anywhere","Виконуватиме доступнў завдання будь-де"
"Baby","Дитинча"
"the Mechanical Compass","Механўчний компас"
"held by ","утримуїться "
" Casket"," Труна"
"Siege equipment","Облогове спорядження"
"dreams of creating a great work of art","мрўї про створення шедевра"
"after the death of ","пўсля загибелў "
"Make potash from lye","зробити поташ з лугу"
"Beware their ","Бережўться ∙хнўх "
"Fourth","Четвертий"
"What did you have in mind?","Що ви мали на увазў?"
"Build an elaborate water-powered contraption or domesticate previously untameable wild beasts. ","Побудуйте хитромудрий водяний пристрўй або одомашнўйте ранўше неприручних диких звўрўв. "
"conducting a meeting in ","проводить зустрўч у "
"Group/","Група/"
"string","рядок"
"There may be plenty of hillside to dig into, but you'll want to seek wealth below the surface.","Можливо, ї багато схилўв пагорбўв, куди можна копати, але ви захочете шукати багатства пўд поверхнею."
"stoneworker","каменяр"
" even more sick!"," ще гўрше!"
"screams","кричить"
" hand armor"," обладунок для рук"
"creating an artifact","створюї артефакт"
" is ripped to shreds!"," розўрване в шматки!"
"pearl","перлина"
"personally ","особисто "
"you are so clever I must concede!","ви настўльки розумнў, що я мушу здатися!"
"the reasons why the lever is effective","причини ефективностў важўля"
"a road","дорога"
"Statues can be used to decorate your fortress and add value to your rooms.  A statue object must be made at an appropriate workshop first.","Стату∙ можна використовувати для прикрашання вашо∙ фортецў та пўдвищення цўнностў кўмнат. Спочатку об'їкт стату∙ необхўдно виготовити у вўдповўднўй майстернў."
"known enemy","вўдомий ворог"
"Use Name Seed","Застосувати генератор ўмен"
"Business rival","Дўловий суперник"
"Tribute/","Данина/"
"These can also be assigned from the squad menu.","°х також можна призначити з меню загону."
"from","вўд"
"Specify plant","Вказати рослину"
"Tropical Freshwater Pool","Прўсна водойма тропўчного поясу"
"famous training partner","вўдомий партнер по навчанню"
"the distinction between veins and arteries","вўдмўннўсть мўж венами та артерўями"
"nostalgic","ностальгўчний"
"Something has pulled a lever!","Хтось потягнув за важўль!"
"Masterpiece crafted","Шедевр створений"
"Saving activities...","Збереження активностей..."
"[C:7:0:0] from the [C:5:0:1]Nobles and administrators[C:7:0:0] menu. ","[C:7:0:0] з меню [C:5:0:1]Знать та адмўнўстратори[C:7:0:0]. "
"star chart","зоряна карта"
"chin","пўдборўддя"
"a triangular configuration of numbers relating to the successive powers of any sum","трикутна конфўгурацўя чисел, пов'язана з послўдовними степенями будь-яко∙ суми"
"Citizens that cannot be buried properly can still be memorialized on slabs.  Slabs are created and engraved at the stoneworker's shop.","Громадян, яких неможливо поховати належним чином, усе ще можна вшанувати на меморўальних плитах. Плити створюються та гравюються в каменярнў."
"Really quit?  The fort will be saved but","Дўйсно вийти? Форт буде збережено, але"
"Hunting vermin for food","Полювання на шкўдникўв заради ∙жў"
"Citizen/resident dig speed (more = faster)","Швидкўсть копання громадян/мешканцўв (бўльше = швидше)"
"Artifact Theft","Крадўжка артефакту"
"Values cunning","Цўнуї хитрўсть"
"Swordmaster","Майстер меча"
"the Dance","Танець"
"This organizational activity will branch into specific play events.","Ця органўзацўйна дўяльнўсть розгалужуватиметься на конкретнў ўгровў подў∙."
" wind instrument consisting of a central wind chest and "," духовий ўнструмент, що складаїться з центрально∙ повўтряно∙ камери та "
"legendary dancer","легендарний танцюрист"
"Forest","Лўс"
"truly values merrymaking and parties","щиро цўнуї гулянки та вечўрки"
"Cages, ropes, and animal traps are found here.  Cages can be used in cage traps or to transport large animals.  Metal cages and chains are also used by the justice system.","Тут зберўгаються клўтки, мотузки та пастки для тварин. Клўтки можна використовувати у клўткових пастках або для перевезення великих тварин. Металевў клўтки та ланцюги також застосовуються системою правосуддя."
"About DF","Про DF"
"hanging from ","висить на "
"Mechanism Room","Машинне вўтдўлення"
"Food ","Харчовий "
"Remember, your workers do not eat raw fish!  You must build a [C:6:0:0]Fishery[C:7:0:0] to prepare them. ","Пам'ятайте, вашў робўтники не ∙дять сиру рибу! Ви повиннў побудувати [C:6:0:0]Рибальську лавку[C:7:0:0], щоб ∙∙ приготувати. "
" Axle"," Вал"
" caught in a cloud of "," охоплений хмарою "
" the world."," свўт."
"dreams of bringing lasting peace to the world","мрўї принести тривалий мир у свўт"
"When used as a dye, it produces ","при використаннў як барвник створюї "
"See animal","Побачити тварину"
"Trusting","Довўрливий"
" latch on firmly!"," мўцно тримайтеся!"
"Somebody","Хтось"
"infamous information source","сумнозвўсне джерело ўнформацў∙"
"Your possession of ","Ваше володўння "
"Stubborn","Впертий"
"Dismounting","Спўшуїться"
"find relative"," знайти родича"
"look","вигляд"
"Master Thief","Майстер Крадўй"
"to place your pile.  [C:6:0:0]Stockpiles[C:7:0:0] can be placed both on the surface and underground.  ","щоб розмўстити вашу купу. [C:6:0:0]Склади[C:7:0:0] можна розмўщувати як на поверхнў, так ў пўд землею.  "
"refined coal","очищене вугўлля"
"Vacant Shop","Пустий магазин"
"the death","смерть"
"This is the squad menu. ","Це меню загону. "
"Temperate Freshwater River","Прўсна рўчка помўрного поясу"
"cataract surgery","операцўя з видалення катаракти"
"gem cutter","ювелўр"
" Spring"," Весна"
"I try not to interrupt.","Я намагаюсь не перебити."
"Stoneworking Workshop","Каменярня"
"inevitable","неминуче"
"Unnamed ","Безўменний "
"Archery targets are used in archery range zones for training archers.","Стрўлецькў мўшенў використовуються на стрўльбищах для вишколу стрўльцўв."
"make a counteroffer if your offer is almost acceptable.  ","зробити зустрўчну пропозицўю, якщо ваша пропозицўя майже прийнятна. "
"The occupation of ","Окупацўя "
"I am not filled with loathing.","Я не переповнений огидою."
"ghost","привид"
"Specify ","Вказати "
"Game","Гра"
"You can strike, wrestle, or shoot to engage in combat.  You can also throw objects in your inventory.  ","Ви можете завдавати ударўв, боротися або стрўляти, щоб вступити в бўй. Ви також можете кидати предмети зў свого ўнвентарю. "
" latch on firmly"," мўцно тримаїться"
"So exasperating!","Як це дратуї!"
"How frustrating!","Як це обурюї!"
"a relative of the author","родич автора"
" roll"," вўдкатуїтесь"
"fish dissector","рибообробник"
"older sister","старша сестра"
"Imports from ","Ўмпорт з "
"[B]The rhythm system is fundamentally polymetric.  There are always multiple rhythm lines, and the beats are always played together, even if one rhythm line completes (and then repeats) before the other is finished.  The rhythm lines are thought of as one, without a primary-subordinate relationship, though individual lines can be named.  ","[B]Ритмўчна система ї фундаментально полўметричною. У нўй завжди присутнў кўлька ритмўчних лўнўй, а удари завжди виконуються разом, навўть якщо одна ритмўчна лўнўя завершуїться (ў потўм повторюїться) ранўше, нўж закўнчуїться ўнша. Ритмўчнў лўнў∙ сприймаються як їдине цўле, без розподўлу на головнў та пўдряднў, хоча окремў лўнў∙ можуть мати власнў назви. "
"sunset","захўд сонця"
"Disdains cooperation","Зневажаї спўвпрацю"
"Organize ","Органўзувати "
"Disabled","Вимкнено"
"Interactions...","Взаїмодў∙..."
"notation for abbreviating the unknown and other elements of an equation in a systematic and useful fashion","система позначень для лаконўчного та зручного запису невўдомих та ўнших елементўв рўвняння"
"business","справи"
"sees power over others as something to strive for","вважаї владу над ўншими чимось, до чого варто прагнути"
"being unable to practice a craft for too long","нездатнўсть займатися ремеслом занадто довго"
"Toggle the visibility of the item.  Hidden items cannot be seen but citizens will still use them.","Перемкнути видимўсть предмета. Прихованў предмети не видно, але громадяни все одно ∙х використовуватимуть."
" giving of "," дарування "
"Vein and gem mining blueprint","Креслення видобутку жил та самоцвўтўв"
" trunk"," стовбур"
"No relevant skills","Не маї вўдповўдних навичок"
"Altruistic","Альтру∙стичний"
", but the attack is deflected by ",", але атака вўдхиляїться "
"the construction and use of the alembic","спорудження та використання аламбўка"
"What is this madness?  Calm yourself!","Що це за божевўлля?  Заспокўйтесь!"
"being beaten with a hammer","був побитий молотом"
"Number of key repeats before accelerating","Кўлькўсть повторўв клавўшў перед прискоренням"
"Claim cages from sprung traps","Повертати клўтки зў спрацьованих пасток"
"Sand Desert","Пўщана пустеля"
"No macros created.","Макроси не створенў."
"the dissection of creatures","розтин ўстот"
"comparative biography","порўвняльна бўографўя"
"Sometimes I think I need a drink, but I can control myself.","Ўнодў я думаю, що менў треба випити, але я можу себе контролювати"
"The steam around the vegetation stops you from setting the fire.","Пара навколо рослинностў не даї вам розпалити вогонь."
"brewing trouble with our neighbors","створення проблем ўз нашими сусўдами через пивоварўння"
" lose"," втрачаїте"
"It might be difficult to find resources.","Може бути важко знайти ресурси."
"End stairway","Закўнчити сходи"
"The story continues.","Ўсторўя триваї."
"tiny ","крихўтний "
"writing","напис"
" Animal Trap"," Пастка на тварин"
"Member of respected group","Член шановано∙ групи"
"I feel jubilation.","Я вўдчуваю трўумф."
"Saving occupations...","Збереження професўй..."
"There are no merchants trading right now.","Зараз тут немаї торговцўв."
" well-crafted"," добре зроблений"
"grinding.","розмелювати."
"eighth eldest daughter","восьма дочка"
"Obsidian","Обсидўан"
"Pumps from the west","Качаї ўз заходу"
"wonder","диво"
"Inappropriate Waterlevel Biome Choice (2)","Невўдповўдний вибўр бўому за рўвнем води (2)"
"Gems","Самоцвўти"
"gem ","самоцвўт "
"famous poet","вўдомий поет"
"inspiration","натхнення"
"Construct workshop","Побудувати майстерню"
"Name the symbol","Назвати символ"
"Disdains sacrifice","Зневажаї жертву"
"The current and optional path to victory is to have your fortress elevated to a barony. ","Поточний ў необов'язковий шлях до перемоги - це пўдвищення вашо∙ фортецў до баронства. "
"'s"," "
"Wilderness irritation decay (more = safer)","Згасання роздратування дико∙ природи (бўльше = безпечнўше)"
"This work of art is a ","Це витвўр мистецтва "
"dye","барвник"
"asking for duties from your leader if you have one, and the ability to trade in shops.  You can also ask anybody to join you, but many people will be shy of danger. ","прохання про обов'язки у вашого лўдера, якщо вўн у вас ї, а також можливўсть торгувати в крамницях. Ви також можете попросити будь-кого приїднатися до вас, але багато людей боятимуться небезпеки. "
"The performing arts are so important.  Let's go!","Сценўчне мистецтво дуже важливе. Ходўмо!"
"Greedy","Жадўбний"
"tiny","крихўтний "
" collide"," зўштовхуїтеся"
"Forbid trap rearming","Заборонити перезаряджання пасток"
"Good intuition","Хороша ўнту∙цўя"
"the Cone","Конус"
"Land holder trade trigger ","Тригер торгўвлў землевласника "
" onslaught!"," натиску!"
"ambivalent","амбўвалентний"
"Later you can consider making a [C:3:0:0]Meeting Area[C:7:0:0] ","Пўзнўше ви можете розглянути створення [C:3:0:0]Мўсця зустрўчей[C:7:0:0] "
"[C:6:0:0]Stockpiles[C:7:0:0] are placed with the [C:5:0:1]Stockpile[C:7:0:0] button (highlighted.)  Click it now.","[C:6:0:0]Склади[C:7:0:0] розмўщуються за допомогою кнопки [C:5:0:1]Склад[C:7:0:0] (видўлена). Натиснўть ∙∙ зараз."
"Your adventure has come to an end.","Ваша пригода завершилася."
"Getting water","Набираї воду"
"Inattentive","Неуважний"
"Water [","Вода ["
" a chokehold on "," задушливий захват на "
"been scuttled.","було знищено."
"Milling Flood","Затопленний млин"
"Quick to love","Швидко закохуїться"
"Wander Vermin Hunting Spot","Блукання в пошуках мўсць зў шкўдниками"
"I won't trade at a loss.","Я не буду торгувати собў на збиток."
"Repeat this pattern until you get below the aquifer.","Повторюйте цей шаблон, поки не опинитеся нижче водоносного горизонту."
"Government","Уряд"
"overthrow","повалення"
"My stones, are you giving me those?  Do you ","Мої камўння, ти вўддаїш його менў? Ти "
"Invader death aversion (nine deaths)","Небажання загарбникўв через смерть (дев'ять смертей)"
"Some discord is a healthy part of society, but we must also try to live together.","Певнў незгоди - це здорова частина суспўльства, але ми також повиннў намагатися жити разом."
"Number of lower elevation layers to show","Кўлькўсть шарўв нижчо∙ висоти для показу"
"legendary enemy","легендарний ворог"
"Seek Patient for Suturing","Шукаї пацўїнта для накладання швўв"
"Action or relationship","Дўя або стосунки"
"getting married","одружуються"
"Grab Armor","Узяти обладунки"
"Stone Furniture","Кам'янў меблў"
"Mods","Моди"
"Seed","Насўння"
"changed ","змўнив "
"Stricken by melancholy...","Уражений меланхолўїю..."
"Coins ","Монет "
"Your name precedes you.  Thank you for all that you have done.  ","Слава про ваше ўм'я йде попереду вас. Дякую за все, що ви зробили. "
"Can Say","Може сказати"
"on the "," "
"[C:VAR:MEETING:ACTOR][VAR:NATIVENAME:MEETING:ACTOR]: Peace is calling out to us.  How do you respond?","[C:VAR:MEETING:ACTOR][VAR:NATIVENAME:MEETING:ACTOR]: Мир кличе нас. Якою буде ваша вўдповўдь?"
"Track (NEW)","Колў∙ (Пвн-СХ-Зах)"
"Would you like to overwrite it?","Бажаїте перезаписати ∙∙?"
"Saving effects...","Збереження ефектўв..."
"Butcher and craft","М'ясник та ремесло"
"South","Пўвдень"
"Most [C:6:0:0]Workshops[C:7:0:0] require building material, such as [C:6:0:1]Wood[C:7:0:0] or [C:6:0:1]Boulders[C:7:0:0].  ","Бўльшўсть [C:6:0:0]Майстерень[C:7:0:0] потребують будўвельних матерўалўв, таких як [C:6:0:1]Дерево[C:7:0:0] або [C:6:0:1]Валуни[C:7:0:0].  "
"Uhh...","Ухх..."
"Performance/","Виступ/"
" Pillar"," Колона"
"Brook: ","Струмок: "
"lakes","озера"
"has its moments of cleverness","Буваї й у нього своїрўдна кмўтливўсть"
"serve ","служити "
" has finished performing."," завершив виступ."
"There","Там"
"Dance form","Танцювальна форма"
"You have known this person your entire life.","Ви знаїте цю особу все свої життя."
"Must remove construction","Потрўбно видалити конструкцўю"
"woman","жўнка"
"Fishermen","Рибалки"
" most of"," бўльша частина"
"furnace operator","оператор печў"
"The enemy!","Ворог!"
" pets"," улюбленцў"
"Make the activation of the work order depend on the status of another work order.","Налаштувати залежнўсть активацў∙ робочого ордера вўд стану ўншого робочого ордера."
"Glacier","Льодовик"
"assign the uniform.  A new uniform can be assigned later. ","призначити унўформу. Нову унўформу можна призначити пўзнўше. "
" speak"," говорить"
"rumored bully","за чутками хулўган"
"finds those that develop skill with weapons and fighting distasteful","зневажаї тих, хто прагне опанувати навички володўння зброїю та бою"
"Y Dimension","вўсь <<y>>"
"Plots","Змови"
"out of","з"
"What's the rush?","Куди поспўшаїш?"
" an enemy."," ворог."
"melted","розплавлений"
"eating in dining room","°сть у ∙дальнў"
"Such happiness!","Таке щастя!"
"Economy production trigger 4","Тригер виробництва економўки 4"
"Codices and scrolls in your library can be stored in bookcases.  A bookcase object must be made before it can be placed.","Кодекси та суво∙ у вашўй бўблўотецў можна зберўгати у книжкових шафах. Об'їкт книжково∙ шафи маї бути виготовлений, перш нўж його можна буде розмўстити."
"Seek Surgery Site","Шукаї операцўйну"
"constables","констеблў"
"barons","барони"
"Bridges can be used to span open spaces or placed above water or magma.  Bridges can be connected to levers and raised to block access.","Мости можна використовувати для перекриття вўдкритих просторўв або розмўщувати над водою чи магмою. Мости можна пўд'їднувати до важелўв ў пўднўмати для блокування доступу."
"grouchy","буркотливий"
"Cloth (silk)","Тканина (шовк)"
"Grass","Трава"
" pinch"," стискаїте"
"You can then build [C:6:0:0]Walls[C:7:0:0] around the stairs until the leaking water is blocked off. ","Потўм ви можете побудувати [C:6:0:0]Стўни[C:7:0:0] навколо сходўв, поки вода, що просочуїться, не буде перекрита. "
"How incredibly interesting!","Як цўкаво!"
" Chest"," Скриня"
"Warning!  The following embark profile name is already in use:","Увага! Ця назва профўлю спорядження вже використовуїться:"
", a talented commander",", талановитий командир"
"niece","племўнниця"
" masterfully designed"," майстерно зроблений"
"Exhausted","Виснажений"
"based on the [C:3:0:1]Leadership[C:7:0:0] skill and the [C:2:0:1]Social Awareness[C:7:0:0] attribute.","базуїться на навичцў [C:3:0:1]Лўдерство[C:7:0:0] та атрибутў [C:2:0:1]Соцўальна обўзнанўсть[C:7:0:0]."
" arrangements"," домовленостў"
"Surgical Needles","Хўрургўчнў голки"
"lies","брехня"
"Distressed!","Засмучений!"
"See great beast","Побачити великого звўра"
"Use the arrow at the top of this window to minimize the tutorial when it obscures your view. ","Використовуйте стрўлку у верхнўй частинў цього вўкна, щоб згорнути навчання, коли воно заважаї огляду. "
"tiny population","крихўтне населення"
"Saving formations...","Збереження формацўй..."
" to start a new life"," почати нове життя"
"Low stamina","Низька витривалўсть"
"siege operator","облоговий машинўст"
"noted thief","вўдомий злодўй"
"Related to historical figure","Пов'язано з ўсторичною постаттю"
"clear glass ","прозоре скло "
"Demand","Вимагати"
"actively avoids exciting or stressful situations","активно уникаї бентежних або стресових ситуацўй"
"Romance","Романтика"
"Testing Arena (Adventurer)","Тестувальна арена (Авантюрист)"
", authored by ",", автор "
"Values independence","Цўнуї незалежнўсть"
"First Adjective","Перший прикметник"
"Floor","Пўдлога"
"Seek Vermin Hunting Spot","Пошук мўсця полювання на шкўдникўв"
"No available item.","Немаї доступних предметўв."
"Object testing arena","Арена тестування об'їктўв"
" left"," злўва"
"Are you sure you want to delete this active world?","Ви впевненў, що хочете видалити цей активний свўт?"
"Watch Dance","Дивитися танець"
"This is done by building a [C:6:0:0]Still[C:7:0:0] from the [C:5:0:1]Build[C:7:0:0] menu using [C:5:0:1]Workshops[C:7:0:0] -> [C:5:0:1]Farming[C:7:0:0] -> [C:5:0:1]Still[C:7:0:0]. ","Це робиться шляхом будўвництва [C:6:0:0]Броварнў[C:7:0:0] з меню [C:5:0:1]Будувати[C:7:0:0], використовуючи [C:5:0:1]Майстернў[C:7:0:0] -> [C:5:0:1]Сўльське господарство[C:7:0:0] -> [C:5:0:1]Броварня[C:7:0:0]. "
" being flayed"," обдирають"
"Noted intruder according","Вўдомий порушник згўдно"
"Workers gather wood","Робўтники збирають деревину"
"I had no room for an official meeting.","У мене не було примўщення для офўцўйно∙ зустрўчў."
" on the second theme"," на другу тему"
"green glass paste","паста з зеленого скла"
"In order to hold [C:6:0:1]Scrolls[C:7:0:0] and [C:6:0:1]Codices[C:7:0:0] you will need [C:6:0:0]Bookcases[C:7:0:0].  You will also need ","Щоб зберўгати [C:6:0:1]Суво∙[C:7:0:0] та [C:6:0:1]Кодекси[C:7:0:0], вам знадобляться [C:6:0:0]Книжковў шафи[C:7:0:0]. Вам також знадобляться "
"Now your [C:2:0:0]Planters[C:7:0:0], those that can access both the [C:6:0:0]Farmplot[C:7:0:0] and the [C:6:0:1]Spawn[C:7:0:0], will plant the field, and after a period of growth, they'll be harvested. ","Тепер вашў [C:2:0:0]Садўвники[C:7:0:0], тў, хто маї доступ як до [C:6:0:0]Грядки[C:7:0:0], так ў до [C:6:0:1]Спори[C:7:0:0], засўють поле, ў пўсля перўоду росту воно буде зўбране. "
"cooking ","готуї "
"eager","нетерплячий"
" improved "," покращено "
"** Starting New Arena **","** Створення ново∙ арени **"
" have married.  Congratulations!"," одружилися. Вўтаїмо!"
"the construction and use of double-acting piston bellows","спорудження та використання двостороннўх поршневих мўхўв"
" began in "," почалося в "
"engineering:machine:theory of screw","engineering:machine:теорўя гвинта"
"Finishing...","Завершення..."
"Disdains leisure time","Зневажаї вўльний час"
"Too many distinct subregions (over by ","Забагато окремих субрегўонўв (перевищення на "
"often touches others during conversations when ","часто торкаїться ўнших пўд час розмов, коли "
"to unpause or use the highlighted controls at the top of the screen.  You should pause regularly starting out.","щоб зняти паузу, або використовуйте видўленў елементи керування вгорў екрана. На початку вам слўд регулярно ставити гру на паузу."
"When you are ready, open the [C:5:0:1]Woodcutting[C:7:0:0] menu and designate the trunk of a tree on the surface.  ","Коли будете готовў, вўдкрийте меню [C:5:0:1]Рубка дерева[C:7:0:0] ў позначте стовбур дерева на поверхнў. "
"you will need to unretire or recruit","вам потрўбно буде скасувати вўдставку або найняти"
"Placed farming entity without orchard crops","Розмўщено аграрну цивўлўзацўю без фруктових культур"
"heard this was the place for those seeking danger.","чув, що це мўсце для тих, хто шукаї небезпек."
" shake"," трясете"
"Wild attack: fast strike, slow recovery, hard but unbalancing/inaccurate","Шалена атака: швидкий удар, повўльне вўдновлення, сильна, але позбавляї рўвноваги / неточна"
"You can recenter on the locations of the announcements. You may also toggle pausing when there is a new announcement.","Ви можете змўнити на мўсця розташування сповўщень. Ви також можете вмикати/вимикати паузу, коли з'являїться нове сповўщення."
"Leave screen","Закрити вўкно"
"legendary loyal soldier","легендарний вўдданий солдат"
"Medicine","Медицина"
"Woodworker","Деревообробник"
"mysterious dungeon","мўстичне пўдземелля"
"northwestern","пўвнўчно-захўдний"
"The "," "
"medicine:method:hernia surgery","медицина:метод:хўрургўя грижў"
"allowed ","дозволив "
"Work orders are used to automate [C:3:0:1]Tasks[C:7:0:0] in [C:6:0:0]Workshops[C:7:0:0]. ","Робочў замовлення використовуються для автоматизацў∙ [C:3:0:1]Завдань[C:7:0:0] у [C:6:0:0]Майстернях[C:7:0:0]. "
"Failed to find vanilla environment header.","Не вдалося знайти заголовок базового середовища."
"Sorting buildings...","Сортування будўвель..."
"the melting of ","плавлення "
"companion","компаньйон"
", the deity of ",", божество "
"engineering:optics:height of atmosphere","engineering:optics:висота атмосфери"
"Fishing Area","Рибальська зона"
"Acquiescing","Покўрний"
"ground amber","перемелений бурштин"
"Greatly respected for protecting the weak","Дуже шанований за захист слабких"
" has mandated the construction of certain goods."," вимагаї випуску певних товарўв."
"Kiln","Пўч для випалу"
"true warrior","справжнўй во∙н"
"Outcast","Вигнанець"
"Night","Нўч"
"the Words","Слова"
"low-cheekboned","ўз низькими вилицями"
"Soap","Мило"
"Play Make Believe","Грати в уявне"
"I like to dress well.","Я люблю гарно вдягатись."
"lock the ways into your fortress.  The ways to build traps are as wild as your imagination. ","заблокувати шляхи до вашо∙ фортецў. Способи будўвництва пасток настўльки ж рўзноманўтнў, як ваша уява. "
"5 years","5 рокўв"
"This is the ","Це "
"marsh","болотний"
" a murderer."," душогуб."
"smoother operation of entity","безперебўйну роботу об'їкта"
"You may also leave a cleared space your tavern-goers will use as a dance floor.  If you have any [C:6:0:1]Musical ","Ви також можете залишити вўльний простўр, який вўдвўдувачў таверни використовуватимуть як танцпол. Якщо у вас ї якўсь [C:6:0:1]Музичнў "
"Most objects that are placed, like [C:6:0:1]Doors[C:7:0:0] and [C:6:0:1]Furniture[C:7:0:0], must first be built in a [C:6:0:0]Workshop[C:7:0:0].  ","Бўльшўсть об'їктўв, якў розмўщуються, як-от [C:6:0:1]Дверў[C:7:0:0] та [C:6:0:1]Меблў[C:7:0:0], спочатку повиннў бути створенў в [C:6:0:0]Майстернў[C:7:0:0].  "
"Potash","Поташ"
"raw green glass","грубе зелене скло"
"No trader needed at depot","Торговець не потрўбен на ринку"
"resentful","ображений"
"themselves","себе"
"Founded/","Засновано/"
"Values tranquility","Цўнуї спокўй"
"You are bound to obey me.","Ти повинен пўдкорятися менў."
"admiration","захоплення"
"Mining continues through new warm stone","Копання триваї крўзь новий теплий камўнь"
"Fort","Форт"
"body level changes","змўни рўвня тўла"
"expectant","сповнений очўкування"
"gelding a creature","кастрацўя ўстоти"
"Civilization: ","Цивўлўзацўя: "
"I shared a personal insight with my mother.","Я подўлилася особистим усвўдомленням зў своїю мамою."
"the surgical method of incision","хўрургўчний метод розрўзу"
"keeps muttering","продовжуї бурмотўти"
"You first, coward!","Ти перший, боягузе!"
"Compressed saves (recommended!)","Стиснутў збереження (рекомендовано!)"
"Cooking","Готування"
"Autumn has come.","Прийшла осўнь."
"Miner destination wiped","Цўль шахтаря скасовано"
"n exceptional"," винятковий"
"Hatches can be placed at the tops of stairwells or above ramps to control movement in the fort when they are forbidden or attached to levers.","Люки можна розмўщувати на вершинах сходових клўток або над пандусами, щоб контролювати пересування фортецею, коли вони заблокованў або пўд'їднанў до важелўв."
"became a ","став <ablt> "
" stands up."," пўдўймаїться."
"Trade Agreement (Exports to ","Торгова угода (Експорт до "
"Popup","Спливаюче вўкно"
"Spear","Спис"
"Mining tasks are designated on the play area.  Begin by clicking the highlighted [C:5:0:1]Mining[C:7:0:0] button.","Завдання на копання позначаються на ўгровўй областў. Почнўть з натискання видўлено∙ кнопки [C:5:0:1]Копання[C:7:0:0]."
"has a large body made larger still by mounds of fat","маї велике тўло, яке стаї ще бўльшим через складки жиру"
"Glass window","Вўкно"
"Free captives belonging to your civilization","Звўльнити бранцўв, що належать до вашо∙ цивўлўзацў∙"
"Tint leather ","Пофарбувати шкўру "
"yard","двўр"
"Leatherworking Pit","Шкўряна яма"
"Generating plants...","Генерування рослин..."
"Moderate","Помўрно"
"Rename this location.","Перейменувати цю локацўю."
"believes that the mastery of a skill is one of the highest pursuits","вважаї, що опанування майстерностў ї одним з найвищих прагнень"
"Animal Training","Дресирування тварин"
"famous comrade","вўдомий товариш"
"If you miss an announcement or would like to review old messages, you can click the indicated button or press ","Якщо ви пропустили сповўщення або хочете переглянути старў повўдомлення, ви можете натиснути вказану кнопку або "
"Nomadic Group","Кочова група"
"The wonder!","Диво!"
"Preferences","Уподобання"
"the Religion","Релўгўя"
"the verse paragraph","вўршований абзац"
"after abducting ","пўсля викрадення "
"Unusable armor","Непридатний обладунок"
"began dreaming of starting a family","почав мрўяти про створення сўм'∙"
"Needs","Потреби"
"the method of collecting and evaluating artifacts to learn about history and culture","метод збирання й оцўнювання артефактўв для вивчення ўсторў∙ та культури"
"return","повернутися"
"'s withdrawal from "," виведення з "
"'s flight"," втеча"
"Make sugar, flour, and various useful slurries here.  Tasks are completed very slowly compared to the powered millstone.","Тут роблять цукор, борошно та рўзноманўтнў кориснў бовтанки. Завдання виконуються дуже повўльно порўвняно з механўчним жорном."
"is tiny overall and in particular incredibly skinny","загалом крихўтна ўстота ў, зокрема, неймовўрно худа"
"children","дўти"
"will be happy that you've slain a dragon, for instance, whether you've received the quest from them or not, and it might be worth ","будуть радў, що ви вбили дракона, наприклад, незалежно вўд того, чи отримали ви квест вўд них, ў це може бути вартим "
"Metal","Метал"
"gratitude","вдячнўсть"
"Bar/Block ","Злиткўв/блокўв "
"wish to trade or to make an offering to our leader?","бажаїте торгувати чи зробити пўдношення нашому лўдеру?"
" body level"," рўвень тўла"
"Cloth (Plant)","Тканина (рослинна)"
"[B]The rhythm system is fundamentally polyrhythmic.  There are always multiple rhythm lines, and each of their bars is played over the same period of time, regardless of the number of beats.  The rhythm lines are thought of as one, without a primary-subordinate relationship, though individual lines can be named.  ","[B]Ритмўчна система ї фундаментально полўритмўчною. У нўй завжди присутнў кўлька ритмўчних лўнўй, ў кожен ∙хнўй такт виконуїться протягом однакового промўжку часу, незалежно вўд кўлькостў ударўв. Ритмўчнў лўнў∙ сприймаються як їдине цўле, без розподўлу на головнў та пўдряднў, хоча окремў лўнў∙ можуть мати власнў назви. "
" collapses into a lump of gore!"," перетворюїться на купу криваво∙ маси!"
"Forbid cages from sprung traps","Заборона клўток зў спрацьованих пасток"
"Stone","Камўнь"
"mechanisms","механўзми"
"Demand period (more = fewer)","Перўод вимог (бўльше = менше)"
"Fearful","Боязкий"
"  we've got "," у нас тут "
" has dyed a masterpiece!"," було пофарбовано шедевр!"
"the Hourglass","Пўсочний годинник"
" attack on "," напад на "
" take"," забираїте"
", where 1 is the tonic, O marks the octave and x marks other notes.  ",", де 1 - тон, O позначаї октаву, а x позначаї ўншў ноти.  "
"It feeds on blood.","Воно харчуїться кров'ю."
"Give in to the Night","Поступитися Ночў"
"Guard Taxes","Податкова охорона"
"The patterns are to be played in the same beat, allowing one to repeat before the other is concluded.  ","Паттерни виконуються в одному ритмў, дозволяючи однўй повторюватися до того, як завершиться ўнша. "
"the throne room","тронний зал"
"Capture and train small animals here.  Requires animal traps.","Ловўть та приручайте тут дрўбних тварин. Потребуї пасток для тварин."
"Constructions","Конструкцў∙"
"Stoneworking Pit","Яма Камнерўза"
"Anxious","Тривожний"
"Custom world name","Власна назва свўту"
"fifth eldest son","п'ятий син"
"Intemperate","Нестриманий"
"there's just no way you can believe something so stupid.","просто неможливо повўрити в таку дурўсть."
"Religion","Релўгўя"
"rancid","прогўрклий"
" artfully deliver"," майстерно виголошуї"
"engineering:fluid:theory of siphon","engineering:fluid:теорўя сифону"
" Seed: "," Зерно: "
"I hate them.","Я ненавиджу ∙х."
"This isn't the time for jubilation.","Зараз не час для трўумфування."
"It was last rumored to be ","Останнў чутки кажуть, що це "
"Soap (Desired): ","Мило (потрўбно): "
"trade from the list on the right.  Then hit [C:5:0:1]""Trade""[C:7:0:0].  The trader will accept if the deal is fair and ","запропонувати в обмўн зў списку праворуч. Потўм натиснўть [C:5:0:1]""Торгувати""[C:7:0:0]. Торговець прийме угоду, якщо вона справедлива ў "
"Cloth (metal)","Тканина (метал)"
"Cleaning stranded objects...","Очистка ўзольованих об'їктўв..."
"autumn","осўнь"
"Interactive tutorial","Ўнтерактивний пўдручник"
"eighth eldest child","восьма дитина"
"rotten","гнилий"
" block "," блокуїте "
"Fool!","Дурень!"
"Disdains independence","Зневажаї незалежнўсть"
"The color ","Колўр "
"Legendary enemy fighter","Легендарний ворожий боїць"
"The signs lead north.","Знаки ведуть на пўвнўч."
"Relations","Вўдносини"
" making a submissive gesture"," робить покўрний жест"
"Main menu","Головне меню"
"Profile ","Профўль "
"because it was destined","бо так було визначено долею"
"gleeful","веселий"
"When your view is in the air above other tiles, you can see them below, but you can only interact with objects in your current elevation.","Коли ваш огляд знаходиться в повўтрў над ўншими клўтинками, ви можете бачити ∙х унизу, але взаїмодўяти можете лише з об'їктами на вашўй поточнўй висотў."
" in the lava"," у лавў"
"the construction and use of the tumbler lock","спорудження та використання сувальдного замка"
"Automatically butcher carcasses","Автоматично забивати тушў"
"The supplies on the wagon are in danger of being carried off by wild creatures!  ","Припаси на возў в небезпецў бути викраденими дикими ўстотами! "
" to sabotage the activities of "," саботувати дўяльнўсть "
" throne"," трон"
"This engraving appears on a wall ","Це вигравування знаходиться на стўнў "
"Prefer zones for fishing","Надавати перевагу зонам для риболовлў"
"Finalizing languages...","Завершення мов..."
"geography","географўя"
"Agreements","Угоди"
"I must practice the fighting arts.","Я мушу практикувати бойовў мистецтва."
" with some others"," з деякими ўншими"
"local ","мўсцевий "
"You can also compose poems, songs, and choreography if you know a relevant art form.  ","Ви також можете складати вўршў, пўснў та хореографўю, якщо знаїте вўдповўдний вид мистецтва. "
"Save and continue playing","Зберегти та продовжити гру"
"Restraint","Прив'язь"
"You need to select the crops to be grown each season. ","Вам потрўбно вибирати культури для вирощування кожного сезону. "
"Hold","Тримати"
"Tropical Saltwater River","Солона рўчка тропўчного поясу"
"wooden ","дерев'яний "
"the peace-making of","миротворчўсть"
"metals","метали"
"Population: ~50","Населення: ~50"
"claims it as an heirloom in the name of the family ancestor ","оголошуї це сўмейною релўквўїю вўд ўменў пращура свого роду "
" civilization of "," цивўлўзацўя "
"became obsessed with an inscrutable goal","зациклився на незбагненнўй метў"
" foot armor"," обладунок для стоп"
"To stop some enemies from entering your fortress use [C:5:0:1]Build[C:7:0:0] -> [C:5:0:1]Machines/fluids[C:7:0:0] -> [C:5:0:1]Lever[C:7:0:0] to build a [C:6:0:0]Lever[C:7:0:0]. ","Щоб зупинити деяких ворогўв вўд проникнення у вашу фортецю, використовуйте [C:5:0:1]Будувати[C:7:0:0] -> [C:5:0:1]Машини/рўдини[C:7:0:0] -> [C:5:0:1]Важўль[C:7:0:0], щоб побудувати [C:6:0:0]Важўль[C:7:0:0]. "
"Cook","Кухар"
"kinds as well as some [C:6:0:1]Rough Gems[C:7:0:0] if you are lucky.","видўв, а також трохи [C:6:0:1]Грубих самоцвўтўв[C:7:0:0], якщо пощастить."
"Struck economic mineral","Знайдено цўнний мўнерал"
"You can also cause trouble if you'd like to raid your neighbors. ","Ви також можете створювати проблеми, якщо хочете пограбувати сво∙х сусўдўв. "
"Competing were ","Учасники змагань "
"fishing labor assigned will begin fishing automatically.","рибальською роботою почне рибалити автоматично."
"Ramps and channels","Пандуси та канали"
"Front Compound","Переднўй складений"
"telling somebody about being trapped here","розповўдаї про те, як опинився тут у пастцў"
"Select a butchery tool.","Виберўть ўнструмент для забою."
"The Night","Нўч"
"my lover","мої кохання"
" starts getting bored"," починаї нудьгувати"
"dialog","дўалог"
"Population: ~200","Населення: ~200"
"Removing traffic designations","Видалення позначок трафўку"
"Move the camera down","Перемўстити камеру вниз"
"surgeon","хўрург"
"triumph","трўумф"
"delighted","втўшений"
"Listen to Story","Слухати ўсторўю"
"Bah!  I hope you aren't celebrating something.","Пху! Сподўваюся, ви тут не святкуїте щось."
", metal armor",", металевў обладунки"
"Thick fog","Густий туман"
"a clothing imports store","крамниця ўмпортного одягу"
"relies on the advice of others during decision making","покладаїться на поради ўнших пўд час прийняття рўшень"
"nothing.","нўчого."
"medicine","медицина"
"the game progresses.  Use the [C:5:0:1]Nobles and administrators[C:7:0:0] menu to check their wants and needs.","у мўру розвитку гри. Використовуйте меню [C:5:0:1]Знать та адмўнўстратори[C:7:0:0], щоб перевўрити ∙хнў бажання та потреби."
" placement of "," розмўщення "
"Link lever","З'їднати важўль"
"Morning","Ранок"
"a mythical dungeon","мўфўчне пўдземелля"
"Assign a training order.  The squad must be assigned to a barracks zone with the training option set.","Призначити наказ на тренування. Загўн необхўдно закрўпити за зоною казарми ўз налаштованим параметром тренувань."
"Cold","Холодний"
"Succumb to the invasion","Поступитися вторгненню"
"Horizontal ","Горизонтальний "
"is shameless, absolutely unfazed by the thoughts of others","безсоромна, абсолютно байдужа до думки ўнших"
"being shot","пострўл"
"Prepare a raw fish","Приготувати сиру рибу"
"Practice fire","Тренувальна стрўльба"
"Will only do assigned tasks","Виконуватиме лише призначенў завдання"
"Start stairway","Почати сходи"
"The [C:5:0:0]Doctor[C:7:0:0] will need a [C:6:0:0]Table[C:7:0:0] to perform surgeries.  Some injuries will require ","[C:5:0:0]Лўкарю[C:7:0:0] знадобиться [C:6:0:0]Стўл[C:7:0:0] для проведення операцўй. Деякў травми вимагатимуть "
"Resident","Мешканець"
"legendarily polite","легендарно ввўчливий"
"a horribly substandard setting","жахливо неякўсне оточення"
"Siege engines","Облоговў машини"
"Peculiarly secretive...","Дивно скритний..."
"Scheduling squads","Планування загонўв"
"[C:1:0:1]Taverns[C:7:0:0] are where your residents gather to drink, socialize, tell stories, and dance. ","[C:1:0:1]Таверни[C:7:0:0] - це мўсця, де вашў мешканцў збираються, щоб випити, поспўлкуватися, розповўсти ўсторў∙ та потанцювати. "
" lose hold of the "," втрчаїте володўння "
"the construction and use of the armillary sphere","спорудження та використання армўлярно∙ сфери"
"Dancer","Танцюрист"
"You can set your gait/speed and other movement options by clicking the indicated button or pressing ","Ви можете встановити свою ходу/швидкўсть та ўншў параметри руху, натискаючи вказану кнопку або "
"the Underworld","пеклў"
"Shapes...","Форми..."
"infamous villain","сумнозвўсний лиходўй"
"You have composed ","Ви написали "
"(unnamed orders)","(безўменний орден)"
"the insurrection","повстання"
"the Rhythm","Ритм"
"Bowmaking","Виготовлення лукўв"
"Unusable weapons","Непридатна зброя"
"biographical dictionary","бўографўчний словник"
" bridge-passage"," перехўдний пасаж"
"Comedian","Комўк"
"blacksmith","коваль"
" aggressive"," агресивний"
"This is disappointing.","Це розчаровуї."
"Locations","Локацў∙"
"being flayed by ","обдираїться "
" my enemy."," мўй ворог."
"Economic stone","Цўнне камўння"
"Brewer","Бровар"
"The writing ","Письмо "
"Lover","Коханець"
"The sermon continues.","Проповўдь триваї."
" Road"," Дорога"
"fifteen","п'ятнадцять"
"thief","крадўй"
"level","рўвень"
"Zany","Блазен"
"Essay","Есе"
" deity"," божество"
"the Insurrection","Заколот"
" chorus"," приспўв"
"You will need to assign a [C:5:0:0]Doctor[C:7:0:0] to the [C:1:0:1]Hospital[C:7:0:0] from the [C:5:0:1]Hospital Info Menu[C:7:0:0]. ","Вам потрўбно буде призначити [C:5:0:0]Лўкаря[C:7:0:0] до [C:1:0:1]Лўкарнў[C:7:0:0] з [C:5:0:1]Ўнформацўйного меню лўкарнў[C:7:0:0]. "
"he","вўн"
"History","Ўсторўя"
"(Select an item to demand)","(Виберўть предмет для вимоги)"
"Tactical mode is on.  You control everybody manually.  Click to control only this character (others will follow you.)","Увўмкнено тактичний режим. Ви керуїте всўма вручну. Натиснўть, щоб керувати лише цим персонажем (ўншў пўдуть за вами)."
"Driftwood","Плавнева деревина"
" is cloven asunder!"," розрубана навпўл!"
"Slow to hate","Повўльно ненавидить"
"Suspend activities in this zone.  Does not remove the zone.","Призупинити дўяльнўсть у цўй зонў. Зону не видалено."
"flowers","квўти"
"legendary ally","легендарний союзник"
"Memories","Спогади"
"went on this journey out of curiosity.","вирушив у цю подорож з цўкавостў."
" is a treasure of "," ї скарбом "
"humiliated","принижений"
" (Tame)"," (Свўйський)"
"What is your identity's profession?","Яка професўя вашо∙ особи?"
" by a dead animal training partner"," померлим пўдопўчним у дресируваннў"
" Shearable Tissue "," Вовнопридатна тканина "
"Saving game","Збереження гри"
"maternal grandfather","дўдусь по матерў"
"other","ўнше"
"Items","Предмети"
"the trip hammer","механўчний молот"
"Economy population trigger 4","Тригер населення економўки 4"
"I was ","Я був "
"Mill plants","Обробка рослин"
"More complicated buildings from wells to powered machine components to levers and floodgates are found here.","Тут знаходяться складнўшў будўвлў - вўд колодязўв ў компонентўв механўзмўв з живленням до важелўв та шлюзўв."
"tends to be swayed by the emotions of others","схильна пўддаватися емоцўям ўнших"
"incense burning","спалювання пахощўв"
"Last known to be traveling","Останнўй вўдомий подорожуючим"
"by adjusting a slide","регулюванням повзунка"
"Migrating group","Мўгруюча група"
"It was inevitable.","Це було неминуче."
"Start tutorial","Розпочати навчання"
"Thread (Silk)","Нитка (шовк)"
"Once the worker is done, click on the building to select it.","Коли робўтник закўнчить, натиснўть на будўвлю, щоб вибрати ∙∙."
"Adjusting Maps","Коригування мап"
"legendary protector of the weak","легендарний захисник слабких"
"If you want to find a relative, ","якщо ви хочете знайти родича, "
"Fisherdwarf","Рибалка-дворф"
"After harvesting plants like the [C:6:0:1]Pigtail[C:7:0:0], first process them at the [C:6:0:0]Farmer's Workshop[C:7:0:0], then ","Пўсля збору таких рослин, як [C:6:0:1]Косинець[C:7:0:0], спочатку обробўть ∙х у [C:6:0:0]Фермерськўй майстернў[C:7:0:0], а потўм "
"laboring","праця"
"Grand guild unit count","Кўлькўсть юнўтўв велико∙ гўльдў∙"
"Genealogy","Генеалогўя"
"wearing tattered clothing","носить лахмўття"
" has brought back a rumor from abroad."," привўз чутку з-за кордону."
" blocks "," блокуї "
"It is recommended that you prepare a squad and get them training as soon as you can. ","Рекомендуїться пўдготувати загўн ў розпочати його тренування якомога швидше. "
"visiting","вўдвўдуї"
"the method of writing a biography of oneself, particularly as it concerns a military campaign or adventure","метод написання автобўографў∙, особливо щодо вўйськового походу чи пригоди"
"This is so aggravating!","Це так дратуї!"
"Crystal Glass","Кришталь"
"Create world","Створити свўт"
"Load cage trap","Зарядити клўткову пастку"
"Valuable gems and precious metals can be found, along with richer soil, ","Можна знайти цўннў самоцвўти та дорогоцўннў метали, а також багатший єрунт, "
"Click to request workers","Натиснўть, щоб запросити робўтникўв"
"will be installed at ","буде встановлено в "
"Work orders cannot be assigned to this building.","Робочў замовлення не можна призначити для цўї∙ будўвлў."
"was in ","був у "
" always points at others when greeting them"," Завжди вказуї пальцем на ўнших, вўтаючись ўз ними"
"Track/Ramp (NSE)","Спуск колў∙ (Пвн-Пвд-Сх)"
"Priesthood unit count","Кўлькўсть юнўтўв священства"
"It's too much!  You might not be able to keep it down.","Це вже занадто! Тебе може знудити."
"a meager ability with social relationships","мўзерна здатнўсть до соцўальних стосункўв"
"doesn't care about nature one way or another","байдуже ставиться до природи"
"[C:6:0:1]Ore[C:7:0:0] is mined underground, below the soil layers.","[C:6:0:1]Руда[C:7:0:0] видобуваїться пўд землею, пўд шарами єрунту."
"very good intuition","дуже хороша ўнту∙цўя"
"Speaker","Промовець"
"This is a small creature within the trap.","У пастцў перебуваї мала ўстота."
"Fire","Вогонь"
"distant","вўддалено"
"Probing","Зондування"
"Your location","Ваше мўсцезнаходження"
"Architecture:","Архўтектура:"
"To fully function your [C:1:0:1]Hospital[C:7:0:0] needs to have [C:6:0:0]Beds[C:7:0:0], ","Для повноцўнного функцўонування ваша [C:1:0:1]Лўкарня[C:7:0:0] повинна мати [C:6:0:0]Лўжка[C:7:0:0], "
"Woodcutters","Лўсоруб"
" scramble"," вўзповзаїте"
"Workers save bones","Робўтники зберўгають кўстки"
"Any trainer","Будь-який дресирувальник"
"Fog","Туман"
"Do not automate smelter","Не автоматизовувати плавильню"
"Saving units...","Збереження юнўтўв..."
"Stone ","Камнў "
" arrangements than I do."," бўльше домовленостей, нўж я."
"Population: ~300","Населення: ~300"
"Appraiser","Оцўнювач"
"waxing half moon","мўсяць, що росте перша чверть"
"You can alternate between standing and a prone position by clicking the indicated button or pressing ","Ви можете чергувати положення стоячи та лежачи, натискаючи вказану кнопку або "
" to rethink "," переосмислити "
"The World","Свўт"
"[C:7:0:1]Libraries[C:7:0:0]","[C:7:0:1]Бўблўотеки[C:7:0:0]"
"Any ability you possess that doesn't fit elsewhere will appear here.  For instance, many creatures can spit or pet animals.  Others can breathe fire.  ","Будь-яка здўбнўсть, якою ви володўїте ў яка не пўдходить до ўнших категорўй, з'явиться тут. Наприклад, багато ўстот можуть плюватися або гладити тварин. Ўншў можуть дихати вогнем. "
"Creatures...","Ўстоти..."
"the force pump","силовий насос"
"Light","Свўтло"
"Population: ~30","Населення: ~30"
"Good focus","Хороша концентрацўя"
"a free room","вўльна кўмната"
"Strand Extractor","Видобувач волокон"
"methods of adjusting maps to account for the shape of the world","методи коригування мап ўз урахуванням форми свўту"
"improvised music, ","ўмпровўзована музика, "
"Stagnant salt water [","Стояча солона вода ["
" play"," граї"
"Infamous intruder","Сумнозвўсний порушник"
"!  Today only","! Тўльки сьогоднў"
"Embezzlement","Розтрата"
" values parties and merrymaking in the abstract"," загалом позитивно ставиться до вечўрок ў святкувань"
"Along with combat, conversations are where most of the events in play happen.  You can obtain quests, followers, information, ","Поряд ўз боїм, розмови ї тим мўсцем, де вўдбуваїться бўльшўсть подўй у грў. Ви можете отримувати квести, послўдовникўв, ўнформацўю, "
"Removed from guard","Усунуто з варти"
"Woven clothing shop","Майстерня тканиного одягу"
"skulking vermin","пўдступнў потвори"
"Unnamed sculpture garden","Безўменний сад скульптур"
"I conducted an official meeting in a dining room.","Я провўв офўцўйну зустрўч у ∙дальнў."
"select [C:5:0:1]""Trade""[C:7:0:0].  Don't worry if you have no [C:5:0:0]Broker[C:7:0:0], just select [C:5:0:1]""Anyone can Trade""[C:7:0:0].  You cannot trade ","вибрати [C:5:0:1]""Торгувати""[C:7:0:0]. Не хвилюйтеся, якщо у вас немаї [C:5:0:0]Брокера[C:7:0:0], просто виберўть [C:5:0:1]""Торгувати може будь-хто""[C:7:0:0]. Ви не можете торгувати "
"father","батько"
"lasher","батогар"
"Throneroom","Тронний зал"
" have returned."," повернулися."
"Custom Workshop","Майстерня"
"The assigned vehicle wants to be at this stop but is not currently there.  A worker may be bringing it, or it may be stranded.","Закрўплений транспорт маї перебувати на цўй зупинцў, але наразў вўдсутнўй. Можливо, працўвник саме доставляї його, або ж транспорт застряг."
"Move the camera up","Перемўстити камеру вгору"
"thinks that the entire concept of sacrifice for others is truly disgusting","вважаї саму ўдею жертовностў заради ўнших справдў огидною"
"Counting House Storage","Склад розрахунково∙ палати"
"this character to play them again.","цього персонажа, щоб грати ним знову."
"LARGE ISLAND","ВЕЛИКИЙ ОСТРЎВ"
" a piece of"," шматок"
"retrieve","повернув"
"The pain!","Бўль!"
"flux ","флюс "
"generals","головнў"
"Using [C:5:0:1]Mining[C:7:0:0] orders, you'll need to carve out a rectangular area underground for your [C:6:0:0]Farmplot[C:7:0:0]. ","Використовуючи накази [C:5:0:1]Копання[C:7:0:0], вам потрўбно буде видовбати прямокутну дўлянку пўд землею для вашо∙ [C:6:0:0]Грядки[C:7:0:0]. "
"second eldest daughter","друга дочка"
"Noble quarters","Поко∙ знатў"
"Overthrow Agreement","Угода про повалення"
"I guess that would be alienating.","Мабуть, це б вўдштовхувало."
"No assigned or assignable work animals","Немаї призначених або доступних для призначення робочих тварин"
"The [C:5:0:1]Schedule menu[C:7:0:0] is a powerful tool to give automatic orders to the selected squad. ","Меню [C:5:0:1]Розклад[C:7:0:0] - це потужний ўнструмент для надання автоматичних наказўв вибраному загону. "
"Percussionist","Ударник"
"As you dig deeper and more citizens take up residence in your outpost, your doings will attract attention, both wanted and unwanted. ","Чим глибше ви копаїте ў чим бўльше громадян оселяїться у вашому форпостў, тим бўльше вашў дў∙ привертатимуть увагу, як бажану, так ў небажану. "
" in "," в "
"Unnamed fishing area","Безўменна рибальська зона"
"Entertainment Agreement","Розважальна угода"
"faint ","слабкий "
"Unit report tabs","Вкладки звўту пўдроздўлу"
"Number:","Кўлькўсть:"
"Mining continues through new damp stone","Копання триваї крўзь новий вологий камўнь"
"Please understand the journey must be profitable.  Perhaps you'd consider tossing in a little extra?","Будь ласка, зрозумўйте, що подорож маї бути прибутковою. Можливо, ви подумаїте про те, щоб докинути ще трохи?"
"ninth eldest child","дев'ята дитина"
"due to a lack of funds","через брак коштўв"
"after leading an unexciting life","пўсля нецўкавого життя"
" screaming"," кричить"
"Unknown item","Невўдомий предмет"
"Saving projectiles...","Збереження снарядўв..."
"the Tundra","Тундра"
"It is traditionally thought to be ","Традицўйно вважаїться, що це "
" gives you "," даї вам "
"Cloth (yarn)","Тканина (пряжа)"
" hammerstroke"," удар молотом"
"Getting food","Бере ∙жу"
"Attend Meeting","Вўдвўдуї зустрўч"
" Given"," Дарування"
"I'm not expecting anything.","Я нўчого не очўкую."
"population of nearly two million","населення майже два мўльйони"
"Deathly cold","Смертельний холод"
"Weave thread into silk","Ткати нитки у шовк"
"a good setting","гарнў умови"
"raised right arms","пўднятў правў руки"
"Drinks","Напо∙"
"gem cutter's shop sign","вивўска майстернў ювелўра"
" crisply."," чўтко."
"Greetings from the outer lands.  ","Вўтання ўз далеких земель.  "
"slow","сповўльнення"
"is very friendly and always tries to say nice things to others","дуже дружня ў завжди намагаїться говорити приїмнў речў ўншим"
" is too salty."," занадто солоне."
"Power over others is the only true measure of worth.","Влада над ўншими - це їдиний справжнї мўрило цўнностў."
"natural minor","натуральний мўнор"
"There is not enough room to perform here.","Тут недостатньо мўсця для виступу."
"Music Volume (Adventure): ","Гучнўсть музики (Пригода): "
"body","тўло"
"Tropical Freshwater River","Прўсна рўчка тропўчного поясу"
"crystal glass ","кришталь "
"River: ","Рўчка: "
"the exposition","експозицў∙"
"Work orders","Робочў замовлення"
" Destroyed"," Знищено"
"You have no agreements with this land.","У вас немаї угод з цўїю землею."
"Ashes","Попўл"
"Affects stamina recover, ability to remain standing when tired, and breath.","Впливаї на вўдновлення витривалостў, здатнўсть триматися на ногах при втомў та дихання."
"Proud","Гордий"
"Gem window","Вўтраж"
"  The alliance has outlived its usefulness.","  Альянс пережив свою кориснўсть."
"making suggestions about work allocations","пропонування розподўлу працў"
"[C:7:0:1]Taverns[C:7:0:0]","[C:7:0:1]Таверни[C:7:0:0]"
"existential crisis","екзистенцўйна криза"
"Seat","Сидўння"
"They are extinct in this world as well.","Вони вимерли ў в цьому свўтў теж."
"Play ","Грати "
"Stone-fall","Камнепад"
"Spoils Report: ","Звўт про здобич: "
"Residency Agreement","Угода про проживання"
"a talented hunter","талановитий мисливець"
"presser","пресувальник"
"melodic minor","мелодўйний мўнор"
": Toggle line",": Переключити рядок"
"Set worship","Встановити поклонўння"
"Noted preserver of the knowledge","Вўдомий зберўгач знань"
"Legendary fighter","Легендарний боїць"
"Passing acquaintance","Випадковий знайомий"
"profitable ","прибутковий "
"mathematics:algebra:quadratic by completing square","mathematics:algebra:метод видўлення повного квадрата для квадратних рўвнянь"
"The insurrection","Повстання"
"company","компанў∙"
"[C:7:0:1]Drink[C:7:0:0]","[C:7:0:1]Питво[C:7:0:0]"
"pressed coal","пресоване вугўлля"
"Of course.","Звўсно."
"Name the squad","Назвати загўн"
"the Proof","Доказ"
"terror from the evil depths","жах ўз зло∙ глибини"
", a competent commander",", компетентний командир"
"Easier","Легше"
"Setting temperature...","Налаштування температури..."
"Upright weapon/spike","Вертикальна зброя/шип"
" true name.  The location of this place is well-known, but none have penetrated its secrets.  If the true name of the monster can be uncovered, you might be able to end this terror forever."," ўстинне ўм'я. Мўсцезнаходження цўї∙ локацў∙ знають усў, проте жоден не зумўв проникнути в ∙∙ секрети. Якщо ўстинне ўм'я монстра буде розкрите, ви зможете зупинити це тероризування навўки."
"No messengers available","Немаї доступних посланцўв"
"Self-examination","Самоаналўз"
"Impatient","Нетерплячий"
"magma","магма"
"Population: ~100","Населення: ~100"
"Nickname position (fort mode)","Позицўя прўзвиська (режим фортецў)"
"withdrawal","виведення"
"right","права"
" has brought back a few rumors."," привўз кўлька чуток."
"Curious wilderness creatures can come to cause trouble","Цўкавў дикў ўстоти можуть прийти, щоб створити проблеми"
"Not dutiful","Не сумлўнний"
"Not creative","Не творчий"
" to yield in combat.  If the conflict has not reached a No Quarter state, your opponent should stand down.  "," щоб здатися в бою. Якщо конфлўкт не досяг стану ""Не брати полонених"", ваш супротивник повинен припинити бўй. "
"legendary comrade","легендарний товариш"
"added a masterful covering","додано майстерне покриття"
"noted fighter","вўдомий боїць"
"Once this process is complete, you can prepare a group and send them out to seek wealth deep in the mountains. ","Щойно цей процес завершиться, ви зможете пўдготувати групу та вўдправити ∙х шукати багатства глибоко в горах. "
"Remove hidden designations.","Видалення прихованих позначок"
"Then ","Потўм "
"You are also still subject to attack or ambush, though you can see certain groups on the map and may be able to avoid them.  ","Ви також все ще можете пўддатися атацў або засўдцў, хоча ви можете бачити певнў групи на картў ў, можливо, зможете ∙х уникнути. "
"after a nightmare","пўсля кошмару"
"being removed from a performance troupe","Виключення з акторсько∙ трупи"
"Construction suspended.","Будўвництво призупинено."
"noted preserver of knowledge","вўдомий зберўгач знань"
"Avoids excitement","Уникаї хвилювань"
"Make romance","Завести роман"
"Z Levels Above Layer 3","Z Рўвнўв вище за шар 3"
"Artwork","Мистецтво"
"Rooms","Кўмнати"
"Remove the current worker from the task.","Усунути поточного працўвника вўд завдання."
"I'm so terribly lonely!","Я такий одинокий!"
"Nobility","Знать"
" is in fact an assumed identity.  Subject's true name is "," насправдў ї вигаданою особистўстю. Справжнї ўм'я суб'їкта "
"the construction and use of the retort","виготовлення та використання реторти"
"Your settlement has been abandoned.","Ваше поселення було покинуте."
"You continue the music.","Ви продовжуїте грати."
"Population: ~75","Населення: ~75"
"Gem Window","Вўтраж"
"infamous enemy","сумнозвўсний ворог"
" levels)"," рўвнўв)"
" committing a depraved act"," вчиняї розпусний вчинок"
" breaks!"," ламаїться!"
"Disdains decorum","Зневажаї етикет"
"fourth eldest child","четверта дитина"
"added a masterful image","додано майстерне зображення"
"Fight","Бўй"
"Track (NS)","Колў∙ (Пвн-Пвд)"
"Struck mineral","Натрапили на мўнерал "
"grab","хватаїте"
"You have discovered a volcano.","Ви знайшли вулкан"
"Name your pet","Назвати свого улюбленця"
"yes","так"
"My companion.","Мўй супутник."
" somewhere"," десь"
"on the back of ","на зворотньому боцў "
"rumored killer","за чутками вбивця"
"production","виробництво"
"Anguished!","Змучений!"
"Skillfully trained","Вправно навчений"
"rarely looks on others with lust","рўдко дивиться на ўнших з захопленням"
"Eighth","Восьмий"
"File","Файл"
"Deep soil","Єрунт (глибокий)"
"eat","∙сти"
"Make crafts for trade and your own citizens here, as well as a variety of tools, armor, and bolts.","Виготовляйте тут ремўсничў вироби для торгўвлў та для ваших гномўв, а також рўзноманўтнў ўнструменти, броню та болти."
"dabbling trade partner","торговий партнер-початкўвець"
"Cannot link to ","Неможливо з'їднати з "
"satisfied","задоволений"
"Popup: Companions","Спливаюче вўкно: Супутники"
"They offer tribute","Вони пропонують данину"
"the Cause","Цўль"
" being tortured"," катуїться"
"after invocation of the true name","пўсля виголошення ўстинного ўменў"
"Continue moving in the same direction to build up speed.  If you or your mount are moving quickly, your attacks gain velocity.  ","Продовжуйте рухатися в тому самому напрямку, щоб набрати швидкўсть. Якщо ви або ваш верховий кўнь рухаїтеся швидко, вашў атаки отримують додаткову швидкўсть. "
"Click a building to link to ","Натиснўть на будўвлю, щоб з'їднати з "
"Metal Crafts","Металевў вироби"
"] hotkey will recenter on your wagon.","] гаряча клавўша центруї на вашому возў."
" and geldables regrow!"," та генўталў∙ вўдростають знову!"
"Disdains family","Зневажаї сўм'ю"
"If you haven't suffered any casualties, you should have these labors assigned already. ","Якщо ви не зазнали втрат, цў роботи вже мають бути призначенў. "
"Chronicle","Хронўка"
"Popup: Abilities","Спливаюче вўкно: Здўбностў"
"After a polite discussion with local rivals, ","Пўсля ввўчливого обговорення з мўсцевими конкурентами, "
"Tropical Saltwater Swamp","Солоне болото тропўчного поясу"
"'s foundation"," заснування"
"added a masterful rope","додано майстерну мотузку"
"Digging a ramp into a wall on the same level will create a connection to the higher level and remove the ceiling. ","Риття пандуса в стўну на тому ж рўвнў створить з'їднання з вищим рўвнем ў прибере стелю. "
"Trap","Пастка"
"chosen by fate as the vanguard of destiny.  ","обраний долею як авангард приречення.  "
"Bonded","Прив'язаний"
"Remove this condition.","Видалити цю умову."
"[C:VAR:MEETING:ACTOR][VAR:NATIVENAME:MEETING:ACTOR]:  It has been an honor, noble [VAR:NATIVENAME:MEETING:NOBLE].  I bid you farewell.","[C:VAR:MEETING:ACTOR][VAR:NATIVENAME:MEETING:ACTOR]:  Мав за честь, шляхтичу [VAR:NATIVENAME:MEETING:NOBLE].  Я прощаюся з вами."
"Autumn","Осўнь"
" verse paragraph"," вўршований абзац"
"likes a little excitement now and then","любить трошки полоскотати нерви"
"glass ","скло "
"a great setting","чудовў умови"
"You must drive the skulking vermin ","Ви маїте вигнати цих пўдступних потвор "
"My condolences.","Мо∙ спўвчуття."
"Knife","Нўж"
"Blocks creatures but allows the passage of fluids and items.  Can be built over empty spaces, stairs, ramps, or above liquids.  Grates unlike bars have a quality and enhance the value of rooms.  Grates can be connected to levers.","Блокуї ўстот, але пропускаї рўдини та предмети. Можна збудувати над вўльними просторами, сходами, пандусами або над рўдинами. Решўтки, на вўдмўну вўд прутўв, мають якўсть ў пўдвищують вартўсть кўмнат. Решўтки можна пўд'їднувати до важелўв."
"Track/Ramp (EW)","Спуск колў∙ (Сх-Зах)"
"Floating Bodies","Плаваючў тўла"
"talks about others behind their backs","плўткуї про ўнших за ∙хнўми спинами"
"Advancing vegetation","Розвиток рослинностў"
"the Axioms","Аксўоми"
"strike","б'їте"
" way to help others"," спосўб допомогти ўншим"
"Suturing","Накладання швўв"
"produced masterwork","створив шедевр"
"Huh?  What was that?","Га? Що це було?"
" has a tendency to chew on "," маї звичку гризти "
"Temperate Saltwater Pool","Солона водойма помўрного поясу"
"balance","баланс"
" own appearance, abilities and other personal matters"," власна зовнўшнўсть, здўбностў та ўншў особистў справи"
"Ah...  uh...","Ах... ух..."
"The main way is by brewing alcohol. ","Основний спосўб - це варўння алкоголю. "
"Finish setting dig orders.","Завершўть налаштування наказўв на копання"
"Tavern keeper","Корчмар"
"Economy trade trigger 4","Тригер торгўвлў економўки 4"
" out."," над собою."
"Yearly","Щорўчно"
"engineering:machine:chariot odometer","engineering:machine:одометр колўсницў"
"  Perhaps you can gather plants, fruit, or go fishing.","  Спробуйте збирати рослини, фрукти чи порибалити"
"trader","торговець"
"noted villain","вўдомий лиходўй"
"chant","спўв речитативом"
"lye","луг"
"the relationship between the half chords of a triangle's angles, the opposite side lengths, and the diameter of the triangle's circumscribed circle","спўввўдношення мўж напўвхордами кутўв трикутника, довжинами протилежних сторўн та дўаметром описаного кола трикутника"
"Named objects","Назва об'їкту"
"Mathematician","Математик"
"a bridge-passage","перехўдного пасажу"
"Local resident creature named","Мўсцева ўстота-мешканець на ўм'я "
"Tint cloth ","Пофарбована тканина "
" coughs"," кашляї"
"engineering:optics:law of refraction","engineering:optics:закон заломлення"
"Removing dumping designations","Видалення позначок скидання"
"Loss","Втрата"
"Seek Eating Chair","Шукаї стўлець для ∙жў"
"friendly fighter","дружнўй боїць"
"Recovering Wounded","Перенесення поранених"
"determining the likely outcome given a patient's current status","прогнозування перебўгу хвороби за станом пацўїнта"
"Terror","Жах"
"Place carpenter's workshop","Розмўстити теслярську майстерню"
"State feelings of emptiness","Вўдчуття порожнечў"
"Industry","Промисловўсть"
"You have only heard tell of these creatures.","Ви лише чули про цих ўстот."
"Okay","Гаразд"
"Regular mining blueprint","Креслення копання"
"Stop leading ","Припинити вести "
"might become impatient or upset with you.  ","можуть стати нетерплячими або засмученими через вас. "
"with the lead turning out counterclockwise","з витком, що йде проти годинниково∙ стрўлки"
"Archery Practice","Тренування з лука"
"Dye cloth ","Пофарбувати тканину "
"Sleep and rest","Сон та вўдпочинок"
"Gluttony","Ненажерливўсть"
" own experiences and thoughts with others"," власний досвўд та думки з ўншими"
"eating without dining room","не маї ∙дальнў для прийому ∙жў"
"Musical","Музичний"
"No civilized population","Немаї цивўлўзованого населення"
"Who cares what they think?","Хто маї дўло до того, що вони думають?"
" training."," тренування."
"Finalizing creature variations...","Завершення варўацўй ўстот..."
"Regular mining","Копання"
"Poetry","Пў∙тика"
"Strap item","Закрўпити предмет"
" flounders"," спотикаїться"
"with an inscrutable goal","з незбагненною метою"
"If you speak to a priest at a temple or select the Chosen destiny, you might receive a divine quest.","Якщо ви поговорите зў священником у храмў або виберете долю Обраного, ви можете отримати божественний квест."
" has entered a martial trance!"," впав у бойовий транс!"
"No one even considered making the journey to such a cursed unhappy death-trap this season.","Жодна душа цього сезону не наважилася на подорож до цўї∙ проклято∙ смертогубки."
"FPS has dropped below 50. Multithreading is not on, and may improve performance. Do you wish to enable it? (You can always turn it off or on in the options later.)","FPS впав нижче 50. Багатопотоковўсть вимкнена ў може покращити продуктивнўсть. Бажаїте ∙∙ увўмкнути? (Ви завжди можете вимкнути або ввўмкнути ∙∙ в налаштуваннях пўзнўше.)"
"This is a ","Це "
"engineering:machine:windlass","engineering:machine:лебўдка"
"hunting","полювання"
"dietary relationships","рацўон харчування"
" (not possible)"," (неможливо)"
"dyeable ","фарбований "
"the construction and use of the water wheel","спорудження та використання водяного колеса"
"What's going on?!","Що вўдбуваїться?!"
"Wilderness population changes","Змўни популяцў∙ дико∙ природи"
" completely paralyzed!"," повнўстю паралўзований!"
"Your citizens will collect clay at this zone if a clay floor or clay wall is included.  This task is initiated manually at the kiln.","Вашў громадяни збиратимуть глину в цўй зонў, якщо вона мўстить глиняну пўдлогу або глиняну стўну. Ця задача запускаїться вручну у випалювальнўй печў."
"Popup: Hauling","Спливаюче вўкно: Перевезення"
"[C:7:0:0:]Diagnosed with ","[C:7:0:0:]Дўагностовано "
" pushes "," штовхаї "
"Friendly fighter","Дружнўй боїць"
"Time","Час"
"Unnamed dump","Безўменне звалище"
"make weapon","виготовити зброю"
"tomb","гробниця"
"jovial","життїрадўсний"
" finished the construction of "," завершено будўвництво "
"Track (NSE)","Колў∙ (Пвн-Пвд-Сх)"
"Unnamed office","Безўменний офўс"
"mechanical clocks","механўчнў годинники"
"second eldest child","друга дитина"
"Seek Fish Trap","Шукаї риболовну пастку"
"The topic being discussed is ","Обговорювана тема - "
"Saving schedules...","Збереження розкладўв..."
"Hunter","Мисливець"
"Taken by a fright!","Наляканий!"
"You have been ordered to drive these forces out.","Вам наказано вигнати цў сили."
"Set the weather, temperature, and time.","Встановити погоду, температуру та час."
"Somebody help!","Хтось, допоможўть!"
"Noted fighter","Вўдомий боїць"
"Every note is named.  ","Кожна нота маї назву. "
"beating somebody with a hammer","побиття когось молотом"
" is gelded.  "," кастровано. "
"barons consort","барони-консорти"
"You hear ","Ви чуїте "
"Give","Давати"
"theft","крадўжка"
"Plant Gathering","Збирач рослин"
"Removing mining/chopping/gathering/smoothing orders","Прибрати накази/копання/рубка/збўр/шлўфування"
"medicine:tool:plants as surgical models"," медицина:ўнструмент:рослини як навчальнў моделў для хўрургў∙"
"the theory and methods involved in the extraction of a constituent liquid from one solution to another","теорўя та методи, пов'язанў з вилученням складово∙ рўдини з одного розчину в ўнший"
"every season","кожного сезону"
"Performer","Виконавець"
"suspicious","пўдозрўлий"
"Audio","Аудўо"
"agreed to adventure with","погодився на пригоди з"
"Wait, what?","Стривай, що?"
"I was beaten with the hammer.","Мене побили молотом."
" reciting"," декламуї"
"Be careful, for their leader ","Будьте обережнў, бо ∙хнўй лўдер "
"Disdains craftwork","Зневажаї ремесло"
"dreams of crafting a masterwork someday","мрўї колись створити шедевр"
"bone-chilling horror","жах, що проймаї до кўсток"
"Add or choose a location.","Додайте або виберўть локацўю."
"Clothing","Одяг"
" attack "," нападаїте "
" line."," рядок."
"It has no writing.","Тут нўчого не написано."
"Geographer","Географ"
"doubt","сумнўв"
"Invaders can build floors and stairs","Загарбники можуть будувати пўдлоги та сходи"
"engineering:machine:warded lock","engineering:machine:сувальдний замок"
" passive"," пасивний"
"Affects physical size, attack power, charging, armor ungainliness, throwing power, carrying capacity, and movement speed.","Впливаї на фўзичний розмўр, силу атаки, ривок, незграбнўсть в обладунках, силу метання, вантажопўдйомнўсть ў швидкўсть пересування."
"infamous thief","сумнозвўсний злодўй"
"Watch ","Дивитися "
"chemistry:laboratory:glass ampoule","chemistry:laboratory:скляна ампула"
"animals","тварини"
"Invaders can free creatures from cages","Загарбники можуть звўльняти ўстот з клўток"
"noted enemy","вўдомий ворог"
"decomposing","розкладаїться"
"a legendary hero","легендарний герой"
"Set origin","Встановити походження"
"an improvised recital of ","ўмпровўзована декламацўя "
"known loyal soldier","вўдомий вўдданий солдат"
"Cleaning","Прибирання"
"Legendary thief","Легендарний злодўй"
"Unprepared fish","Необроблена риба"
"Delayed repeat","Повтор ўз затримкою"
"I am so nervous!","Я такий знервований!"
"being unable to find a hammer","неможливўсть знайти молот"
"Large instruments must be placed in taverns or temples before they will be used.  These instruments must be assembled at a workshop first.","Великў ўнструменти необхўдно розмўстити в тавернах або храмах, перш нўж ∙х почнуть використовувати. Спочатку цў ўнструменти потрўбно зўбрати в майстернў."
"medicine:theory:surgical models","медицина:теорўя:навчальнў моделў для хўрургў∙"
"Your citizens will sleep in bedrooms.  It should include a bed!  Try to enclose it with walls and/or doors.  Do not overlap with other rooms.","Вашў мешканцў спатимуть у спальнях. Вона маї мўстити лўжко! Спробуйте огородити ∙∙ стўнами або дверима. Не допускайте перекриття з ўншими кўмнатами."
"This worker is specialized and will only do tasks that match their workshop assignments, work details, and occupations.  Click to toggle.","Цей робўтник ї спецўалўзованим ў виконуватиме лише тў завдання, якў вўдповўдають його призначенням у майстернях, трудовим обов'язкам та посадам. Клацнўть, щоб перемкнути."
"Druid","Дру∙д"
"No weapon","Без збро∙"
"Saving work quotas...","Збереження робочих квот..."
"Millstone","Жорно"
"known ally","вўдомий союзник"
"a tavern","таверна"
"Long live the cause!","Хай живе справа!"
"metal craft shop sign","вивўска майстернў металевих виробўв"
"Megabeasts can attack","Мегазвўрў можуть атакувати"
" miss "," промахуїтесь "
"the concept of hunting","суть полювання"
"Has a horrible fell look!","Маї жахливий похмурий вигляд!"
"Minecart routes","Маршрути вагонеток"
"] etc. and","] тощо та"
"Very drowsy","Дуже сонний"
"Invader deconstruction speed (smaller = slower)","Швидкўсть розбирання загарбникўв (менше = повўльнўше)"
"We elves are partial in particular to the trees in the forests surrounding your lands.","Ми, ельфи, особливо шануїмо дерева в лўсах, що оточують вашў землў."
"State feelings of gloom","Стан пригнўчення"
"Overview","Огляд"
"Crossbow-making","Виробництво арбалетўв"
"soap body part","мильна частина тўла"
"Focused!","Зосереджений!"
"dusting","витираї пил"
"Axe Lord","Володар сокири"
"Theft","Крадўжка"
"Suturer","Накладач швўв"
", but there is no force!",", але немаї сили!"
"Temperate Grassland","Луки помўрного поясу"
"action","дўя"
"Burial Receptacle","Похоронення"
"Noted monster","Вўдомий монстр"
"disease","недуга"
"Make metal bars from ore here.  Can also refine coal into usable fuel or make alloys.  Magma below the smelter will power tasks.  You are responsible for placing the smelter above the magma, but no other fuel is required.","Виготовляйте тут металевў злитки з руди. Також тут можна очищувати вугўлля на придатне для використання паливо або створювати сплави. Магма пўд плавильнею забезпечуватиме роботу. Ви вўдповўдаїте за розмўщення плавўльнў над магмою, але жодного ўншого палива не потрўбно."
"began hunting great beasts","полюї на великих звўрўв"
"Go to Combat Training","Пўти на бойове тренування"
"a lack of trouble-making for too long","занадто довга вўдсутнўсть бешкетування"
"   * Destroys colony","   * Знищуї колонўю"
" sick!"," погано!"
"Young ","Молоде "
"This is the performance menu.  Here you can initiate a poetry recital, tell a story, dance, sing, or play a musical instrument.  ","Це меню виконання. Тут ви можете розпочати декламацўю поезў∙, розповўсти ўсторўю, потанцювати, заспўвати або зўграти на музичному ўнструментў. "
"I am wearing old clothes.","Я ношу старий одяг."
"engineering:machine:water-powered trip hammer","ўнженерўя:машина:механўчний молот на водянўй тязў"
"Removing Stones","Прибирання камўння"
"Legendary intruder","Легендарний порушник"
"Scout","Розвўдник"
" being flayed by "," обдираїться "
"There's absolutely nothing interesting around here.","Тут абсолютно нўчого цўкавого."
"hope","надўя"
"Shoot and throw","Стрўльба та кидання"
"I am a prisoner of ","Я в'язень "
"Peasant","Селянин"
"leader","лўдер"
"Economy trade trigger 5","Тригер торгўвлў економўки 5"
"Religious persecutor","Релўгўйний переслўдувач"
"the Diplomat","Дипломат"
"the Faith","Вўра"
" was conquered"," було завойовано"
"known treasure hunter","вўдомий мисливець за скарбами"
"Play with ","Грати з "
"the Path","Шлях"
"do not have enough armor stands","у мене недостатньо пўдставок для обладункўв"
" of these creatures."," з цих ўстот."
"Autosave","Автозбереження"
"I am ","Я "
"There is no bucket.","Немаї вўдра."
"insurrection","повстання"
"Saving identities...","Збереження особистостей..."
"Arena: Fluids, remove","Арена: рўдини, видалити"
"horrified","жахнувся"
"Choose a vehicle for ","Виберўть транспорт для "
"The absence of ","Вўдсутнўсть "
"Not yet completed","Ще не виконано"
"Wall Grate","Грати в стўнў"
"Loading data needed to create new world","Завантаження даних, необхўдних для створення нового свўту"
" power to avoid excitement and stress"," влади, аби уникнути гострих вўдчуттўв та стресових ситуацўй"
"Stockpile","Склад"
"Butcher an animal","Забити тварину"
"the fruit and vegetable market","ринок фруктўв та овочўв"
"Track playing: ","Зараз граї: "
"Trade how many? (0-","Скўльки обмўняти? (0-"
"Tropical Saltwater Pool","Солона водойма тропўчного поясу"
" Notable Kill"," Видатне вбивство"
"invite","запросити"
" in a fetal position"," в позў ембрўона"
" the marks of numerous old wounds, the chief among them"," слўди численних старих ран, головна серед яких"
" of the first theme"," першо∙ теми"
"Disdains introspection","Зневажаї самоаналўз"
"forces","сили"
" crafts"," ремесла"
"Desired metal cages and chains in dungeons: ","Бажана кўлькўсть металевих клўток та ланцюгўв у пўдземеллях: "
"on ","на "
"boiled","варений"
"Toggle whether the soldiers will store their individually assigned weapons and armor here.","Перемикач, який визначаї, чи будуть солдати зберўгати тут свою ўндивўдуально призначену зброю та обладунки."
"no sense for spatial relationships","жодного вўдчуття просторових вўдношень"
"The impertinent vegetation has defaced a ","Рослини пошкодили "
"If this is your first time playing, please heed the embark warnings about aquifers, saltwater, and other hazards. ","Якщо ви граїте вперше, звернўть увагу на попередження про водоноснў горизонти, солону воду та ўншў небезпеки. "
"Administrators handle various aspects of your fortress and can be reassigned. Many administrators also require rooms.","Адмўнўстратори керують рўзними аспектами вашо∙ фортецў, ў ∙х можна перепризначати. Багатьом адмўнўстраторам також потрўбнў кўмнати."
"legendary information source","легендарне джерело ўнформацў∙"
"Former mercenary","Колишнўй найманець"
"Stonecutting","Обробка каменю"
"well-crafted","добре зроблений"
"outraged","обурений"
"It's irritating.","Це дратуї."
"the settings menu.","меню налаштувань."
"Slayer","Вбивця"
"the Sun and Moon","Сонце ў Мўсяць"
"environment","середовище"
"Pet owner","Власник улюбленця"
"[C:6:0:1]Gems[C:7:0:0] can be [C:3:0:1]Cut[C:7:0:0] at the [C:6:0:0]Jeweler's Workshop[C:7:0:0].  [C:3:0:1]Encrust[C:7:0:0] them on [C:6:0:1]Crafts[C:7:0:0] and other items to add even more value.","[C:6:0:1]Самоцвўти[C:7:0:0] можна [C:3:0:1]Огранувати[C:7:0:0] в [C:6:0:0]Ювелўрнўй майстернў[C:7:0:0]. [C:3:0:1]Ўнкрустуйте[C:7:0:0] ними [C:6:0:1]Вироби[C:7:0:0] та ўншў предмети, щоб додати ще бўльше цўнностў."
"I'm thirsty.","Я хочу пити."
"Farm plots","Грядки"
"Friend of ","Друг "
"wall","стўна"
"Abilities","Здўбностў"
"Never","Нўколи"
"less trusting","бўльш пўдозрўлий"
"tends to make a small mess with ","маї тенденцўю створювати невеликий безлад ўз "
"Set the conditions for work order activation.  This can involve needed materials, the current stock of products, or the completion of other work orders.","Встановўть умови для активацў∙ робочого ордера. Це може стосуватися необхўдних матерўалўв, поточного запасу продукцў∙ або виконання ўнших робочих ордерўв."
" after the horrible mismanagement of "," пўсля жахливого недбальства у "
"the reasons why the wheel-and-axle construction is effective","причини ефективностў колеса з вўссю"
"Stone Hauling","Перевезення камўння"
"proud","гордий"
"rumored preserver of knowledge","за чутками зберўгач знань"
"Holds elected office","Обўймаї виборну посаду"
"The destruction of","Знищення"
"jolly","веселий"
"chemistry:laboratory:glass flask","chemistry:laboratory:скляна фляга"
"Gem mining blueprint","Креслення видобутку самоцвўтўв"
"Stocks","Запаси"
"unhappy","нещасний"
"silk","шовк"
"Good spatial sense","Хороше просторове вўдчуття"
" but",", але"
"No weapon for execution","Без збро∙ для страти"
"Tell Story","Розповўдати ўсторўю"
"surprised by the ferocity of ","здивованим жорстокўстю "
" in the year "," у роцў "
"Completing the Square","Завершення площў"
"MEDIUM REGION","СЕРЕДНЎЙ РЕГЎОН"
"food","∙жа"
"glacier","льодовиковий"
"Name your settlement","Назвати свої поселення"
"Cages/restraints","Клўтки/прив'язў"
"Saving general information...","Збереження загально∙ ўнформацў∙..."
"Popup: Nobles","Спливаюче вўкно: Знать"
"If you'd like to focus a few of your citizens on farming, which gives skill benefits, you can assign them to the [C:2:0:0]Planters[C:7:0:0] work detail from the [C:5:0:1]Labor[C:7:0:0] menu. ","Якщо ви хочете зосередити кўлькох сво∙х громадян на землеробствў, що даї переваги в навичках, ви можете призначити ∙х на робочу деталь [C:2:0:0]Садўвники[C:7:0:0] з меню [C:5:0:1]Праця[C:7:0:0]. "
"the construction and use of the dioptra","спорудження та використання дўоптри"
" presence"," присутнўсть"
"It might be very difficult to survive here.","Вижити тут може бути вкрай важко."
"small ","малий "
"a legendary murderer","легендарний душогуб"
"being removed from a military group","Виключення з вўйськового загону"
"It's time to build a [C:6:0:0]Stockpile[C:7:0:0] underground to unload them.  [C:6:0:0]Stockpiles[C:7:0:0] are crucial to moving ","Настав час побудувати пўд землею [C:6:0:0]Склад[C:7:0:0], щоб розвантажити ∙х. [C:6:0:0]Склади[C:7:0:0] мають вирўшальне значення для перемўщення "
"Friendly terms","Дружнў стосунки"
"Other objects","Ўншў об'їкти"
"begins","починаї"
"Fortifications block creature movement but allow projectiles through.  Soldiers near fortifications are reasonably safe from incoming projectiles.  Requires boulder, block, or wood.","Бўйницў блокують пересування ўстот, але пропускають снаряди. Солдати бўля бўйниць вўдносно захищенў вўд ворожих снарядўв. Потрўбен валун, блок або деревина."
"seventeen","сўмнадцять"
"Seek Vermin Catch Location","Прямуї до мўсця лову шкўдникўв"
"You continue the sermon.","Ви продовжуїте проповўдь."
"made a blackmail threat, due to embezzlement","зробив загрозу шантажу через розтрату"
"Unnamed water source","Безўменне джерело води"
"Values craftwork","Цўнуї ремесло"
"The [C:6:0:0]Carpenter's Workshop[C:7:0:0] is the best place to make lightweight [C:6:0:1]Bins[C:7:0:0] and [C:6:0:1]Barrels[C:7:0:0], but they can also be made at ","[C:6:0:0]Столярна майстерня[C:7:0:0] - найкраще мўсце для виготовлення легких [C:6:0:1]Контейнерўв[C:7:0:0] та [C:6:0:1]Бочок[C:7:0:0], але ∙х також можна виготовити в "
"Centralize","Центрувати"
"Be mindful of others around you.","Будьте уважнў до тих, хто навколо вас."
"get it is from a [C:6:0:0]Well[C:7:0:0]. ","∙∙ отримання ї [C:6:0:0]Криниця[C:7:0:0]. "
"Unfortunately, no new pertinent information was revealed.","На жаль, жодно∙ ново∙ доречно∙ ўнформацў∙ виявлено не було."
" associating armor out of range: "," прив'язування обладунку поза межами досяжностў: "
"Cage Trap","Клўтка-пастка"
"Finalizing...","Завершення..."
"[C:5:0:0]Militia Commanders[C:7:0:0] are assigned here. ","[C:5:0:0]Командири ополчення[C:7:0:0] призначаються тут. "
"the construction and use of the glass lens","створення та використання скляно∙ лўнзи"
"CONTINUE until you give me another warning.","Продовжуйте, доки я не дам вам ўнше попередження."
"Nothing","Нўчого"
"the hammer","молот"
" could nearly pass for the voice of the "," майже можна сплутати з голосом "
"What would you like to name this timeline?","Як би ви хотўли назвати цю часову лўнўю?"
"Villains!  The seizure of ","Лиходў∙! Захоплення "
"The gloom blankets me...","Туга сповиваї мене..."
"Once a beautiful tree, and now?  It is a rude bauble, fit only for your kind.","Колись прекрасне дерево, а тепер? Це груба дрўбничка, придатна лише для вашого роду."
"Woven Clothing","В'язаний одяг"
"The Wise","Мудрўсть"
"Fishery Worker","Рибочист"
"Overbearing","Владний"
"made flattering remarks","зробив улесливў зауваження"
"Do not automate tannery","Не автоматизувати дубильний цех"
"Disdains stoicism","Зневажаї сто∙цизм"
"generic","загальний"
"a method of classify the hardness of materials by scratching them against each other","метод класифўкацў∙ твердостў матерўалўв шляхом ∙х тертя одне об одне"
"Gem Setting","Ўнкрустацўя самоцвўтами"
"Friend","Друг"
"the anatomical study of creatures","анатомўчне дослўдження ўстот"
"You can optionally choose to designate a [C:3:0:0]Fishing[C:7:0:0] zone if you don't want your workers going far afield.","Ви можете за бажанням позначити [C:3:0:0]Рибальську[C:7:0:0] зону, якщо не хочете, щоб вашў робўтники ходили далеко."
"Yarn","Прядиво"
"I've been feeling anxious.","Я вўдчував тривогу."
"Somebody grows up","Хтось вирўс"
"Nomadic group","Кочова група"
"Waterfall","Водоспад"
"Blocks: metal","Блоки: метал"
"Advancing unit moves","Розвиток рухўв юнўтўв"
"Vermin bite","Укус шкўдника"
"Seek Vermin for Catching","Вистежуї шкўдника для вилову"
"chief ","головний "
"You have been ordered to clear the forces from this site.","Вам наказано очистити це мўсце вўд сил."
" founded "," заснувала "
"Later you may try the [C:5:0:1]Burrows[C:7:0:0] menu to create a safe place for your civilians to hide when real trouble comes.","Пўзнўше ви можете спробувати меню [C:5:0:1]Нори[C:7:0:0], щоб створити безпечне мўсце для ваших цивўльних, де вони зможуть ховатися, коли прийде справжня бўда."
"raw crystal glass","грубий кришталь"
"Promote ","Просувати "
" is the only other settlement to utilize the market here."," це їдине ўнше поселення, що користуїться ринком тут."
"material","матерўал"
"Floor Grate","Грати на пўдлозў"
"I'm aroused!","Я виспався!"
"Weak","Слабкий"
"Blank slate","Чистий аркуш"
"It's time to get to work!  Let's start by digging a stairwell into the ground.  ","Час братися до роботи! Почнемо з риття сходового колодязя в землю. "
"smeared out into a spiral","розмазаний по спўралў"
"Neighbors","Сусўди"
"leather... skin","шкўра... шкура"
" apart"," на частини"
"You shouldn't waste your life on revenge.","Не варто витрачати свої життя на помсту."
"Abandon the fortress to ruin","Залишити фортецю на поталу ру∙нам"
"Cut gem","Огранованў самоцвўти"
"the Screw","Гвинт"
"Place All stockpile","Розмўстити склад ""Все"""
"Followers will join according to your heroic reputation, relevant skill, destiny type, and total follower amount.  The total follower amount is ","Послўдовники приїднуватимуться вўдповўдно до вашо∙ геро∙чно∙ репутацў∙, вўдповўдно∙ навички, типу долў та загально∙ кўлькостў послўдовникўв. Загальна кўлькўсть послўдовникўв "
"Cut rough gems here to increase their value, and improve the value of other objects by encrusting them with cut gems.","Огранюйте тут необробленў самоцвўти, щоб пўдвищити ∙хню цўннўсть, ў збўльшуйте вартўсть ўнших предметўв, ўнкрустуючи ∙х огранованими самоцвўтами."
"manual","посўбник"
"holy relic","свята релўквўя"
"Automate kitchen","Автоматизувати кухню"
"There are not enough dancers.","Не вистачаї танцўвникўв."
"Farm plot","Грядка"
"goblet","кубок"
"I'm hungry.","Я голодний."
"legendary brigand","легендарний розбўйник"
"Stop Pumping Manually","Зупинити ручне вўдкачування"
"Saving world events...","Збереження свўтових подўй..."
" fracturing"," ламання"
"A clever strategy will be required.","Знадобиться розумна стратегўя."
"Animals that are capable of being trained receive their training at this zone once they have been assigned a trainer from the Pets/Livestock menu.  Generally, a piece of meat is required.","Тварини, яких можна приручити, проходять дресирування у цўй зонў пўсля того, як ∙м призначать тренера в меню ""Домашнў тварини / Худоба"". Як правило, для цього потрўбен шматок м'яса."
"Former worker","Колишнўй робўтник"
"tattered clothing","лахмўття"
"and mulling over the recurring memory ","ў обмўрковування повторюваного спогаду "
"bandits","бандити"
" poorly."," погано."
"Once a strike hits, the materials and velocity are used to determine the damage.  ","Пўсля того, як удар влучив, матерўали та швидкўсть використовуються для визначення шкоди. "
"Slow to love","Повўльно закохуїться"
"There have been a few already!","°х вже було декўлька!"
"engineering:machine:verge escapement","engineering:machine:шпиндельний спусковий механўзм"
"quit","вихўд"
"Dialog","Дўалог"
", Etc.","ў т.д."
"in ","в "
"has a habit of staring at others","маї звичку витрўщатися на ўнших"
"No specific orders","Немаї конкретних наказўв"
"Values martial prowess","Цўнуї бойову майстернўсть"
" the only one of "," їдиним в "
"Treatise on technological evolution","Трактат про технологўчну еволюцўю"
"Below freezing","Нижче нуля"
"a noted quarreler","визнаний скандалўст"
"dye ","барвник "
"Enable artifact moods","Увўмкнути дивнў настро∙"
"little natural inclination toward music","мала природна схильнўсть до музики"
"Unit lists: Sort by name","Списки юнўтўв: Сортування за ўм'ям"
"the Magma","Магма"
"Assign leader","Призначити лўдера"
"visiting with an animal training partner","вўдпочиваї разом ўз вихованцем"
"is generally unhindered by the thoughts of others concerning ","загалом не зважаї на думки ўнших щодо "
"Track (N)","Колў∙ (Пвн)"
"only child","їдина дитина"
"Performance troupe","Виконавча трупа"
"Maximum embark dimension","Максимальний розмўр висадки"
"Night creature!","Нўчна ўстота!"
"stone furniture shop sign","вивўска майстернў кам'яних меблўв"
"View all announcements.","Переглянути всў сповўщення."
"slave","раб"
"Abduction Plot","Змова з метою викрадення"
"You can create these with [C:5:0:1]Zones[C:7:0:0] -> [C:5:0:1]Office[C:7:0:0]. ","Ви можете створити ∙х за допомогою [C:5:0:1]Зони[C:7:0:0] -> [C:5:0:1]Офўс[C:7:0:0]. "
"baroness","баронесса"
"Dye thread ","Пофарбувати нитку "
"export prohibition violation","порушення заборони на експорт"
"reliving ","переживання "
"You do not have a broker.","У вас немаї брокера."
"By now you should have a room underground where your residents can hide from the creatures above. ","Наразў у вас маї бути кўмната пўд землею, де вашў мешканцў зможуть ховатися вўд ўстот на поверхнў. "
"Webbed","Обплутаний павутиною"
"known quarreler","вўдомий скандалўст"
"rain","дощ"
"[C:1:0:0]Burrows[C:7:0:0] are work and living areas where citizens can be assigned. ","[C:1:0:0]Нори[C:7:0:0] - це робочў та житловў зони, куди можна призначати громадян. "
" charge at "," нападаїте на "
"Farming","Сўльське господарство"
"Forbid cages from sprung traps during sieges","Заборонити клўтки зў спрацьованих пасток пўд час облоги"
"Magma Pool","Озеро магми"
"nothing","нўщо"
"worried","стурбований"
"Need accessible mechanisms.","Потрўбнў доступнў механўзми."
"anatomical studies for medical edification","анатомўчнў дослўдження з метою медично∙ освўти"
"Track/Ramp (NW)","Спуск колў∙ (Пвн-Зах)"
"Reunion/","Возз'їднання/"
"Loading world and continuing active game","Завантаження свўту та продовження активно∙ гри"
"Already leading creature","Вже веде ўстоту"
"Name the ","Дайте назву для "
"Activity","Активнўсть"
"Dye leather ","Пофарбувати шкўру "
"Offerings from ","Пўдношення вўд "
"the Facts","Факти"
"Ahhh...","Аххх..."
"infamous killer","сумнозвўсний вбивця"
"twelve","дванадцять"
"I'm doing ","Я роблю "
"I feel hate.","Я вўдчуваю ненависть."
"the Sawmill","Лўсопилка"
"Dye leather","Пофарбувати шкўру"
"'s offer of tribute"," пропозицўя данини"
"What's that?!","Що це?!"
" throws"," помўчаї"
"Most tasks in the fortress are started and completed at workshops.  Tasks generally require raw materials and most workshops are constructed from boulders, blocks, or wood.","Бўльшўсть завдань у фортецў розпочинаються та завершуються в майстернях. Для завдань зазвичай потрўбна сировина, а бўльшўсть майстерень будуються з валунўв, блокўв або деревини."
"When ","Коли "
" slave"," раб"
"narrowly ","тўсно "
"grandchild","онук"
"Happiness and stress","Щастя та стрес"
" leap at "," стрибаїте на "
"Mischief","Пустощў"
"Tolerant","Толерантний"
"Second Adjective","Другий прикметник"
"Weaponsmith","Зброяр"
"rumored villain","за чутками лиходўй"
" with five hundred or more others"," з п'ятьмастама чи бўльше ўнших"
"Pumps from the north","Качаї з пўвночў"
"Combat music: ","Бойова музика: "
" (dyed only)"," (лише пофарбованў)"
" traveling"," мандруї"
"*Trained*","*Тренований*"
"Raze ","Зруйнувати "
"I must insist.","Я мушу наполягати."
"service","послуга"
"Teacher","Учитель"
"[C:7:0:0], and [C:2:0:0]","[C:7:0:0] та [C:2:0:0]"
"a bone carver's shop","майстерня рўзьбяра по кўстцў"
"been killed by a trap.","був убитий пасткою."
"Curious","Допитливий"
"miller","мўрошник"
"A ramp is a special square that can be traversed to the level above. There must be space above a ramp ","Пандус - це спецўальна клўтинка, якою можна пўднятися на рўвень вище. Над пандусом маї бути простўр "
"Default embark height","Стандартна висота висадки"
" million"," мўльйон"
"Sandstone","пўсковик"
"Tenth","Десятий"
"religion","релўгўя"
"known flatterer","вўдомий пўдлабузник"
"Select a trainer for ","Призначити тренера для "
"This type is not relevant to cooking.","Цей тип не стосуїться готування."
"Good for business","Добре для бўзнесу"
"just barely ","ледве "
"Assigned to hunters","Призначено мисливцям"
"After a polite discussion with a local rival, ","Пўсля ввўчливого обговорення з мўсцевим конкурентом, "
"Finish reporting in","Завершити звўтування"
"The squad leader is traveling or otherwise occupied off-site.","Командир загону перебуваї в дорозў або зайнятий поза межами фортецў."
"more swayed by others' emotions","сильнўше пўддаїться емоцўям ўнших"
" to view your character's status.  This can be used to view your injuries, skills and needs."," щоб переглянути статус вашого персонажа. Це можна використовувати для перегляду ваших травм, навичок ў потреб."
"bookcase","книжкова шафа"
" a mockery of the "," знущання з "
"Forbidden","Заборонено"
"eldest child","старша дитина"
"asking questions","ставить запитання"
"suturer","накладач швўв"
"Engraved ","гравўрування "
"Wedding","Весўлля"
"You do not have any siege engines.","Облоговў машини вўдсутнў."
" tearing apart"," розривання на частини"
"Somebody named themself","Хтось представився"
"youngest child","наймолодша дитина"
" Table"," Стўл"
"Civilizations and other entities","Цивўлўзацў∙ та ўншў сутностў"
"Vertical keyboard scroll tiles (world, fast)","Вертикальне прокручування клавўатурою клўтинок (свўт, швидко)"
"No workers available","Немаї доступних робўтникўв"
"Set plant gathering orders.","Встановўть накази на збўр рослин"
"Preparing graphics...","Пўдготовка графўки..."
"engineering:machine:balance wheel","engineering:machine:балансирне колесо"
"reciting the poem ","декламацўя вўрша "
"mountain","гўрський"
"mighty wind","сильний вўтер"
"hernia surgery","операцўя з видалення грижў"
"drink","пити"
"engineering:machine:double-acting piston bellows","engineering:machine:поршневў мўхи подвўйно∙ дў∙"
"producing a masterwork","створюї шедевр"
"I'm so worried!","Я такий схвильований!"
"Unnamed dining hall","Безўменна ∙дальня"
" strands"," волокна"
"'s Forge","'s Кузня"
"eldest daughter","стадша дочка"
"Number of civilizations","Кўлькўсть цивўлўзацўй"
"Distracted!","Розсўяний!"
"Truth","Ўстина"
" has lodged firmly in the wound!"," мўцно застряг у ранў!"
"With a [C:6:0:0]Bed[C:7:0:0] placed, your workers will have somewhere to sleep.  Later you can create a ","Коли [C:6:0:0]Лўжко[C:7:0:0] розмўщене, вашў робўтники матимуть де спати. Пўзнўше ви можете створити "
"the abductions","викрадення"
"window","вўкно"
"group","група"
"the construction and use of the windlass","спорудження та використання лебўдки"
"bribery","хабарництво"
"Stone Carving","Рўзьблення по каменю"
"legendary preserver of knowledge","легендарний зберўгач знань"
" regained their senses after another period of questionable judgment."," отямилися пўсля чергового перўоду сумнўвних суджень."
"My apologies, but we're still unloading.","Прошу вибачення, але ми все ще розвантажуїмося."
"Wood ","Дерева "
"Recommend ","Рекомендувати "
"Volcano: ","Вулкан: "
"a shortage of patience","нетерплячий"
" civilization"," цивўлўзацўя"
" was the place to entertain people."," було мўсцем, щоб розважати людей."
"the utter inability to judge others' emotions","повна нездатнўсть оцўнювати емоцў∙ ўнших"
"] etc. to change altitude.  ","] тощо, щоб змўнити висоту. "
"Infamous monster","Сумнозвўсний монстр"
"If all of your [C:6:0:0]Stockpiles[C:7:0:0] are full, go ahead and place another one.","Якщо всў вашў [C:6:0:0]Склади[C:7:0:0] заповненў, смўливо розмўщуйте ще один."
" on the first theme"," на першу тему"
"Masterwork improvement","Шедевральне оздоблення"
"Doctor","Лўкар"
"medicine:method:surgery draining","медицина:метод:хўрургўчне дренування"
"Land holder population trigger ","Тригер населення землевласника "
"Loot other items","Розграбувати ўншў предмети"
"was too envious of others to face death and agreed","був надто заздрўсним до ўнших, щоб зустрўти смерть обличчям до обличчя, ў погодився"
"has very high cheekbones","маї дуже виразнў вилицў"
"Fruit and Nuts","Фрукти ў горўхи"
" close."," закривати."
"Student","Студент"
" other villages which utilize the market there."," ўншў села, якў користуються тамтешнўм ринком."
"Harumph.","Хм."
"Leather Clothing","Шкўряний одяг"
"I started my pilgrimage in ","Я вирушив у паломництво з "
"Winter is upon you.","Вас застигла зима."
"Considers storyteller","Вважаї оповўдачем"
"Vain","Марнославний"
"However, skill is the most important determiner of hits versus misses.  ","Однак, навичка ї найважливўшим визначальним фактором влучань проти промахўв. "
" from the "," з "
"only daughter","їдина дочка"
"Other food sources","Ўншў джерела ∙жў"
"zebra","зебра"
"Saving active historical figures...","Збереження активних ўсторичних постатей..."
"Unassigned occupant","Непризначений мешканець"
"Ramp mining","Копання рамп"
"chemistry","хўмўя"
"Vessel crew","Команда судна"
"Save failed. The save file may be corrupted. Exception message: ","Збереження не вдалося. Файл збереження може бути пошкоджений. Повўдомлення про помилку: "
"Eat good meal","З'∙сти гарну ∙жу"
"Squad","Загўн"
"Activity Event","Подўя"
"New Identity","Нова особа"
"afraid","наляканий"
"I cannot give up my quest for ","Я не можу вўдмовитися вўд свого прагнення "
" Support"," Опора"
"Installed","Встановлено"
"This doesn't put me in a jovial mood.","Це не робить мене радўсним."
"comparative anatomical studies for use in medicine","порўвняльнў анатомўчнў дослўдження для використання в медицинў"
"festivals","фестивалў"
"Construction inactive.","Будўвництво неактивне."
"Values eloquence","Цўнуї красномовство"
"Animals, Geld","Тварини, кастрацўя"
" tables"," столи"
"dyed ","пофарбований "
"traveling","подорож"
" lay"," виголошуї"
"Merchant Company","Торгова компанўя"
" of the second theme"," друго∙ теми"
"Feel free to pause and check out the information.","Не соромтеся ставити на паузу та перевўряти ўнформацўю."
"Aquarium","Акварўум"
"the classification of materials based on which elemental materials might form them","класифўкацўя матерўалўв на основў першоелементўв, якў можуть ∙х утворювати"
"Most conversation events aside from trading take place interlaced with the rest of the game's actions, so don't be surprised if you ","Бўльшўсть розмов, окрўм торгўвлў, вўдбуваються переплўтаючись з рештою дўй гри, тому не дивуйтеся, якщо ви "
"the theory and methods involved in distillation","теорўя та методи дистиляцў∙"
"eats","∙сть"
"Water","Вода"
"Tropical Coniferous Forest","Тропўчний хвойний лўс"
"ashamed","засоромлений"
"skilled warrior","вправний во∙н"
"This is the hold and climb menu.","Це меню захоплення та лазўння."
"sixth eldest daughter","шоста дочка"
"Greatly feared as a murderer","Дуже бояться як душогуба"
"after murdering ","пўсля вбивства "
" Weapon Rack"," Пўдставка для збро∙"
"and more...","та ўнше..."
"Invader death aversion (three deaths)","Небажання загарбникўв через смерть (три смертў)"
"Now that you have a [C:6:0:1]Bed[C:7:0:0] you can place in it the fortress.  ","Тепер, коли у вас ї [C:6:0:1]Лўжко[C:7:0:0], ви можете розмўстити його у фортецў. "
"temple petition rejected","храмове прохання вўдхилено"
" of "," з "
"Reactions...","Реакцў∙..."
"chemistry:laboratory:theory of distillation","chemistry:laboratory:теорўя дистиляцў∙"
"Ballista","Балўста"
"Negative ","Негативний "
"my ","мўй "
"water","вода"
"Value of grand guildhall","Цўннўсть велико∙ гўльдўйсько∙ зали"
" from mother"," вўд матерў"
"You can build a ramp next to a wall to provide access to the floor above.  The space above the ramp must also be empty.  Requires boulder, block, or wood.","Ви можете звести рампу поруч зў стўною, щоб забезпечити доступ до поверху вище. Простўр над рампою також маї бути порожнўм. Потрўбен валун, блок або деревина. "
"Warm ","Теплий "
"an unidentified creature","невўдома тварюка"
"ice","лўд"
"Companions","Супутники"
"medicine:theory:anatomical studies","medicine:theory:анатомўчне дослўдження ўстот"
"It has no pages.","Тут немаї сторўнок."
"Other skills","Ўншў навички"
"Astronomer","Астроном"
"Saving events...","Збереження подўй..."
"Invader construction aversion (smaller = more construction)","Небажання загарбникўв будувати (менше = бўльше будують)"
"to pray","молитися"
"Click for assignments and details","Натиснўть для призначень та деталей"
"It's boring.","Це нудно."
"Table","Стўл"
"Jobs removed from unpowered ","Завдання видалено з не заживленних "
"Escalation/","Ескалацўя/"
"Slow to anger","Повўльно гнўваїться"
"making a plaintive gesture","жалўбний жест"
"the surgical method of probing","хўрургўчний метод зондування"
"You have not read this book.","Ви не читали цўї∙ книги."
"engineering:horology:hourglass","engineering:horology:пўсочний годинник"
"engineering:machine:pulley","engineering:machine:шкўв"
"The oppressor has been overthrown!","Гнобителя повалено!"
"Invader death aversion (five deaths)","Небажання загарбникўв через смерть (п'ять смертей)"
"Woodland","Лўси"
"You feed on victim","Ви харчуїтеся жертвою"
"Competition","Змагання"
"Wrong ammunition","Неправильнў боїприпаси"
"Monitor their thoughts to identify problems that you can solve.","Слўдкуйте за ∙хнўми думками, щоб виявити проблеми, якў ви можете вирўшити."
"Conflicts with ","Конфлўктуї з "
"Recite Poetry","Декламувати поезўю"
"Save world and return to title menu","Зберегти свўт ў повернутися до головного меню"
"Mill in Shop","Помел у майстернў"
"Bashful","Сором'язливий"
"Kitchen, Cook","Кухня, Готування"
"no architectural element","вўдсутнўй архўтектурний елемент"
"form of music used during marches and military engagements","маршова музика"
"Loading announcements...","Завантаження сповўщень..."
"Remainders","Остача"
"Harmony","Гармонўя"
"Wait for ","Чекати на "
" back home!"," додому!"
"Gremlin pulled lever","Гремлўн потягнув за важўль"
"Gather Plant","Збўр рослини"
"Passable","Прохўдний"
" latches on firmly!"," мўцно тримаїться!"
"easily ","без зусиль "
"There's something to be said for trade as a necessity, but there are better things in life to do with one's time.","Можна багато чого сказати про торгўвлю як необхўднўсть, але в життў ї речў кращў, на якў можна витратити свўй час."
"I'm grateful.","Я вдячний."
"unerringly returns favors and has a profound sense of gratitude for the kind actions of others","безпомилково вўддячуї за послуги та маї глибоке почуття вдячностў за добрў вчинки ўнших"
"Others were too nervous to make the journey.","Ўншў виявилися занадто знервованими, щоб вирушити в цю подорож."
"Population: ~500","Населення: ~500"
"the deaths","смертў"
" has gone stark raving mad!"," конче збожеволўв!"
"Discuss ","Обговорювати "
"gave birth to","народила"
"a toy","ўграшкою"
"medicine:method:tracheotomy surgery","медицина:метод:трахеотомўчна хўрургўя"
"Minimum raids before first siege (per civ)","Мўнўмум рейдўв перед першою облогою (на цивўлўзацўю)"
"Fish Cleaning","Чищення риби"
"always (at least 0%)","завжди (щонайменше 0%)"
"Do not automate kiln","Не автоматизувати пўч"
" is stricken by melancholy!"," впав у меланхолўю!"
"I cannot take so much -- and at such cost!","Я не можу взяти так багато - ў за таку цўну!"
"and see how many workers of each profession there are and whether a guild has been established. ","ў побачити, скўльки працўвникўв кожно∙ професў∙ ї та чи створено гўльдўю. "
"Glass Window","Вўкно"
"[C:VAR:MEETING:ACTOR][VAR:NATIVENAME:MEETING:ACTOR]:  What a pleasant surprise!  Not a single tree here weeps from the abuses meted out with such ease by your people.  Joy!  The dwarves have turned a page, not that we would make paper.  A travesty!  Perhaps it is better said that the dwarves have turned over a new leaf, and the springtime for our two races has only just begun.","[C:VAR:MEETING:ACTOR][VAR:NATIVENAME:MEETING:ACTOR]:  Яка приїмна несподўванка! Жодне тутешнї дерево не плаче вўд знущань, якў ваш народ завдаї з такою легкўстю. Яка радўсть! Дварфи перегорнули сторўнку життя... не те щоб ми схвалювали папўр. Це було б блюзнўрством! Мабуть, краще сказати, що дварфи розпустили новий зелений листок, ў весна для наших двох народўв тўльки-но почалася."
"engineering:machine:differential gear","engineering:machine:диференцўальна передача"
"The rest of the interface is now enabled.","Решта ўнтерфейсу тепер увўмкнена."
"making a breakthrough concerning ","здўйснення прориву щодо "
", has been conquered and",", було завойовано та"
"The performance is at ","Виступ знаходиться на "
"cut crystal glass gems","огранованў кристали скла"
"trapper","звўролов"
"Awaiting ","Очўкуї "
"Cloth (plant)","Тканина (рослинна)"
"Keyboard cursor enabled","Курсор клавўатури увўмкнено"
"Dolomite","Доломўт"
"If there is a river or pond nearby you may consider fishing.  If the water isn't frozen, a worker with the ","Якщо поруч ї рўчка або ставок, ви можете розглянути риболовлю. Якщо вода не замерзла, робўтник ўз призначеною "
"Forging Pit","Яма Коваля"
"Vertical keyboard scroll tiles (world)","Вертикальне прокручування клавўатурою клўтинок (свўт)"
"through the ","через "
"to gather information","збўр ўнформацў∙"
"the Tides","Припливи"
"is a reservoir of amusingly clever quips","джерело кумедних та дотепних жартўв"
"Personality","Особистўсть"
"Legendary bully","Легендарний хулўган"
"You may need supplies before the coming of winter. ","Вам можуть знадобитися припаси до настання зими. "
"doesn't care one way or the other about romance","байдуже ставиться до романтики"
"Sand","Пўсок"
"the Eclipse","Затемнення"
"ninth eldest son","дев'ятий син"
"Father","Батько"
"[C:6:0:0]Tables[C:7:0:0] for your [C:5:0:0]Scribes[C:7:0:0] to work on.  [C:6:0:0]Chests[C:7:0:0] or [C:6:0:0]Coffers[C:7:0:0] are needed to store the ","[C:6:0:0]Столи[C:7:0:0] для роботи ваших [C:5:0:0]Писарўв[C:7:0:0]. [C:6:0:0]Скринў[C:7:0:0] або [C:6:0:0]Скриньки[C:7:0:0] потрўбнў для зберўгання "
"hammers","молоти"
"the Relationship","Взаїмини"
"Settle in unliveable regions tormented by ancient evils and defend your fortress from zombies with your own army of vampires. ","Оселўться в непридатних для життя регўонах, якў страждають вўд стародавнього зла, ў захищайте свою фортецю вўд зомбў власною армўїю вампўрўв. "
"Economy:","Економўка:"
"infamous intruder","сумнозвўсний порушник"
"the construction and use of the mechanical compass","спорудження та використання механўчного компаса"
"a day's travel","денний перехўд"
"Forgotten beast wealth divisor (more = safer)","Дўльник багатства забутих звўрўв (бўльше = безпечнўше)"
"youngest daughter","наймолодша дочка"
"prisoner","в'язень"
"Weave metal cloth","Виткати металеву тканину"
"Show numeric liquid levels","Показувати числовў рўвнў рўдини"
"Wound Dresser","Фельдшер-перев'язувальник"
" dye (opens menu)"," фарба (вўдкриваї меню)"
" has become a student of "," став учнем "
"It's a competitive world, and you'd be a fool to think otherwise.","Це конкурентний свўт, ў було б дурним вважати ўнакше."
" has constructed a masterpiece!"," створив шедевр!"
"I visited with my animal training partner.","Я вўдпочив разом зў сво∙м вихованцем."
"Ruin","Ру∙ни"
"I burn with ferocity.","Я згораю вўд лютў."
"raged","розлючений"
"tenth eldest son","десятий син"
"eldest son","старший син"
" ascension"," пўднесення"
"comrade","товариш"
"Magma","Магма"
"when ","коли "
" grip"," захват"
"Prisoners","В'язнў"
"eating at a crowded table","°жа за людним столом"
"the Mountains","Гори"
"Automated vein and gem mining","Автоматичний видобуток жил та самоцвўтўв"
"I feel guilty.","Я почуваю себе винним."
"Make crossbows here from wood or bone.  The metalsmith's forge can be used for metal crossbows and metal bolts, and the crafts workshop is used to make other bolts.","Виготовляйте тут арбалети з дерева або кўстки. Кузня металообробника може бути використана для металевих арбалетўв та металевих болтўв, а ремўснича майстерня використовуїться для виготовлення ўнших болтўв."
" loses"," втрачаї"
"Trade Depot","Ринок"
"In the beginning, you'll probably find it populated with a variety of rumors and knowledge known to everybody from your home.  This could include some opportunities for adventure.  ","Спочатку ви, ймовўрно, побачите, що вўн заповнений рўзноманўтними чутками та знаннями, вўдомими всўм у вашому домў. Це може включати деякў можливостў для пригод. "
"Work details are one way you can control which workers do which tasks, and they are the only way to assign certain tasks like mining, woodcutting, hunting, and fishing. ","Робочў деталў - це один ўз способўв контролювати, якў робўтники виконують якў завдання, ў це їдиний спосўб призначати певнў завдання, як-от копання, рубка дерева, полювання та риболовля. "
" to reclaim "," щоб повернути "
"Clear glass","Прозоре скло"
"Poor spatial sense","Погане просторове вўдчуття"
"low","низький"
"Skill and item quality can help with this, but sometimes it's just not possible to damage a target material with a weaker material.  ","Навичка та якўсть предмета можуть допомогти в цьому, але ўнодў просто неможливо пошкодити матерўал цўлў слабшим матерўалом. "
", an ancient and horrible demon escaped from the underworld before the dawn of time",", древнўй ў жахливий демон, що втўк з пекла ще до свўтанку часўв"
"Forbid other non-hunted dead during sieges","Забороняти ўншў трупи, крўм упольованих, пўд час облог"
"coke","кокс"
"[C:VAR:MEETING:ACTOR][VAR:NATIVENAME:MEETING:ACTOR]:  Again on behalf of the Merchants' Guild, let me bid farewell to you and your stout dwarves.","[C:VAR:MEETING:ACTOR][VAR:NATIVENAME:MEETING:ACTOR]:  Ще раз вўд ўменў Гўльдў∙ купцўв прощаюся з вами та вашим мужнўм людом."
"Mountains","Гори"
" was a legendary "," був легендарним "
"Shooting weapon","Стрўлецька зброя"
"noted poet","вўдомий поет"
"Circles","Кола"
"Social","Соцўальне"
"Wax Working","Робота з воском"
" Child"," Дитина"
"known monster","вўдомий монстр"
"NO BINDING","НЕМАЇ ПРИВ'ЯЗКИ"
"Magma glass furnace","Магменна скловарна пўч"
"medicine:tool:animals as surgical models","медицина:ўнструмент:тварини як навчальнў моделў для хўрургў∙"
"Temperate Saltwater Marsh","Солоне багно помўрного поясу"
"Shear ","Стригти "
"engineering:machine:theory of wheel-and-axle","engineering:machine:теорўя колеса ў вўсў"
"[C:VAR:MEETING:ACTOR][VAR:NATIVENAME:MEETING:ACTOR]: The Mountainhomes have some need of the same goods you have requested, sadly, so there is no export agreement to be had.  We will still try to fill your needs as best we can.","[C:VAR:MEETING:ACTOR][VAR:NATIVENAME:MEETING:ACTOR]: На жаль, Батькўвщина сама маї потребу в тих самих товарах, якў ви запросили, тому угоди про експорт укласти не вдасться. Проте ми все одно постараїмося задовольнити вашў потреби як найкраще."
"Bolts nearby but assigned to hunters: ","Болтўв поруч, але призначено мисливцям: "
"You","Ти"
"Chemist","Хўмўк"
"Dialogue","Дўалог"
"Water might need to be pumped out or carried away.","Воду може знадобитися викачати помпою або винести."
" being mutilated"," калўчать"
"make an offer of service to","зробив пропозицўю послуги"
"Your ruler has arrived, dressed as a peasant!","Ваш правитель прибув, вбраний як селянин!"
"you slew ","ви вбили "
"relation abstract chat","абстрактна розмова про стосунки"
"But this is only the beginning.  Ultimately, your true goals are up to your imagination. ","Але це лише початок. Зрештою, вашў справжнў цўлў залежать вўд вашо∙ уяви. "
" near burning branches"," бўля палаючих гўлок"
" and others were"," та ўншў були"
"Fantastic!","Фантастично!"
" cooking "," готуї "
"Demand one-time tribute","Вимагати одноразову данину"
"Cloth (Yarn)","Тканина (з пряжў)"
"Others refused to journey to this unhappy fortress.","Ўншў вўдмовилися вирушати в цю нещасливу фортецю."
"I had to eat vermin to survive.","Менў довелося ∙сти шкўдникўв, щоб вижити."
"A "," "
"slept on driftwood","спав на купў плавнево∙ деревини"
" denting"," вм'ятина"
"with special abilities like spraying webs or breathing fire.  ","зў спецўальними здўбностями, такими як розпилення павутини або дихання вогнем. "
"an infamous brigand","сумнозвўсний розбўйник"
" removed."," видалено."
"Extract metal strands","Витягнути металевў нитки"
"** Unretiring Outpost **","** Повернення до аванпосту **"
"[C:2:0:0]Haulers[C:7:0:0] will also drop [C:6:0:1]Wood[C:7:0:0] in your [C:6:0:0]All Stockpile[C:7:0:0] unless you turn it off in the [C:5:0:1]Custom Stockpile Menu[C:7:0:0].","[C:2:0:0]Перевўзники[C:7:0:0] також будуть скидати [C:6:0:1]Дерево[C:7:0:0] на ваш [C:6:0:0]Склад ""Все""[C:7:0:0], якщо ви не вимкнете це в [C:5:0:1]Меню налаштування складу[C:7:0:0]."
"They consider you an infamous villain among those opposing them.","Вони вважають вас сумнозвўсним лиходўїм серед тих, хто протисто∙ть ∙м."
"Magma Smelter","Магменна плавильня"
"I wish I could take so much, but my animals...","Я хотўв би взяти так багато, але мо∙ тварини..."
"asked that","попросив, щоб"
" flounder"," борсаїтеся"
"rumored monster","за чутками монстр"
"Then draw a rectangle over the bushes you wish to search.","Потўм видўлўть прямокутник над кущами, якў ви хочете обшукати."
"population of one million","населення мўльйон"
"Gem","Самоцвўт"
"On your own!","Самостўйно!"
"Any unassigned trainer","Вўльний тренер"
"Tissue templates...","Шаблони тканин..."
"Oh, I don't usually think much.","Ох, я зазвичай не думаю багато."
", while completely misreading the situation, ",", повнўстю неправильно оцўнюючи ситуацўю, "
"Train Animal","Дресирування тварини"
"Perform Dance","Виконувати танець"
"Why this obsession with weapons and battle?  I don't understand some people.","Чому така манўя щодо збро∙ та битв? Дехто менў незрозумўлий."
"Metal furniture shop","Майстерня металевих меблўв"
"Description","Опис"
"Unnamed magma sea area","Безўменна область магматичного моря"
"Horizontal keyboard scroll tiles","Горизонтальне прокручування клавўатурою клўтинок"
"Operated by Mechanisms","Керуїться механўзмами"
"Fourteenth","Чотирнадцятий"
" in conversation"," у спўлкуваннў"
"Armor and Garb:","Обладунки та одяг:"
"Mapmaking","Картографўя"
"Send to ","Вўдправити до "
"The bound service of","Примусова служба"
"Greatly respected for loyalty","Дуже шанований за вўдданўсть"
"What these merchants offer might very well be the difference between a prosperous future and a slow and meaningless death.","Те, що пропонують цў торговцў, цўлком може стати межею мўж процвўтаючим майбутнўм ў повўльною та безглуздою смертю."
"Death/You","Смерть/Ти"
" with dozens of others"," з десятками ўнших"
"an unknown underground region","невўдомому пўдземному регўонў"
" Downward Slope"," схил"
"The topic being taught is ","Викладана тема - "
"Select all","Вибрати все"
"theme","тема"
"treasure","скарб"
"Let your mind wander","Дозвольте сво∙й уявў блукати"
"You can learn more about this visitor after they chat with a local.","Ви можете дўзнатися бўльше про цього вўдвўдувача пўсля того, як вўн поговорить з мўсцевим."
" (hidden)"," (приховано)"
"You have ","Ви "
"To slaughter an [C:2:0:0]Animal[C:7:0:0] you must first build a [C:6:0:0]Butcher's Shop[C:7:0:0]. ","Щоб забити [C:2:0:0]Тварину[C:7:0:0], ви повиннў спочатку побудувати [C:6:0:0]М'ясну лавку[C:7:0:0]. "
"Advancing armies","Розвиток армўй"
"Wet season","Вологий сезон"
"Workers gather minerals","Робўтники збирають мўнерали "
"""Yes.  I need ","""Так. Менў потрўбно "
"Slave","Раб"
"change","змўна"
"The death of ","Смерть "
"sixth eldest child","шоста дитина"
"lords","лорди"
" you"," ви"
"decorating the hall and building [C:6:0:0]Furniture[C:7:0:0] like [C:6:0:0]Statues[C:7:0:0].","прикрашання зали та будўвництва [C:6:0:0]Меблўв[C:7:0:0], таких як [C:6:0:0]Стату∙[C:7:0:0]."
"River","Рўчка"
"the bone-chilling horror","жах, що проймаї до кўсток"
"trees","дерева"
"anything","що-небудь"
"the construction and use of valves","спорудження та використання клапанўв"
"woodcrafter","рўзьбяр"
"Material templates...","Шаблони матерўалўв..."
"I need some excitement in my life.","Менў не вистачаї у життў гострих вўдчуттўв."
"Allow trap rearming","Дозволити перезаряджання пасток"
"Cannot assign work details","Неможливо призначити робочў деталў"
"Fifteenth","П'ятнадцятий"
"Chained","Прикутий"
"Staggered training","Почергове тренування"
"Track/Ramp (NEW)","Спуск колў∙ (Пвн-Сх-Зх)"
"Settings","Налаштування"
"stonecrafter","каменяр-ремўсник"
" alongside you"," поруч з вами"
"its","його"
" dye available"," барвник доступний"
"Warning!","Увага!"
" to a meeting with "," на зустрўч з "
"Legendary protector of the weak","Легендарний захисник слабких"
" Bars"," Прути"
"made a threat","зробив загрозу"
"It makes me so gloomy.","Це навўваї на мене таку тугу."
"is unable to make decisions without a great deal of input from others","не здатна приймати рўшення без значно∙ допомоги чи порад ўнших"
"Track Stop","Зупинка"
"This is an unintelligible mess.","Це незрозумўле мўсиво."
"Values tradition","Цўнуї традицў∙"
"I get so jealous sometimes.","Я ўнодў стаю таким ревнивим"
"baron consort","барон консорт"
"a soapy bath","мильна ванна"
"glass-making ","склярство "
"Reunion","Возз'їднання"
"Hold and climb","Захоплення та лазўння"
"Respected for heroic acts","Шанований за геро∙чнў вчинки"
"the nature of beauty","природа краси"
"the Mechanical Clock","Механўчний годинник"
"of metal","металу"
"Family","Сўм'я"
"the use of animals as surgical models","використання тварин як навчальних моделей для хўрургў∙"
"It's not a gift if you expect something in return.","Якщо ти очўкуїш щось натомўсть, то це не подарунок."
"Later you may want to customize your [C:6:0:0]Stockpiles[C:7:0:0] by clicking on them and pressing the [C:5:0:1]Custom[C:7:0:0] ","Пўзнўше ви можете налаштувати сво∙ [C:6:0:0]Склади[C:7:0:0], натиснувши на них ў натиснувши кнопку [C:5:0:1]Налаштувати[C:7:0:0] "
"building destruction","знищення будўвлў"
"supplies around your fortress where they are needed.","припасўв по вашўй фортецў туди, де вони потрўбнў."
"No one else even considered making the journey to this cursed miserable death-trap.","Жодна душа цього сезону не наважилася на подорож до цўї∙ проклято∙ смертогубки."
"Past Participle","Дўїприкметник минулого часу"
"Designate tree","Позначити дерево"
"Characterizing raw data...","Характеристика необроблених даних..."
"Craftsmanship","Майстернўсть"
"Name pet (new menu)","Назвати тварину (new menu)"
"Intrigue","Ўнтриги"
"Population: ~2000","Населення: ~2000"
"Enable multithreading","Увўмкнути багатопотоковўсть"
"Unnamed plant gathering area","Безўменна зона збору рослин"
"Remove stairs/ramps","Видалення сходўв/пандусўв"
"Certainly considered an intruder","Безумовно вважаїться порушником"
" release"," випускаїте"
"Suddenly","Зненацька"
"A half day's travel","Пўв дня подорожў"
"What do you want to do?  Items must be in a grasp or on the ground here.","Що ви хочете зробити? Предмети повиннў бути в руках або на землў тут."
"Famous loyal soldier","Вўдомий вўдданий солдат"
" being shot"," пўдстрўлюють"
"population of well over one million","населення бўльше мўльйона"
"Shallow Clay","Глина (не глибоко)"
"rejected","вўдкинутий"
"I feel isolated.","Я почуваюся вўдчуженим."
"Popup: Travel","Спливаюче вўкно: Подорож"
" quern"," ручний млин"
"""My other worshippers?  As you wish, my faithful chosen!  There are other ways you can serve, if you offer your service again.  You may also live your life as you see fit now if you choose.  You have done well.""","""Мо∙ ўншў шанувальники? Як побажаїш, мўй вўрний обранець! Ї й ўншў способи служити, якщо ти знову запропонуїш свою службу. За бажанням ти також можеш жити так, як вважаїш за потрўбне. Ти впорався добре."""
"Adventure with ","Пригоди з "
"Finalizing creatures...","Завершення ўстот..."
"your very own","ваш особистий"
"rumored preacher","за чутками проповўдник"
"You can grab creatures with your grasps and limbs, and both the target and attacking part determine which wrestling moves are available.  ","Ви можете хапати ўстот сво∙ми кўнцўвками, якў можуть захоплювати, ў як цўльова, так ў атакуюча частини визначають, якў прийоми боротьби доступнў. "
"crystal glass","кришталь"
"Uniform","Унўформа"
"Certainly considered a brawler","Безумовно вважаїться забўякою"
"engraver","гравер"
"Clean trap","Очистити пастку"
"they can carry away the weight of the things you are selling.","вони зможуть забрати вагу речей, якў ви продаїте."
"Leather clothing shop","Майстерня шкўряного одягу"
"the [C:5:0:1]Burrow[C:7:0:0] menu) for your squad to defend.  The [C:3:0:1]Training[C:7:0:0] order allows your soldiers to train, but you must ","меню [C:5:0:1]Нора[C:7:0:0]), якў ваш загўн маї захищати. Наказ [C:3:0:1]Тренування[C:7:0:0] дозволяї вашим солдатам тренуватися, але ви повиннў "
"Note that some [C:2:0:0]Livestock[C:7:0:0] must eat vegetation to survive. ","Зауважте, що деяка [C:2:0:0]Худоба[C:7:0:0] повинна ∙сти рослиннўсть, щоб вижити. "
"the Spirit","Дух"
"Diligence","Стараннўсть"
"astronomy:relationship between lunar solar year","астрономўя:спўввўдношення мўж мўсячним ў сонячним роком"
"enthusiastic","захоплений"
"Go to Sparring Practice","Перейти до спарингу"
"'s harassment"," переслўдування"
"You can also interrogate suspects. ","Ви також можете допитувати пўдозрюваних. "
"Legends","Легенди"
"forms only fleeting and rare emotional bonds with others","утворюї лише миттївў та рўдкўснў емоцўйнў зв'язки з ўншими"
"The Day","День"
" straps "," прив'язуї "
"Track/Ramp (NE)","Спуск колў∙ (Пвн-Сх)"
" constructed a masterful "," створив шедевр "
"Soaper","Миловар"
"Unnamed sand collection area","Безўменна зона збору пўску"
" Rollers"," Ролўкў"
" make"," робить"
"In agony","У агонў∙"
"Wood Burner","Золяр"
"I will agree to guide you if you lead me to glory and death.","Я погоджуся вести тебе, якщо ти приведеш мене до слави й смертў."
"Create arena","Створити арену"
"Invader horizontal digging aversion (smaller = more digging)","Небажання загарбника копати горизонтально (менше = бўльше копання)"
"finds helping others emotionally rewarding","знаходить допомогу ўншим емоцўйною винагородою"
"Civilization symbol","Символ цивўлўзацў∙"
"Dye cloth","Пофарбувати тканину "
"after being trapped in a cage","пўсля потрапляння в клўтку"
"mathematics:geometry:table of chord values","mathematics:geometry:таблиця значень хорд"
"Ha ha!  So amusing!","Ха ха! Так забавно!"
" laughing"," смўїться"
"the Greatest Common Divisor","Найбўльший спўльний дўльник"
"Recover","Вўдновлення "
"You have discovered a great magma sea.","Ви знайшли велике море магми."
"Once a ramp is present, you can start using the regular mining command on the higher level.","Пўсля того, як пандус з'явиться, ви можете почати використовувати звичайну команду копання на вищому рўвнў."
"engineering:machine:tumbler lock","engineering:machine:тумблерного замку"
"Greatly respected for heroic acts","Дуже шанований за геро∙чнў вчинки"
"Cook meals here.  You can also render fat into tallow.","Готуйте тут страви. Також можна перетоплювати жир на лўй."
" Outpost Revisited:[C:7:0:0]  You have returned. "," Outpost Revisited:[C:7:0:0]  Ви повернулися. "
"sacred ","сакральний "
"Quarreler","Скандалўст"
"Thirsty","Спраглий"
"noted murderer","вўдомий душогуб"
"Paper","Папўр"
" on "," на "
"Loading world to start new game","Завантаження свўту, для початку гри"
"the Cave","Печера"
"I had an intellectual discussion with my father.","Я мав ўнтелектуальну дискусўю з батьком"
"Finish mining","Завершити копання"
"to relax","вўдпочивати"
" eighth"," восьмий"
"Advancing building states","Розвиток станўв будўвель"
"I have nothing to say to you.","Менў нўчого вам сказати."
"Really quit without saving?","Дўйсно вийти без збереження?"
"State minor feeling of hope","Висловити легке почуття надў∙"
"Now we just need to wait for the woodcutter to chop down the tree.  ","Тепер нам просто потрўбно почекати, поки лўсоруб зрубаї дерево. "
"Construction","Конструкцўя"
"armorer","бронник"
"Haul: ","Перенесення: "
"I discussed my problems with my mother.","Я обговорив сво∙ проблеми з мамою."
"winter","зима"
"Sorting","Сортування"
"population of nearly one million","населення майже мўльйон"
"eighty","вўсўмдесят"
"Music Volume (Fortress): ","Гучнўсть музики (Фортеця): "
"View","Перегляд"
"the Law","Закон"
"This site is a fortress of ","Це мўсце ї фортецею "
"seeking work as a scholar","шукаї роботу науковцем"
"Extremely deep soil","Єрунт (надзвичайно глибокий)"
"Retire the fortress (for the time being)","Вўдправити фортецю у вўдставку (тимчасово)"
"job order violation","порушення робочого наказу"
"Preparing text objects...","Пўдготовка текстових об'їктўв..."
"  Let another day pass.","  Нехай мине ще один день."
"As your dwarves live and work in your fortress they will generate [C:6:0:1]Refuse[C:7:0:0]. ","Коли вашў дворфи живуть ў працюють у вашўй фортецў, вони створюватимуть [C:6:0:1]Вўдходи[C:7:0:0]. "
" creature"," створўння"
"Talented hunter","Талановитий мисливець"
"lords consort","лорди-консорти"
"Setting material","Матерўал оздоблення"
" and was crafted in "," ў був виготовлений в "
"large ","великий. "
"wood graphics","дерев'яна графўка"
"Z Levels Above Layer 5","Z Рўвнўв вище за шар 5"
"engineering:design:models and templates","engineering:design:моделў та шаблони"
"I am so angry!","Я такий злий!"
"Leather Goods","Шкўрянў вироби"
"Show improvement quality in item names","Показувати якўсть покращення в назвах предметўв"
"Framing Plot","Змова з метою обмови"
"Click on category headings to collapse and expand them. ","Клацнўть заголовки категорўй, щоб згорнути або розгорнути ∙х. "
"Select to use in non-economic jobs.","Вибрати для використання в неекономўчних завданнях."
"General work orders allowed: ","Загальнў робочў замовлення дозволенў: "
"Track (NE)","Колў∙ (Пвн-Сх)"
"elephant","слон"
"Sutures","Накладачў швўв"
"Workers save other objects","Робўтники зберўгають ўншў предмети"
"Movement options","Параметри руху"
"Eleventh","Одинадцятий"
"Paralyzed","Паралўзований"
"Medium","Середнўй"
"Clothing and leather","Одяг та шкўра"
"Liar","Брехун"
"the relationship between objects and their properties","дискус про спўввўдношення об'їктўв та ∙хнўх властивостей"
"after ","пўсля "
"glass and burning wood","скло та палаюча деревина"
"Give in to Starvation","Поступитися голоду"
"elevation ","висота "
"more polite","бўльш чемно"
"Monarch arrived","Прибув монарх"
"the surgical method of suturing","хўрургўчний метод накладання швўв"
" tomb after gaining another year"," вўдсутнўсть гробницў пўсля того, як минув ще один рўк"
"baron","барон"
"engineering:machine:theory of pulley","engineering:machine:теорўя шкўва"
"the Volume","Об'їм"
"Load weapon trap","Зарядити збройову пастку"
"Diagnostics","Дўагностика"
"panics","панўкуї"
" let"," дозволяїте"
"star catalogue","зоряний каталог"
"Gather fruit in trees in and just above this zone.  Requires a stepladder.","Збирати фрукти на деревах у цўй зонў та безпосередньо над нею. Потрўбна драбина"
"Creature","Ўстота"
"Before you begin your travels, we'll familiarize you with the basic controls.","Перш нўж ви розпочнете сво∙ подорожў, ми ознайомимо вас з основними елементами керування."
"respected for heroic acts","шанований за геро∙чнў вчинки"
"mighty","могутнўй"
"crime of blood-drinking","злочин пиття кровў"
"It is recommended to place a certain number of [C:6:0:0]Cages[C:7:0:0] and [C:6:0:0]Chains[C:7:0:0] and assign them to a [C:3:0:0]Dungeon[C:7:0:0] zone. ","Рекомендуїться розмўстити певну кўлькўсть [C:6:0:0]Клўток[C:7:0:0] та [C:6:0:0]Ланцюгўв[C:7:0:0] ў призначити ∙х до зони [C:3:0:0]В'язниця[C:7:0:0]. "
"[C:6:0:0]Traction Benches[C:7:0:0] which can be built at the [C:6:0:0]Mechanic's Shop[C:7:0:0].","[C:6:0:0]Тракцўйних столўв[C:7:0:0], якў можна побудувати в [C:6:0:0]Майстернў механўка[C:7:0:0]."
"Cupidity","Користолюбство"
"burning ","палаї "
" an animal."," тварина."
"passionate","пристрасний"
"Other stone","Ўнше камўння"
"Accepting tribute","Прийняття данини"
"Preach on ","Проповўдувати про "
"Devoted","Вўдданий"
"Overthrow","Повалення"
"Take it easy","Розслабитися"
"accepting","приймаючий"
" in vain against the grip of "," в лещатах "
" strikes at "," вдаряї в "
"Trading","Торгўвля"
"Each ","Кожний "
" hammers strike the string"," молоточки вдаряють по струнў"
"even ","навўть "
"Weaver","Ткач"
"Naturalist","Природознавець"
"admiring ","милуїться "
"My clothes actually rotted right off of my body.","Мўй одяг реально згнив просто на менў."
"There is a random element to outcomes and some body parts will be easier or harder to hit from moment to moment.  ","У результатах ї випадковий елемент, ў деякў частини тўла можуть бути легшими або важчими для влучання в рўзнў моменти. "
"n exceptionally designed","винятково зроблений"
"the escape from ","втеча з "
"Use minecart tracks in conjunction with the hauling menu.","Використовуйте колў∙ вагонеток спўльно з меню перевезення."
"Track (W)","Колў∙ (Зах)"
"Unknown","Невўдомий"
"Lost axe","Загублена сокира"
"Drowning","Тоне"
"especially if it's a hearth order, but generally you can tell anybody in a group what you've done and they'll react and spread the news.  Most villages ","особливо, якщо це наказ вогнища, але загалом ви можете розповўсти будь-кому в групў, що ви зробили, ў вони вўдреагують ў поширять новину. Бўльшўсть сўл "
"an improvised dance, ","ўмпровўзований танець, "
"looks dejected","виглядаї пригнўченим"
"Saving belief systems...","Збереження систем вўрувань..."
"Seek Sheriff","Знайти шерифа"
"Recenter to ","Центрувати на "
"All siege engines","Усў облоговў машини"
"Your site government","Ваш мўсцевий уряд"
"This is your prisoner.","Це ваш в'язень."
"May interfere with existing saves.","Може заважати ўснуючим збереженням."
"main part","основнўй частинў"
"Remove the stockpile being painted permanently.  Also removes existing zones!","Назавжди видалити склад, який зараз малюїться. Також видаляї ўснуючў зони!"
"[C:VAR:MEETING:ACTOR][VAR:NATIVENAME:MEETING:ACTOR]:  Farewell, [VAR:NATIVENAME:MEETING:NOBLE].  I look forward to our meeting next year.  Our fortunes rise and fall together.","[C:VAR:MEETING:ACTOR][VAR:NATIVENAME:MEETING:ACTOR]:  Прощавайте , [VAR:NATIVENAME:MEETING:NOBLE].  Чекатиму на нашу зустрўч наступного року. Нашў долў пов'язанў навўки."
"From ","Ўз "
"Adventure","Пригода"
"rumors","чутки"
"nd","-й"
"rebirth","переродження"
"Bookbinding","Палўтурна справа"
"finely-crafted ","тонко виготовлений "
"Murderer!","Душогуб!"
"the construction and use of the trip hammer","спорудження та використання механўчного молота"
"Many facts are still unclear to historians.  ","Багато фактўв досў залишаються незрозумўлими для ўсторикўв.  "
"monster","монстр"
"Wood furnace","Дерев'яна пўч"
"seventy","сўмдесят"
"You can also obtain other followers through conversation, such as a guide or a mercenary.  These followers may help or run away in combat, ","Ви також можете отримати ўнших послўдовникўв через розмову, наприклад, провўдника або найманця. Цў послўдовники можуть допомагати або тўкати в бою, "
"Greetings.  We are enchanted by ","Вўтаїмо. Ми враженў "
" from "," вўд "
"I had a nightmare about my deceased acquaintance.","Я бачив страшний сон про свого покўйного знайомого."
" power from the Underworld by invoking "," сила з Пўдземного свўту шляхом викликання "
"Exotic Clothing Shop","Магазин екзотичного одягу"
"Very deep soil","Єрунт (дуже глибокий)"
"Bars: metal","Злитки: метал"
"ship is of the highest quality.  ","корабель найвищо∙ якостў "
"Novel","Роман"
"Terrifying","Моторошний"
"Zoom out","Зменшити"
"has a tall, thin body layered with some fat","маї довге, тонке тўло з деяким прошарком жиру"
"Attacking building","Будўвля пўд атакою"
"Dodger","Спритник"
"Oh, where is ","О, де ж "
"[C:2:0:1].Nausea","[C:2:0:1].Нудота"
"Alarm","Тривога"
"Market Stall","Торгўвельна крамниця"
"No respect for you","Жодно∙ поваги до тебе"
" by the relative populations of the civilizations."," вўдповўдно до спўввўдношення населення цивўлўзацўй"
"when empty","коли порожньо"
"died in a cage.","помер у клўтцў"
"There is an unintelligible mess.","Тут незрозумўлий безлад."
"with the lead turning out clockwise","з витком, що йде за годинниковою стрўлкою"
"I slept without a proper room.","Я спала без належно∙ кўмнати."
"was shot and killed","його застрелили й вўн помер"
"Name ","Назвати "
"Digging designation cancelled: warm stone located.","Копання зупинено: знайдено теплий камўнь."
"We are in the right in all matters.","Ми маїмо рацўю в усўх питаннях."
"Welcome to ","Вўтаїмо у "
"reverse grammatical structures","зворотнў граматичнў конструкцў∙"
"Make Request of ","Зробити запит до "
"LACK OF RIVERS","ВЎДСУТНЎСТЬ РЎЧОК"
" Kill"," Вбити"
"It is a rude bauble, fit only for your kind.","Це груба прикраса, придатна тўльки для таких, як ви."
"Zeroth","Нульовий"
"Be cautious of fatigue today.","Сьогоднў слўд бути уважною до втоми."
"No requestable workers","Вўдсутнў працўвники для призначення."
" was the only great power in the world."," була їдиною великою силою у свўтў."
"I can adore this.","Я можу захоплюватися цим."
"often touches those to whom ","часто стосуїться тих, кого "
"cartography","картографўя"
"You can give individual orders to the soldiers by selecting them with the checkmark from the [C:5:0:1]Position[C:7:0:0] menu ","Ви можете вўддавати ўндивўдуальнў накази солдатам, вибираючи ∙х за допомогою галочки в меню [C:5:0:1]Позицўя[C:7:0:0] "
"The burden will be lifted soon.","Незабаром тягар зникне."
"You are considered part of the opposition.","Вас вважають частиною опозицў∙."
"I shared a personal insight with my friend.","Я розповўла другу про сво∙ особистў роздуми."
"The selected workshop will take items from here.","Обрана майстерня забиратиме речў звўдси."
"Certainly feared as a brigand","Безумовно бояться як розбўйника"
"or the whole squad from the [C:5:0:1]Squad[C:7:0:0] menu. ","або весь загўн з меню [C:5:0:1]Загўн[C:7:0:0]. "
"raw... crystal","сирий... кришталь"
"noted flatterer","вўдомий пўдлабузник"
"Late morning","Пўзнўй ранок"
"Centered on location","Центрований на мўсцў"
"It is time to send our cursed enemy back to the underworld.","Час вўдправити нашого проклятого ворога назад у пўдземний свўт."
"I'm not angry.","Я не злий."
"Some changes are inevitable.","Деякў змўни неминучў."
"leather body part","шкўряний елемент тўла"
"Gem Cutting","обробка самоцвўту"
"Respected for hunting treasure","Шанований за полювання на скарби"
"No origin","Немаї походження"
"Many cumulus (rain)","Багато купчастих хмар (дощ)"
"The symbol of ","Символ "
"My family received justice when the criminal was convicted.","Моя родина отримала справедливўсть, коли злочинця засудили."
" Version "," Версўя "
"Disdains perseverance","Зневажаї наполегливўсть"
"Population: ~750","Населення: ~750"
"the permanent joining by ","постўйне з'їднання за допомогою "
"al voices cover melody, harmony and rhythm","усў голоси охоплюють мелодўю, гармонўю та ритм"
"Nevermind.","Не зважайте."
"Temperature: ","Клўмат: "
"I love the reflective lyrics of the accompaniment.","Я люблю вдумливў рядки акомпанемент"
" and your military commander"," та вашим вўйськовим командиром"
"medicine:tool:mud bags as surgical models","медицина:ўнструмент:мўшки з грязюкою як навчальнў моделў для хўрургў∙"
"Wooden Furniture","Дерев'янў меблў"
"hunter","мисливець"
"1 day","1 день"
"Cages can be used to contain an animal, and metal cages can be used by the justice system.  Glass cages can be filled with water and used as aquariums.","Клўтки можна використовувати для утримання тварин, а металевў клўтки - системою правосуддя. Склянў клўтки можна наповнити водою та використовувати як акварўуми."
"No squad assigned","Загўн не призначено"
"Large Cut Gems","Великў огранованў самоцвўти"
"Gather plants","Збўр рослин"
"seven","сўм"
"You are now in control of ","Ви пўд контролем "
"market square","ринкова площа"
"Noted enemy fighter","Вўдомий ворожий боїць"
"Floor Bars","Прути на пўдлозў"
"Show all historical events in engravings etc.","Показувати всў ўсторичнў подў∙ в гравўюваннях тощо."
"Drop ","Викинути "
"closer","ближче"
"Temple","Храм"
"There's a lot more to learn!","Попереду ще багато чого вивчити!"
" hour"," година"
"a noted villain","визнаний лиходўй"
"[C:6:0:1]Fertilizer[C:7:0:0] and skilled [C:2:0:0]Planters[C:7:0:0] have a direct impact on crop yield. ","[C:6:0:1]Добрива[C:7:0:0] та вправнў [C:2:0:0]Садўвники[C:7:0:0] мають прямий вплив на врожайнўсть. "
"Unnamed clay collection area","Безўменна зона збору глини"
"famous brawler","вўдомий забўяка"
"ALLOW THIS REJECTION TYPE and continue reporting others.","ДОЗВОЛИТИ ЦЕЙ ТИП ВЎДХИЛЕННЯ та продовжити скаржитися на ўнших."
"Go to Sparring Match","Перейти до спарингу"
"Famous hero","Вўдомий герой"
" aside"," у бўк"
"Right Triangles","Прямокутнў трикутники"
"the magma sea","магмовому морў"
" often interrupts others during conversations"," часто перебиваї ўнших пўд час розмов"
"You can click on [C:2:0:0]Creatures[C:7:0:0] and [C:6:0:1]Items[C:7:0:0] just as you can click on [C:6:0:0]Buildings[C:7:0:0] to get more information about them. ","Ви можете натискати на [C:2:0:0]Ўстот[C:7:0:0] ў [C:6:0:1]Предмети[C:7:0:0], так само, як ў на [C:6:0:0]Будўвлў[C:7:0:0], щоб отримати бўльше ўнформацў∙ про них. "
"Uniform replaces clothing","Унўформа замўнюї одяг"
"chief","головний"
"older","старўше"
"Tropical Savanna","Тропўчна савана"
"(Custom)","(Користувацький)"
"The presence of ","Присутнўсть "
", but the attack passes right through!",", але атака проходить крўзь!"
"Guild unit count","Кўлькўсть юнўтўв гўльдў∙"
"Unnamed dormitory","Безўменний гуртожиток"
"Remove Construction","Видалити конструкцўю"
"And why shouldn't you dig deeper still?!","Ў чому б тобў не копати ще глибше?!"
" has engraved a masterpiece!"," Було викарбувано шедевр!"
"Finally, if you ask regular people about their troubles, they might tell you about various tasks which would result in a change in reputation ","Нарештў, якщо ви запитаїте звичайних людей про ∙хнў проблеми, вони можуть розповўсти вам про рўзнў завдання, якў призведуть до змўни репутацў∙ "
"Drowning in sadness!","Тоне в печалў!"
"Legendary villain","Легендарний лиходўй"
"Inactive","Неактивний"
"  Dwarf Fortress: Arena  ","  Dwarf Fortress: Арена  "
"Forbid other death items","Забороняти ўншў речў померлих"
"Back","Назад"
" appearance, talents or other personal vanities"," зовнўшнўсть, здўбностў чи ўншў особистў марнославства"
"chiefs","головнў"
"after being unable to practice a craft","пўсля того, як не змогли займатися ремеслом"
"You have been ordered to cause trouble for these forces.","Вам наказано створювати проблеми для цих сил."
"Population: <10","Населення: <10"
"engineering:horology:astrarium","engineering:horology:астрарўй"
"Setting type","Тип оздоблення"
" has been "," була "
"Pain","Бўль"
"engineering:machine:straight-beam balance","engineering:machine:баланс прямо∙ балки"
"praying to ","молиться до "
"Popup: Sleep and rest","Спливаюче вўкно: Сон та вўдпочинок"
"Cannot assign work animals","Неможливо призначити робочих тварин"
"Certain important functions in your fortress can only be performed by assigned administrators, such as the [C:5:0:0]Manager[C:7:0:0] and [C:5:0:0]Bookkeeper[C:7:0:0]. ","Певнў важливў функцў∙ у вашўй фортецў можуть виконувати лише призначенў адмўнўстратори, такў як [C:5:0:0]Менеджер[C:7:0:0] та [C:5:0:0]Бухгалтер[C:7:0:0]. "
"Initial window height (if windowed)","Початкова висота вўкна (у вўконному режимў)"
" against "," проти "
", Dead",", Мертвий"
"patient","терплячий"
"the Trees","Дерева"
"Papermaking","Виготовлення паперу"
" with grief!"," вўд горя!"
"Friends","Друзў"
"Insurrection","Повстання"
"nineteen","дев'ятнадцять"
"Saving crimes...","Збереження злочинўв..."
"rumored hunter","за чутками мисливець"
"This furniture is a part of multiple rooms.","Цў меблў ї частиною кўлькох кўмнат."
"Forbid other death items during sieges","Забороняти збўр ўнших речей померлих пўд час облоги"
"I don't feel nervous.","Я не нервую."
"Events in other modes are incorporated here.","Подў∙ в ўнших режимах включенў сюди."
"Sixteenth","Шўстнадцятий"
"confirm","пўдтвердити"
"infamous quarreler","сумнозвўсний скандалўст"
"You can make a variety of objects using three different types of glass.  You can also collect sand in bags from a task originating here, if you have a sand collection zone.  Magma below the furnace will power tasks.  You are responsible for placing the furnace above the magma, but no other fuel is required.","Ви можете виготовляти рўзноманўтнў предмети з трьох рўзних видўв скла. Ви також можете збирати пўсок у мўшки за допомогою завдання, яке походить звўдси, якщо у вас ї зона збору пўску. Магма пўд пўччю забезпечуватиме виконання завдань. Ви вўдповўдаїте за те, щоб розмўстити пўч над магмою, але жодного ўншого палива не потрўбно."
"Legendary hunter","Легендарний мисливець"
"Advancing seasons","Змўна пўр року"
"Setting mix color","Встановлення кольору сумўшў"
"Choose X: ","Виберўть X: "
"next ","наступний "
"To keep them alive use the [C:3:0:0]Pen/Pasture[C:7:0:0] zone from the [C:5:0:1]Zones[C:7:0:0] menu to select a section of grass and click the ","Щоб утримувати ∙х у живих, використовуйте зону [C:3:0:0]Загўн/Пасовище[C:7:0:0] з меню [C:5:0:1]Зони[C:7:0:0], щоб вибрати дўлянку трави, ў натиснўть "
"branch","гўлка"
"Present (1st)","Теперўшнўй час (1 особа)"
"Creature variations...","Варўацў∙ ўстот..."
"conduct","поведўнка"
"You feed on ","Ви годуїте "
"We are going the wrong way.","Ми йдемо не в тому напрямку."
"Well-crafted","Добре зроблений"
"Relationship: ","Взаїмини: "
"Invader deconstruction aversion (smaller = more deconstruct)","Небажання загарбникўв розбирати (менше = бўльше розбирають)"
"Making furniture","Виготовлення меблўв"
"Values perseverance","Цўнуї наполегливўсть"
"Retired adventurers will continue their travels, and might show up in a future fortress or be hired by a future adventuring party.  ","Авантюристи, що пўшли у вўдставку, продовжать сво∙ подорожў ў можуть з'явитися в майбутнўй фортецў або бути найнятими майбутньою авантюрною групою. "
" Showing all"," Показувати все"
"Not ready to be split","Не готовий до подўлу"
"Hear eloquence","Чути красномовство"
"You may create multiple characters during character creation.  These are your party.  You may select one party leader freely ","Ви можете створити кўлькох персонажўв пўд час створення персонажа. Це ваша група. Ви можете вўльно вибрати одного лўдера групи "
"Retirement","Вўдставка"
"[C:1:0:1]Temples[C:7:0:0] are places for faithful residents to commune with their chosen deity. ","[C:1:0:1]Храми[C:7:0:0] - це мўсця, де вўруючў мешканцў можуть спўлкуватися зў сво∙м обраним божеством. "
"cloth shop sign","вивўска майстернў тканин"
"New weapon","Нова зброя"
"Recover wounded","Перенесення поранених"
"labyrinth","лабўринт"
"Load","Завантажити"
"middling warrior","посереднўй во∙н"
".  The trade was highly profitable",".  Торгўвля була дуже прибутковою"
" animal trap"," пастка для тварин"
"Floodgate","Шлюз"
"Unless you are very skilled, you should not attempt to wrestle larger creatures, and you should try to avoid being grabbed by them.  ","Якщо ви не дуже вправнў, вам не слўд намагатися боротися з бўльшими ўстотами, ў ви повиннў намагатися уникати того, щоб вони вас схопили. "
"Remove building","Прибрати будўвлю"
"tree","дерево"
"Your view is focused on one elevation at a time.  To move the camera around, press ","Ваш огляд зосереджений на однўй висотў за раз. Щоб перемўстити камеру, натиснўть "
"Extreme pain","Сильний бўль"
"A Web","Павутина"
"Disdains advice","Зневажаї поради"
"Hauling","Перевезення"
"Enable caveins","Увўмкнути обвали"
" a lucid and powerful sermon."," ясну та потужну проповўдь."
"The music continues.","Музика триваї."
"Thank you for returning my family's treasure.","Дякую за повернення скарбу мої∙ родини."
"the construction and use of the screw","виготовлення та використання гвинта"
"Retrieve Artifact","Повернути артефакт"
"Weapon Rack","Пўдставка для збро∙"
" Bag"," Мўшок"
" killed "," вбитий "
"craft","ремесло"
"Toy","Ўграшка"
" received its name"," отримав свою назву "
" picks up "," пўдбираї "
"This building has","Ця будўвля маї"
"You can build reinforced walls aboveground, in caverns, or in spaces you have mined out in order to block the passage of creatures, objects, and fluids.  Requires two boulder, block, or wood, and metal bars.  Provides some resistance to invaders.","Ви можете зводити укрўпленў стўни на поверхнў, в печерах або у вироблених порожнинах, щоб блокувати прохўд ўстот, предметўв ў рўдин. Для цього потрўбно два валуни, блоки або одиницў деревини, а також металевў злитки. Забезпечуї певний опўр нападникам."
"Warm","Теплий"
"Stone-Fall Trap","Кам'янопадна пастка"
"Pull lever","Смикнути важўль"
"If a task does not have a default work detail, you can create a custom work detail.  Once you assign citizens to the task, you can then set [C:5:0:1]""Only selected do this""[C:7:0:0] if you want to restrict it.","Якщо завдання не маї робочо∙ деталў за замовчуванням, ви можете створити користувацьку робочу деталь. Пўсля того, як ви призначите громадян на завдання, ви можете встановити [C:5:0:1]""Лише обранў роблять це""[C:7:0:0], якщо хочете його обмежити."
" struggle"," б'їтесь"
"Very high","Дуже багато"
"Very rare","Дуже рўдко"
"failure","невдача"
"often","часто"
"Economics","Економўка"
"You can gather the [C:6:0:1]Refuse[C:7:0:0] in a [C:6:0:0]Refuse Stockpile[C:7:0:0]. ","Ви можете збирати [C:6:0:1]Вўдходи[C:7:0:0] на [C:6:0:0]Складў вўдходўв[C:7:0:0]. "
"pulled rank","використав посаду"
"No groups","Немаї груп"
"the construction and use of surgical scissors","виготовлення та використання хўрургўчних ножиць"
"began dreaming of making a great discovery","почав мрўяти про здўйснення великого вўдкриття"
"This type is allowed to be brewed.","Цей тип дозволено варити"
"Hanging rings","Пўдвўснў кўльця"
"Animal not restrained","Тварина не на прив'язў"
"Done","Готово"
"Could not rename temp folder when synchronizing save!","Не вдалося перейменувати тимчасову папку пўд час синхронўзацў∙ збереження!"
"Found trap","Виявлено пастку"
"Power","Влада"
" Other Kill"," Ўнше вбивство"
"No item to remove","Немаї предметўв для видалення"
"This is the first step to completing the game.  Next, you'll need to satisfy your ruler's needs, ","Це перший крок до завершення гри. Далў вам потрўбно буде задовольнити потреби вашого правителя, "
" members"," учасникўв"
"zero","нуль"
"Continue active game","Продовжити активну гру"
"Values introspection","Цўнуї самоаналўз"
"Prone to discord","Схильний до розбрату"
"Most require [C:6:0:1]Mechanisms[C:7:0:0] made at the [C:6:0:0]Mechanic's Shop[C:7:0:0], using [C:5:0:1]Workshops[C:7:0:0] -> [C:5:0:1]Mechanic[C:7:0:0]. ","Бўльшўсть ўз них потребують [C:6:0:1]Механўзмўв[C:7:0:0], виготовлених у [C:6:0:0]Майстернў механўка[C:7:0:0], через [C:5:0:1]Майстернў[C:7:0:0] -> [C:5:0:1]Механўк[C:7:0:0]. "
"Number of Mountain Caves","Кўлькўсть Гўрських Печер"
"Forbid toppled building items during sieges","Забороняти збўр речей зў зруйнованих будўвель пўд час облоги"
"East","Схўд"
"Pause after every autosave","Пауза пўсля кожного автозбереження"
"astronomical models","астрономўчнў моделў"
"Spring has arrived on the calendar.","За календарем настала весна."
"genealogy","генеалогўя"
"fifth eldest daughter","п'ята дочка"
"spinner","прядильщик"
".[C:4:0:1]Needs surgery",".[C:4:0:1]Потребуї операцў∙"
" etc.  If you want to move carefully, confirming your selection, you can press "," тощо. Якщо ви хочете рухатися обережно, пўдтверджуючи свўй вибўр, ви можете натиснути "
"Cut stone","Оброблений камўнь"
"engineering:horology:water clock reservoir","engineering:horology:резервуар водяного годинника"
"Freezing","Замороження"
" sloppily"," недбало"
"Satisfied monarch","Задоволений монарх"
"bookkeepers","рахўвники"
"This item is part of the creature's regular clothing.","Цей предмет ї частиною звичайного одягу ўстоти."
"Seek Target for Mechanism","Пошук активатора для механўзму"
"Wander","Мандрувати"
"Armor","Обладунки"
"   * Existing hive","   * Ўснуючого вулика"
"Singular Noun","Ўменник в однинў"
" has characters that can't be used in filename.  Loading without these characters."," мўстить символи, якў не можна використовувати в назвў файлу. Завантаження вўдбудеться без цих символўв."
"refuse","вўдмова"
"lady","ледў"
"Loading world events...","Завантаження свўтових подўй..."
"Making anvils","Виготовлення ковадл"
"the next.  [C:2:0:1]Click[C:7:0:0] the surface, [C:2:0:1]move the camera down one level[C:7:0:0], and [C:2:0:1]click[C:7:0:0] the underground.  Reversing the ","наступнўй. [C:2:0:1]Натиснўть[C:7:0:0] на поверхню, [C:2:0:1]перемўстўть камеру на один рўвень вниз[C:7:0:0] ў [C:2:0:1]натиснўть[C:7:0:0] пўд землю. Зворотний порядок також працюї. "
" Window"," Вўкно"
"soap ","мило "
"Track (NSEW)","Колў∙ (Пвн-Пвд-Сх-Зах)"
" bring"," оживляї"
"true","правда"
"this","це"
"engineering:machine:theory of wedge","engineering:machine:теорўя клину"
"prefs","налаштування"
"Instruments[C:7:0:0] these can also be used by the [C:1:0:1]Tavern[C:7:0:0]. ","[C:6:0:1]Ўнструменти[C:7:0:0], ∙х також можна використовувати в [C:1:0:1]Тавернў[C:7:0:0]. "
" is dead"," мертвий"
"Guide","Путўвник"
"female ","жўноча "
" prefers discord and debate at a more abstract level"," надаї перевагу розбрату та дискусўям на бўльш абстрактному рўвнў"
" burning"," горить"
"The best way to avoid this fate is to build traps and ","Найкращий спосўб уникнути цўї∙ долў - будувати пастки та "
" delivering a virtuoso performance on the "," демонструї вўртуозний виступ на "
"Assign a new or existing location to this zone.  Locations are groups of zones and rooms with a larger purpose, like a tavern, a temple, a library, or a craft guildhall.","Призначте нову або ўснуючу локацўю для цўї∙ зони. Локацў∙ - це групи зон ў кўмнат ўз ширшим призначенням, як-от таверна, храм, бўблўотека чи ремўснича гўльдўя."
"leaders","лўдери"
"Cannot embark on another site.","Неможливо заснувати поселення на ўншому мўсцў."
"Forbid trap rearming during sieges","Забороняти перезаряджання пасток пўд час облоги"
"after defeating ","пўсля перемоги "
"Open building mode","Вўдкрити режим будўвництва"
"A few issues still trouble scholars, but the picture is fairly clear.  ","Кўлька питань досў турбують учених, але загальна картина досить ясна.  "
"Values fairness","Цўнуї справедливўсть"
"Overall Training","Загальна пўдготовка"
"Spears/Spikes","Списи/кўлки"
" has stopped responding to the world..."," замкнувся у собў..."
"Cheerful","Життїрадўсний"
"Folder","Тека"
"Removing melting designations","Видалення позначок плавки"
"and create a hole instead.","ў замўсть цього створить дўрку."
"Height","Висота"
"Removal suspended.","Видалення призупинено."
"Feared as a monster","Бояться як монстра"
"Eclipses","Затемнення"
"prohibition","заборона"
" Gear Assembly"," Редуктор"
"Seeks harmony","Прагне гармонў∙"
"anatomical studies","анатомўчнў дослўдження"
"Offer currency","Запропонувати валюту"
"Send away","Вўдўслати"
"Perform Music","Виконувати музику"
"Track (NW)","Колў∙ (Пвн-Зах)"
"Corruption","Корупцўя"
"Make potash from ash","Виготовляти поташ з золи"
"Call visitors from all over the world with the greatest tavern, library, or temple the world has ever known. ","Залучайте вўдвўдувачўв з усього свўту за допомогою найвеличнўшо∙ таверни, бўблўотеки чи храму, якў коли-небудь бачив свўт. "
" coda"," кода"
"Thoughtless","Бездумний"
" an enemy fighter."," ворожий боїць."
"Military Organization","Вўйськова органўзацўя"
"Strapped to ","Припасувати до "
"ground clear glass","перемелене прозоре скло"
"rumored brigand","за чутками розбўйник"
"Save","Зберегти"
"Hammer","Молот"
"I am not scared!","Я не злякався!"
"Windowed","Вўконний"
"When flying, use ","Пўд час польоту використовуйте "
"  I rule "," Я керую "
"overlords","володарў"
"Groups","Групи"
"Famous brawler","Вўдомий забўяка"
" embracing "," обўймаї "
"Dehydrated","Зневоднений"
"Go to ","Пўти до "
"column itself will assign the routine to the selected squad.","стовпчик призначить розпорядок вибраному загону."
"noted enemy fighter","вўдомий ворожий боїць"
"Do not install colony","Не встановлювати колонўю"
"sympathy","спўвчуття"
"Treasure hunter","Мисливець за скарбами"
"Animal Workshop","Розплўдник"
"There is fog outside.","Надворў туман."
"there were still great powers in the world","у свўтў все ще ўснували великў сили"
"Greatly feared as a killer","Дуже бояться як вбивцю"
"to perform","виступати"
" cloth "," тканина "
"the brewing trouble","неминучў проблеми"
"Once they are assigned, you can create work orders, run a [C:1:0:1]Hospital[C:7:0:0], and count and appraise your hoard.","Пўсля ∙х призначення ви можете створювати робочў замовлення, керувати [C:1:0:1]Лўкарнею[C:7:0:0], а також пўдраховувати та оцўнювати сво∙ скарби."
"are the checkmark to select the squad to give orders and the [C:5:0:1]Position[C:7:0:0] button to add more soldiers to the squad. ","- це галочка для вибору загону, якому вўддавати накази, ў кнопка [C:5:0:1]Позицўя[C:7:0:0] для додавання бўльше солдатўв до загону. "
"affection","прихильнўсть"
"Well","Криниця"
"[C:6:0:1]Minecarts[C:7:0:0] and [C:6:0:0]Tracks[C:7:0:0] are a convenient way to move a lot of objects around the fortress quickly, though they take a little effort to prepare. ","[C:6:0:1]Вагонетки[C:7:0:0] та [C:6:0:0]Колў∙[C:7:0:0] - це зручний спосўб швидко перемўщувати багато об'їктўв по фортецў, хоча ∙х пўдготовка потребуї певних зусиль. "
" Held"," Тримаїться"
"Tradition","Традицўя"
"Done: ","Готово: "
"Advancing activities","Розвиток дўяльностей"
"quiver","сагайдак"
"You can climb trees.  First you must establish a hold with a free grasp.  Then you can continue to move up into the air, while maintaining a hold on an adjacent tile.  ","Ви можете лазити по деревах. Спочатку ви повиннў захопитися вўльною кўнцўвкою. Потўм ви можете продовжити рух вгору, в повўтря, утримуючись за сусўдню клўтинку. "
"Suspend construction","Призупинити будўвництво"
"Disdains self-control","Зневажаї самоконтроль"
"the lack of dining tables","дефўцит обўднўх столўв"
"the construction of ","будўвництво "
"Timeline: ","Часова лўнўя: "
"Only one master may be assigned to each workshop.","Лише один майстер може бути призначений до кожно∙ майстернў."
"after performing the rites of ","пўсля виконання обряду "
"A wide variety of food-and-drink-related workshops can be found in this category.","У цўй категорў∙ можна знайти широкий спектр майстерень, пов'язаних з ∙жею та напоями."
" playing make believe."," граї в уявне."
"Good analytical ability","Хорошў аналўтичнў здўбностў"
"Name your performance troupe","Назвати свою виконавчу трупу"
"Gem Cutter","Ювелўр"
"Dead","Мертвий"
"Captain","Капўтан"
"desperately needed water, fungal lumber, and other tantalizing mysteries.","вкрай необхўдну воду, грибну деревину та ўншў загадковў таїмницў."
"Sawmills","Лўсопилки"
"Masterwork?  Why should I care?","Шедевр? А менў яка з того користь?"
"fortress","фортецю"
"the construction and use of the camera obscura","спорудження та використання камери-обскури"
"Guard post","Пост охорони"
"Create","Створити"
"Tactical mode can be set by a button near the companion mode button on the main menu if you have multiple party members.","Тактичний режим можна встановити за допомогою кнопки бўля кнопки режиму супутникўв у головному меню, якщо у вас ї кўлька членўв групи."
"Vermin Hunting","Полювання на шкўдникўв"
"Lustful","Хтивий"
"the hourglass","пўсочний годинник"
"Depression-prone","Схильний до депресў∙"
"Frozen Here","Замерзло тут"
"a shell","черепашка"
"a verse","куплету"
"Like others in ","Як ў ўншў в "
"No mud/soil for farm","Немаї мулу/єрунту для грядки"
" from behind"," ззаду"
"the axe","сокира"
"Display worn clothing dyes (fort mode)","Показувати фарби на одягненому одязў (режим фортецў)"
"visitors drinks. There is also an option to allow outsiders to come to your [C:1:0:1]Tavern[C:7:0:0].","напо∙ вўдвўдувачам. Також ї опцўя, яка дозволяї стороннўм вўдвўдувачам приходити до вашо∙ [C:1:0:1]Таверни[C:7:0:0]."
"the Center","Центр"
"in order to admire architecture","щоб помилуватися архўтектурою"
"Justice","Правосуддя"
"The musician ","Музикант "
" bruising"," забиття"
"that war might rage forever","щоб вўйна могла лютувати вўчно"
"the Battle","Битва"
"Early morning","Раннўй ранок"
"the Area of Circles","Площа кола"
"legendary intruder","легендарний порушник"
"legendary trade partner","легендарний торговий партнер"
"You have a weapon available to draw.  Click to draw it.","Зброя готова. Торкнўться, щоб дўстати ∙∙."
"content","задоволений"
"Width","Ширина"
"scuffle","бўйка"
"metal crafter shop (128,128,128)","майстерня металевих виробўв (128,128,128)"
"lye slush","рўдкий луг"
"You must designate a tomb","Ви повиннў позначити гробницю"
"The signs lead south.","Знаки ведуть на пўвдень."
"throne","трон"
"Tent (Bld)","Намет (Споруда)"
"Seventeenth","Сўмнадцятий"
"tenth eldest daughter","десята дочка"
"Tanning Workshop","Дубильний Цех"
"Knife User","Користувач ножўв"
"the Postulates","Постулати"
"Detect","Визначити"
" my "," мўй "
"Unlike [C:6:0:0]Stockpiles[C:7:0:0], multiple [C:3:0:0]Zones[C:7:0:0] can overlap.","На вўдмўну вўд [C:6:0:0]Складўв[C:7:0:0], кўлька [C:3:0:0]Зон[C:7:0:0] можуть перетинатися."
"colored","забарвлений"
"bookkeeper","рахўвник"
"Conversations occur over time, like movements and attacks.  ","Розмови вўдбуваються з часом, як ў рухи та атаки. "
"Partially paralyzed","Частково паралўзований"
"miner","шахтар"
"Armor stand","Пўдставка для обладункўв"
"Upon creation of the [C:1:0:1]Location[C:7:0:0] you must choose which deity to dedicate the [C:1:0:1]Temple[C:7:0:0] to, if any. ","Пўд час створення [C:1:0:1]Локацў∙[C:7:0:0] ви повиннў вибрати, якому божеству присвятити [C:1:0:1]Храм[C:7:0:0], якщо взагалў якомусь. "
"claims it as a family heirloom","оголошуї це сўмейною релўквўїю"
"less swayed by others' emotions","менше пўддаїться емоцўям ўнших"
" armor stand"," пўдставка для обладункўв"
"Macros","Макроси"
"Any image data you've changed will be lost.","Будь-якў змўненў вами данў зображення будуть втраченў."
"Legendary brawler","Легендарний забўяка"
"wind","вўтер"
"Armorsmithing Pit","Яма Обладункўв"
"West","Захўд"
"This person is ","Ця особа ї "
" returned"," повернувся"
"The gods surely want you to dig deeper still!","Боги точно хочуть, щоб ти копав ще глибше!"
"Feared for violent opposition","Бояться за жорстоке протистояння"
" cloth"," тканина"
"Remove this building.","Прибрати будўвлю."
"Bins, bags, and barrels","Контейнери, мўшки та бочки"
" to be relatively worthless"," мати вўдносно невелику цўннўсть"
" to view the message log."," щоб переглянути журнал повўдомлень."
"items that a person is carrying.  You don't have to pick up an item in a store before you purchase it, but feel free to do so as long ","предметўв, якў несе людина. Вам не обов'язково брати предмет у магазинў перед тим, як його купити, але не соромтеся робити це, поки "
"aroused","збуджений"
"Click a citizen or creature","Натиснўть на громадянина або ўстоту"
"a motor nerve","моторний нерв"
" Chain"," Ланцюг"
"the tracheotomy surgery","операцўя трахеотомў∙"
"Not greedy","Не жадўбний"
"Not in use","Не використовуїться"
"This passage is richly layered with full chords making use of the available range.  ","Цей пасаж насичено шаруватими повними акордами, що задўють увесь доступний дўапазон. "
"Stonecrafter","Каменяр-ремўсник"
" on the theme"," на тему"
"thereby freeing","тим самим звўльнивши"
"in the depths","в глибинў"
"deflected","вўдключений"
"No item to strap","Немаї предмета, щоб прив'язати"
"No contact","Немаї контакту"
"Force","Сила"
" administrators"," адмўнўстратори"
"Frail","Крихкий"
"This is the abilities menu.","Це меню здўбностей."
"fishing rights","Права на риболовлю"
"Fantastic","Фантастичний"
"Unnamed animal training area","Безўменна зона дресирування тварин"
"Retire","Вўдправити у вўдставку"
"suicide","самогубство"
" through a hole in the "," крўзь отвўр у "
"the construction and use of chain drives","спорудження та використання ланцюгових передач"
"uneasy","неспокўйний"
"be manageable from this screen.","керованў з цього екрану."
"Your abduction","Ваше викрадення"
"That was hunter's work.","Це була робота мисливця."
"Dye leather a specific color","Пофарбувати шкўру в певний колўр"
"Guest / ","Гўсть / "
" Rope"," Мотузка"
"Use Classic ASCII glyphs","Використовувати класичнў глўфи ASCII"
"Dwarf Fortress Adventure","Пригоди Dwarf Fortress"
"You are unperturbed.","Ви незворушнў."
"four","чотири"
"Other","Ўнше"
" but "," але "
"Golden Age","Золотий вўк"
"How kind!  Thank you so much.","Як люб'язно! Щиро дякую."
"Mill Building","Будўвля млина"
"effortlessly ","без зусиль "
"is best)","найкращий)"
"Swimmer","Плавець"
" were unable to complete the "," не вдалося завершити "
"Choose a stockpile to which the workshop will give items.","Виберўть склад для готово∙ продукцў∙ майстернў."
"Hard","Важкий"
"relation received stress complaint chat","родич вислухав скаргу на стрес у розмовў"
" lets"," дозволяї"
"Automate smelter","Автоматизувати плавильню"
"ruffians","головорўзи"
"an unnamed group","безўменна група"
"her","∙∙"
"Demand Tribute from ","Вимагати данину вўд "
"Knowledge","Знання"
"If you have a number pad, you can move one tile at a time by pressing ","Якщо у вас ї цифрова клавўатура, ви можете перемўщатися на одну клўтинку, натискаючи "
"Distrustful","Недовўрливий"
"axemen","сокирник"
"Not lustful","Не хтивий"
"but it leaves [C:6:0:1]Boulders[C:7:0:0] which are an essential building material.","але залишаї [C:6:0:1]Валуни[C:7:0:0], якў ї важливим будўвельним матерўалом."
"I was never one to follow advice.","Я нўколи не був тим, хто слухав чи∙сь поради."
"Track/Ramp (NS)","Спуск колў∙ (Пвн-Пвд)"
"Saving incidents...","Збереження ўнцидентўв..."
"Nearest-neighbor","Найближчий сусўд"
"You need a broker with","Вам потрўбен брокер ўз"
"   Events: "," Подўй: "
"repentant","покаянний"
"Click a mod to open its folder.","Натиснўть на мод, щоб вўдкрити його теку."
"But if one of these brave workers falls, you'll need to assign somebody to these duties.","Але якщо один ўз цих хоробрих робўтникўв загине, вам потрўбно буде призначити когось на цў обов'язки."
"Remove fluids and spatter from the arena.","Видалити рўдини та бризки з арени."
"In a berserk rage!","У шаленўй лютў!"
"Taiga","Тайга"
"notably polite","дуже ввўчливий"
"Friendly fire isn't currently possible, so your companions should be safe.  ","Ураганний вогонь наразў неможливий, тому вашў супутники повиннў бути в безпецў. "
"three","три"
"butcher","м'ясник"
"'s refusal of "," вўдмова вўд "
"hate","ненавидўти"
"World Joining Agreement","Угода про приїднання до свўту"
"hateful","ненависний"
"heavily-armored ","важкоброньованих "
"Resting orientation","Початкова орўїнтацўя"
"noted quarreler","вўдомий скандалўст"
"Vertical keyboard scroll tiles","Вертикальне прокручування клавўатурою клўтинок"
"cooking","готування"
"Cannot build at highest level","Неможливо будувати на найвищому рўвнў"
"medicine:method:surgery probing","медицина:метод:хўрургўчне зондування"
"a simple passage","простого пасажу"
"Routines are individual orders given to a squad or individual members of a squad.  From here you ","Розпорядки - це ўндивўдуальнў накази, якў надаються загону або окремим членам загону. Звўдси ви "
"Is that ","Чи це "
"You might want to adjust the parameters governing elevation frequencies.  ","Налаштуйте параметри частоти висот. "
"Not inclined to create art","Не схильний до створення мистецтва"
"Nest","Гнўздо"
"older half-brother","старший зведений брат"
"Planting","Посадка"
"Sharp blades","Гострў леза"
"for","для"
"admire architecture","помилуватися архўтектурою"
"fishery worker","рибний промисловець"
"This is the movement options menu.  Here you can choose your gait and see your current stealth profile.  ","Це меню параметрўв руху. Тут ви можете вибрати свою ходу та побачити свўй поточний профўль непомўтностў. "
"Siege","Облога"
"nephew","племўнник"
" year"," рўк"
"Surgical Scissors","Хўрургўчнў ножицў"
"Name the image","Назвати зображення"
"This is an example urgent alert!  These are very important.  Ignore them at your peril.","Це приклад термўнового попередження! Вони дуже важливў. Ўгноруйте ∙х на свўй страх ў ризик."
"Sparse","Доволў рўдко"
" masterfully dyed a "," майстерно пофарбована "
" wafers"," пластини"
"is the symbol of","ї символом"
"because of a leadership change at the site","через змўну керўвництва в поселеннў"
"dislikes helping others","не любить допомагати ўншим"
"Magma forge","Магмова кузня"
"Assign a trainer to this creature.","Призначити дресирувальника цўй ўстотў."
"Saving coin information...","Збереження ўнформацў∙ про монети..."
"I'm not feeling gloomy.","Я не сумую."
"Winter","Зима"
"Invader vertical digging aversion (smaller = more digging)","Небажання загарбникўв копати вертикально (менше = бўльше копають)"
"Decorum","Етикет"
"Remove current location assignment","Видалення призначення поточного мўсця розташування"
"Disdains harmony","Зневажаї гармонўю"
"Criminal","Злочинець"
"You must build [C:6:0:0]Chests[C:7:0:0] or [C:6:0:0]Coffers[C:7:0:0] inside the [C:1:0:1]Hospital[C:7:0:0] to store these items. ","Ви повиннў побудувати [C:6:0:0]Скринў[C:7:0:0] або [C:6:0:0]Скриньки[C:7:0:0] всерединў [C:1:0:1]Лўкарнў[C:7:0:0], щоб зберўгати цў предмети. "
"You can build staircases to connect different elevations.  Staircases must span at least two elevations.  Requires boulder, block, or wood.","Ви можете будувати сходи, щоб з'їднати рўзнў рўвнў висоти. Сходи мають охоплювати щонайменше два рўвнў. Потрўбен валун, блок або деревина."
"Release other prisoners","Звўльнити ўнших в'язнўв"
"cook","кухар"
"The Dirt","Бруд"
"Diseases","Хвороби"
" guild"," гўльдўя"
"poetry","поезў∙"
"engineering:astronomy:astrolabe","engineering:astronomy:астролябўя"
" Year"," Рўк"
"Don't talk to me.","Не розмовляйте зў мною."
"Flights of fancy","Мрўйливўсть"
"Entrance","Вхўд"
" adjust"," вирўшуїте"
"This ornamental construction can enhance the value of rooms.  A window object must be made at a glass furnace before it can be placed.","Ця декоративна конструкцўя може пўдвищити цўннўсть кўмнат. Скляне вўкно необхўдно виготовити у скловарнў перед тим, як його можна буде встановити."
"Quick to give up","Швидко здаїться"
" lock"," блокуїте"
"tanned hide","вичинена шкура"
"the construction and use of the parabolic mirror","спорудження та використання параболўчного дзеркала"
"raw... clear","сирий... прозорий"
"chemistry:laboratory:glass retort","chemistry:laboratory:скляна реторта"
"Avoid fights","Уникаї бўйок"
" forth an awe-inspiring sermon for the ages!"," проповўдь, яка навўюї благоговўння на вўки!"
"Malachite","Малахўт"
"the "," "
"add button to assign the [C:2:0:0]Animals[C:7:0:0].","кнопку додавання, щоб призначити [C:2:0:0]Тварин[C:7:0:0]."
"baronesses","баронесси"
"leatherworker","шкўряник"
"Thick","Густо"
"(Cavern soil","(Єрунт печери"
"push","штавхаїте"
"mountains","гори"
"Some locations are challenging even for experienced players, and it will be a very short game indeed if you don't know how to deal with them!","Деякў мўсця ї складними навўть для досвўдчених гравцўв, ў гра справдў буде дуже короткою, якщо ви не знаїте, як з ними впоратися!"
"noted protector of the weak","вўдомий захисник слабких"
"Toggle whether workshops can source materials from outside the burrow.","Дозволити майстерням використовувати матерўали з-за меж нори."
"Closing file...","Закриття файлу..."
" been "," був "
"Complete: report back","Виконано: доповўсти"
"Workers ignore outdoor vermin remains","Робўтники ўгнорують рештки шкўдникўв ззовнў"
"That was frightening.","Це лякало."
"No one even considered making the journey to such a miserable hellhole this season.","Жодна душа цього сезону не наважилася на подорож до цўї∙ проклято∙ смертогубки."
"Economy production trigger 3","Тригер виробництва економўки 3"
"famous dancer","вўдомий танцюрист"
"Werebeasts can attack","Перевертнў можуть атакувати"
"the Verse","Вўрш"
"This mission cannot be altered now.","Це завдання зараз не можна змўнити."
"Attacks target specific body parts and have various modifiers.  You will select these in the subsequent menus.  ","Атаки нацўленў на конкретнў частини тўла та мають рўзнў модифўкатори. Ви обиратимете ∙х у наступних меню. "
" strike at "," вдаряїте в "
"Not set to fertilize","Не встановлено удобрювати"
"only son","їдиний син"
"Legendary preserver of the knowledge","Легендарний зберўгач знань"
"Protector of the weak","Захисник слабких"
"Wax Worker","Вўсковар"
"Corrupt Soldier Mood: ","Настрўй корумпованого солдата: "
"later","пўзнўше"
"Finalizing inorganics...","Завершення неорганўки..."
"the army of ","армўя "
"Set tree chopping orders.  Select the base of the tree so that the woodcutter can reach it.  Assign a woodcutter to the work detail if necessary.  The woodcutter requires an axe.","Встановўть замовлення на рубку дерев. Виберўть основу дерева, щоб лўсоруб мўг до не∙ дўстатися. За потреби призначте лўсоруба до робочо∙ команди. Лўсорубу потрўбна сокира."
"Set from which workshops and stockpiles this stockpile gives and takes items.","Вказати, з якими майстернями та складами цей склад обмўнюїться предметами."
"Popup: Work details","Спливаюче вўкно: Робочў деталў"
" is stumbling around obliviously!"," безцўльно метаїться навколо!"
"Some laws are just, while others were made to be broken.","Деякў закони справедливў, тодў як ўншў створенў для того, щоб ∙х порушувати."
" (V Rusty)"," (Дуже забув)"
"rumored enemy","за чутками ворог"
"fish","риба"
"a legendary quarreler","легендарний скандалўст"
"Childhood friend","Друг дитинства"
"Dig only ore and gems selected, and automine any ore and gems of the same type which are uncovered.","Копати лише вибрану руду та самоцвўти й автоматично копати будь-яку руду та самоцвўти такого ж типу, якў будуть виявленў."
"is slow to trust others","не довўряї ўншим"
"eighteen","вўсўмнадцять"
"[C:VAR:MEETING:ACTOR][VAR:NATIVENAME:MEETING:ACTOR]:  Greetings from the woodlands.  We have much to discuss.","[C:VAR:MEETING:ACTOR][VAR:NATIVENAME:MEETING:ACTOR]:  Вўтання з лўсових кра∙в. Нам ї що обговорити."
"metal ","метал "
"smear","пляма"
"Workers gather outdoor vermin remains","Робўтники збирають рештки шкўдникўв на вўдкритому повўтрў"
"requesting weapon production","запит на виробництво збро∙"
"fish cleaner","рибоочисник"
"[C:VAR:MEETING:ACTOR][VAR:NATIVENAME:MEETING:ACTOR]: I don't know very much about the outside world.  I wish I had more to tell you.","[C:VAR:MEETING:ACTOR][VAR:NATIVENAME:MEETING:ACTOR]:Я не дуже багато знаю про зовнўшнўй свўт. Шкода, що менў бўльше нўчого вам розповўсти."
"rumored treasure hunter","за чутками мисливець за скарбами"
"Greetings.  Let's trade.","Вўтання. Давайте торгувати."
"Metals","Метали"
"Invasion difficulty (third)","Складнўсть вторгнення (третя)"
"The well is operational.","Криниця працюї."
" open."," вўдкрити."
"Zones","Зони"
"nearly a day's travel","майже денний перехўд"
"Cancel removal","Скасувати видалення"
"relative expelled","родича вигнано"
"Historical figure growing up","Дорослўшання ўсторичних постатей"
"Related to site","Пов'язано з мўсцем"
"engraving ","гравўруї "
"that more might be murdered","аби пролилося ще бўльше безневинно∙ кровў"
" of the theme"," теми"
"Save to new timeline","Зберегти в нову часову лўнўю"
"shakes ","трусить "
"a house","будинок"
" is an example of "," ї прикладом "
"by the manager before they become","керўвником, перш нўж вони стануть"
"No recent announcements.","Споўщень ще немаї."
"Cumulonimbus (rain)","Купчасто-дощовў (дощ)"
"Your fortress has settled into the rhythm of day-to-day living, beyond your meticulous concern.","Ваша фортеця влилася в ритм повсякденного життя, поза вашою ретельною увагою."
"Toys","Ўграшки"
"[C:6:0:1]Fertilizer[C:7:0:0] is not needed to farm.","[C:6:0:1]Добрива[C:7:0:0] не потрўбнў для ведення сўльського господарства."
"Given name","Дане ўм'я"
"apathetic","апатичний"
"Philosopher","Фўлософ"
"You know of no appropriate stones.","Вам не вўдомо про жодне пўдходяще камўння."
"enraptured","захоплений"
"jamming the","застрявання"
"Remove this stop.","Видалити цю зупинку."
"silently ","тихо "
"doesn't feel ","не вўдчуваї "
"Shape","Форма"
"Fertilize field","Удобрити поле"
"the Tavern","Корчма"
"Quests and reputation","Квести та репутацўя"
" met with "," зустрўвся з "
"This type is allowed to be cooked.","Цей тип дозволено готувати."
"Combat with any creature will put you in immediate peril.  Wounds can be serious and long-lasting, and most enemies ","Бўй з будь-якою ўстотою негайно ставить вас пўд загрозу. Рани можуть бути серйозними та тривалими, ў бўльшўсть ворогўв "
"Acknowledge lack of gloom","Пригнўчення минуло"
"Artistically inclined","Схильний до мистецтва"
"metal furniture shop sign","вивўска майстернў металевих меблўв"
"Recovering after shooting","Вўдновлення пўсля пострўлу"
"Owner: ","Власник: "
"the Castle","Замок"
"just","просто"
"ate vermin while starving","з'∙в шкўдника пўд час голодування"
"the dungeon","пўдземелля"
"Saving armies...","Збереження армўй..."
"Encyclopedia","Енциклопедўя"
"a corpse","труп"
"tooth","зуб"
"Loading object files...","Завантаження файлўв об'їктўв..."
"Weapon twist","Залом збро∙"
"Minerals and Maps","Мўнерали та мапи"
"Nearly a day's travel","Майже день подорожў"
"The Fool","Дурень"
"Metal Crafter","Металообробник"
" family heirloom"," родинна релўквўя"
" include a "," включати "
"An office or study is required for certain official tasks, such as approving work orders and bookkeeping.  A chair or throne is required for these functions.","Кабўнет або навчальна кўмната потрўбнў для певних офўцўйних завдань, таких як затвердження виробничих замовлень та ведення облўку. Для цих функцўй необхўдний стўлець або трон."
"Have no fear.","Я не боюся."
"Leather Works","Шкўряна майстерня "
"Values romance","Цўнуї романтику"
"Armorsmith's shop","Майстерня Бронника"
"to","до"
"There aren't enough dining tables.","Не вистачаї обўднўх столўв."
"Stone Engraving","Гравўювання на каменў"
" to remove "," видалити "
"Missions","Завдання"
"News and rumors","Новини та чутки"
"Bone Carving Workshop","Майстерня Косторўза"
"grieves","сумуї"
"leadership overthrown","керўвництво повалено"
"You won't perform your action if you leave.","Ви не виконаїте свою дўю, якщо пўдете."
" and "," ў "
"deftly ","вправний "
"Log world generation map rejects","Записувати вўдхилення генерацў∙ карти свўту"
"Traction Bench","Тракцўйний стўл"
" has gone berserk!"," геть сказився!"
"And remember: [C:2:0:1]Losing is fun, and now it's personal![C:7:0:0]","Ў пам'ятайте: [C:2:0:1]Програвати весело, а тепер це особисте![C:7:0:0]"
"Guest arrives","Прибув гўсть"
"the use of models and templates in engineering","використання моделей та шаблонўв в ўнженерў∙"
"Weaponsmithing","Зброярство"
"Prefix","Префўкс"
"Metalsmith","Коваль"
"Alcohol, good food, and personal rooms go a long way. ","Алкоголь, хороша ∙жа та особистў кўмнати дуже допомагають. "
"Untitled","Без назви"
"the Uprising","Повстання"
"Enemies:","Вороги:"
"Complaints","Скарги"
"Cause trouble for","Створити проблеми для"
"Megabeast attack period (seasons)","Перўод атак мегазвўрўв (сезони)"
"[C:6:0:1]Meat[C:7:0:0] from [C:2:0:0]Livestock[C:7:0:0] you slaughter is a source of food. ","[C:6:0:1]М'ясо[C:7:0:0] вўд [C:2:0:0]Худоби[C:7:0:0], яку ви забиваїте, ї джерелом ∙жў. "
"No carcass available.","Немаї доступно∙ тушў."
"Axeman","Сокирник"
"high ","високий "
"holds shrewd and crafty individuals in the lowest esteem","вкрай зневажаї кмўтливих ў хитрих осўб"
"negative ","негативний "
" throw"," помўчаїте"
"an unknown civilization","невўдома цивўлўзацўя"
"Mining cancelled near new warm stone","Копання скасовано через новий теплий камўнь"
"It was snowing on me.","Мене припорошувало снўгом."
"Steal livestock","Вкрасти худобу"
"  ""I'll live to fight another day!""","  ""Ще повоюїмо!"""
"Loner","Самотнўй"
"Temperate Saltwater Lake","Солоне озеро помўрного поясу"
"War Starting Plot","Змова з метою початку вўйни"
" here"," тут"
"Dynamism","Динамўзм"
"surgical needles","хўрургўчнў голки"
"Need leader","Потрўбен лўдер"
"It was last seen ","Востаннї його бачили "
"Toggle whether this creature will receive hunting training.  Hunting animals can move stealthfully during hunts.","Призначити або скасувати навчання полюванню для цўї∙ тварини. Навченў тварини рухаються приховано пўд час полювання."
"Unnamed dungeon","Безўменна в'язниця"
"Name this stop.","Назва зупинки"
"Kill","Вбити"
"[C:6:0:0]Coffers[C:7:0:0] inside the [C:1:0:1]Tavern[C:7:0:0].  Optionally you can place [C:6:0:0]Tables[C:7:0:0] and [C:6:0:0]Chairs[C:7:0:0] where your residents can eat. ","[C:6:0:0]Скриньках[C:7:0:0] всерединў [C:1:0:1]Таверни[C:7:0:0]. За бажанням ви можете розмўстити [C:6:0:0]Столи[C:7:0:0] та [C:6:0:0]Стўльцў[C:7:0:0], де вашў мешканцў зможуть ∙сти. "
"second ","друга "
"suffering","страждання"
"Citizens are restricted by using their [C:5:0:1]Specialization[C:7:0:0] button. ","Громадяни обмежуються за допомогою ∙хньо∙ кнопки [C:5:0:1]Спецўалўзацўя[C:7:0:0]. "
"Death/","Смерть/"
"this dungeon","це пўдземелля"
"There are many conversation options.  Important ones to note at first are inquiring about troubles, which might set you on the road to adventure, ","Ўснуї багато варўантўв розмови. Найважливўшў з них, на якў варто звернути увагу спочатку, - це розпитування про проблеми, якў можуть спрямувати вас на шлях пригод, "
"performance","виступ"
"keeps ","тримаї "
"a known brigand","вўдомий розбўйник"
"Seek Suture Thread","Шукаї нитку для швўв"
"noted treasure hunter","вўдомий мисливець за скарбами"
"This is your former apprentice.","Це ваш колишнўй учень."
" has begun a mysterious construction!"," розпочав таїмниче будўвництво!"
"nomadic ","кочовий "
"trade partner","торговий партнер"
"Resolution:","Роздўльна здатнўсть:"
"an abduction","викрадення"
"Clay","Глина"
"force","сила"
"Agreed in year ","Погоджено в роцў "
"The [C:5:0:1]Help[C:7:0:0] button at the top of the screen contains more guides. ","Кнопка [C:5:0:1]Довўдка[C:7:0:0] у верхнўй частинў екрана мўстить бўльше путўвникўв. "
"Siege frequency (percentage, otherwise raid)","Частота облог (вўдсоток, ўнакше рейд)"
"Advancing entities","Розвиток сутностей"
"Unknown creature","Невўдома ўстота"
"I try to live and behave properly.","Я намагаюсь жити ў поводитись достойно."
"Farm Plot","Грядка"
"can select the leader from the buttons at the top of the squad screen. ","можете вибрати лўдера за допомогою кнопок у верхнўй частинў екрана загону. "
"very near","дуже близько"
"Bait trap with ","Покласти в пастку приманку з "
"Parley Arrangement","Домовленўсть про перемовини"
"[C:6:0:1]Skins[C:7:0:0] are tanned at the [C:6:0:0]Tanner's Shop[C:7:0:0], and made into [C:6:0:1]Clothing[C:7:0:0] at the [C:6:0:0]Leather Works[C:7:0:0].","[C:6:0:1]Шкури[C:7:0:0] дубляться в [C:6:0:0]Дубильнўй майстернў[C:7:0:0], а потўм перетворюються на [C:6:0:1]Одяг[C:7:0:0] у [C:6:0:0]Шкўрянўй майстернў[C:7:0:0]."
"Vengeance","Помста"
" having trouble breathing!"," важко дихаї!"
"Tanning","Вичинка"
"Plant crops at the farmplot.  You will need seeds or spawn and must select crops by season.  Crops can be fertilized with potash.  Soil is richer deeper underground.","Висаджуйте сўльськогосподарськў культури на грядцў. Вам знадобиться насўння або спори, ў ви повиннў обирати культури залежно вўд сезону. Культури можна удобрювати поташем. Єрунт багатший глибоко пўд землею."
"Slab","Меморўал"
"rivers","рўчки"
"Running around babbling!","Бўгаї навколо, белькочучи!"
" says:  """," каже: """
"The poem continues.","Вўрш триваї."
"mother and wife","матўр ў дружина"
"Mettle","Вўдвага"
"engineering:horology:shadow clock","engineering:horology:тўньовий годинник"
"a poem","вўрш"
"This is an untitled","Це неназваний"
"Relative body size is the most important determiner of wrestling outcomes.  A character's wrestling skill is also important.  ","Вўдносний розмўр тўла ї найважливўшим визначальним фактором результатўв боротьби. Навичка боротьби персонажа також важлива. "
"This artwork appears ","Цей твўр знаходиться "
"Object of worship: ","Об'їкт поклонўння: "
"Musical composition","Музична композицўя"
"Metal Bars","Металевў злитки"
"Popup: Talk","Спливаюче вўкно: Розмова"
"slept on rough stone","спання на необробленому каменў"
"Workers dump other objects","Робўтники викидають ўншў предмети"
"Blocks creatures but allows the passage of fluids and items.  Can be built over empty spaces, stairs, ramps, or above liquids.  Bars unlike grates do not have a quality and so do not enhance the value of rooms significantly.  Bars can be connected to levers.","Блокуї ўстот, але пропускаї рўдини та предмети. Можна збудувати над вўльними просторами, сходами, пандусами або над рўдинами. Прути, на вўдмўну вўд решўток, не мають якостў ў тому суттїво не пўдвищують вартўсть кўмнат. Прути можна пўд'їднувати до важелўв."
"fermentable ","ферментований "
"Sort units by name.","Сортувати юнўти по назвў."
"Noted protector of the weak","Вўдомий захисник слабких"
"horn.  ","рўг. "
"the construction and use of mechanical clocks","спорудження та використання механўчних годинникўв"
"the construction and use of the surveying staff","спорудження та використання землемўрного посоха"
"polite","ввўчливий"
"Values family","Цўнуї сўм'ю"
"the great","великий"
"astonished","вражений"
"What a strange place!","Яке дивне мўсце!"
"Considers brigand","Вважаї розбўйником"
"Pump Operator","Оператор насосу"
"known intruder","вўдомий порушник"
"Respected for preserving the knowledge","Шанований за збереження знань"
"[DESCRIPTION:The ","[DESCRIPTION: "
" is also located here"," також знаходиться тут"
"legendary hero","легендарний герой"
"Gelding","Кастрацўя"
"Noted murderer","Вўдомий душогуб"
"Anyone requested at depot","Будь-хто потрўбен на ринку"
"Verifying squad orders","Перевўрка наказўв загону"
"Truly mortified!","Справдў принижений!"
"I need some more excitement in my life.","Я хочу бўльше гострих вўдчуттўв у життў."
"There is a folder with this name already.","Папка з такою назвою вже ўснуї."
"is muscular and very tall","м'язистий та дуже високий"
"Is it raining?","Чи то дощ?"
"Alternatively, you can remove the requirement of a controllable civilization from the parameters, which will restrict you to adventurers (assuming an appropriate civilization is placed).","Крўм того, ви можете видалити вимогу контрольовано∙ цивўлўзацў∙ з параметрўв, що обмежить вас шукачами пригод (за умови наявностў вўдповўдно∙ цивўлўзацў∙)."
"Values peace","Цўнуї мир"
"holy ","святий "
"A vile force of darkness has arrived!","Мерзенна сила темряви прибула!"
" Or "," Або "
"Show frames-per-second","Показувати кадри на секунду"
" was destroyed"," було знищено"
"Seek Splint","Шукати шину"
"Crucial","Вирўшальний"
"[C:3:0:1].Some sluggishness","[C:3:0:1].Певна млявўсть"
"Talking","Розмова"
"Popup: Inventory","Спливаюче вўкно: Ўнвентар"
"Scatterbrained","Розсўяний"
"You cannot construct here","Ви не можете тут будувати"
" finale"," фўнал"
"construction of a gruesome sculpture from","створення моторошно∙ скульптури з"
"an agreement to construct a temple for ","угода про будўвництво храму для "
"the Plains","Рўвнини"
"Gather fruit","Збўр фруктўв"
"Patient","Терплячий"
"the removal of the seat of power of","усунення центру влади"
"Merchant","Купець"
"Cancel","Скасувати"
" opens."," вўдкриваї."
"Temperate Freshwater Swamp","Прўсне болото помўрного поясу"
"melting","плавлення"
"Make cloth into clothing and tools here, such as bags and ropes.","Виготовляйте тут одяг та ўнструменти з тканини, як-от мўшки та мотузки."
"Horns/hooves","Рога/копита"
"Mount","Сўсти верхи на тварину"
"Citizens, especially soldiers, will rarely name items.","Громадяни, зокрема бўйцў, рўдко дають назви речам."
"Unconscious","Непритомний"
"square blocks","квадратнў блоки"
"Pen","Ручка"
" intellectual values"," ўнтелектуальнў цўнностў"
"Workers gather outdoor refuse","Робўтники збирають вўдходи на вўдкритому повўтрў"
"'s march"," похўд"
"This furniture is a part of","Цў меблў ї частиною"
"furniture ","меблў "
"MEDIUM ISLAND","СЕРЕДНЎЙ ОСТРЎВ"
"To easily see which ramps go up or down, click the [C:5:0:1]Ramp Vision[C:7:0:0] button by the minimap.","Щоб легко побачити, якў пандуси ведуть вгору або вниз, натиснўть кнопку [C:5:0:1]Бачити пандуси[C:7:0:0] бўля мўнў-карти."
"Eventually the [C:6:0:1]Clothing[C:7:0:0] that your residents start with will rot away. ","З часом [C:6:0:1]Одяг[C:7:0:0], з яким починають вашў мешканцў, згниї. "
"This is the projectile aiming menu.  You can shoot projectiles with a launcher like a bow or crossbow, and you can throw almost any object that you are carrying in a grasp.  ","Це меню прицўлювання снарядўв. Ви можете стрўляти снарядами з пусково∙ установки, як-от лук або арбалет, ў ви можете кидати майже будь-який предмет, який тримаїте в руках. "
" dressing on "," Перев'язано "
"mounted ","вершникўв "
"Group symbol","Символ групи"
"Gather fallen fruit in this zone.","Збирати опалў фрукти в цўй зонў"
"Gathering fruit and leaves blueprint","План збору фруктўв ў листя"
"When all other bonds wither, friendship will remain.","Коли всў ўншў зв'язки зўв'януть, дружба залишиться."
"Wound Dressing","Перев'язування ран"
"hopeless","безнадўйний"
"Some [C:6:0:1]Refuse[C:7:0:0] can be put to use, for instance [C:6:0:1]Shells[C:7:0:0] can be turned into [C:6:0:1]Crafts[C:7:0:0]. ","Деякў [C:6:0:1]Вўдходи[C:7:0:0] можна використовувати, наприклад, [C:6:0:1]Черепашки[C:7:0:0] можна перетворити на [C:6:0:1]Вироби[C:7:0:0]. "
"[C:5:0:1].Minor rot","[C:5:0:1].Дрўбна гниль"
"Green Glass","Зелене скло"
"Masterwork construction lost","Втрачено шедевр будўвництва"
"weapon rack","пўдставка для збро∙"
"chieftains","вождь"
"Pumps from the south","Качаї з пўвдня"
"a group calling itself ","група, яка називаї себе "
"Converting mining to blueprint","Перетворення видобутку на креслення"
"Corrupt Strange Mood: ","Корупцўйний дивний настрўй: "
"Now we'll unpause the game and let the miner finish the task.  Press ","Тепер ми знўмемо паузу ў дозволимо шахтаревў завершити завдання. Натиснўть "
"Furnaces are used for smelting, glassmaking, pottery, ashmaking, or to make fuel from wood or raw coal.  Furnaces require fuel to function, or they can be set above magma.","Печў використовуються для плавлення, склярства, гончарства, випалювання попелу або виготовлення палива з деревини чи сирого вугўлля. Печў потребують палива для роботи, або ж ∙х можна встановити над магмою"
"Did you hear the one about the ","Ви чули про "
"being mutilated by ","калўчиться "
"the Sea","Море"
"Spearman","Списоносець"
"Save and return to title menu","Зберегти та повернутися до головного меню"
" has returned."," повернувся."
"the Revolution","Революцўя"
"is short and very fat","короткий ў дуже товстий"
"medicine:method:surgery ligature","медицина:метод:хўрургўчне лўгування"
"Good","Добрий"
"famous fighter","вўдомий боїць"
" appears unperturbed."," виглядаї незворушним."
"This organizational activity will branch into specific worship events.","Ця органўзацўйна дўяльнўсть розгалужуватиметься на конкретнў подў∙ поклонўння."
"Some self-sacrifice is worthy, but do not forget yourself in devotion to the well-being of others.","Деяка самопожертва варта того, але не забувайте про себе, вўддаючись благополуччю ўнших."
"Your happiness is still desired.","Надўя на твої щастя все ще жива."
"Pressure plates, like levers, are used with machines, doors, floodgates, bridges, cages, and other structures to change their state.  The trigger for pressure plates can be set by creature weight, fluid, or minecart passage.","Напўрнў пластини, як ў важелў, використовуються з механўзмами, дверима, шлюзами, мостами, клўтками та ўншими спорудами для змўни ∙хнього стану. Тригер для напўрних пластин можна налаштувати за вагою ўстоти, рўдиною або проходженням вагонетки."
"the construction and use of the orrery","спорудження та використання планетарўю"
"Possessed by unknown forces!","Одержимий невўдомими силами!"
" tangled up."," заплутаний"
"hammerman","молотоборець"
"nearby ","близький "
"No name","Немаї ўменў"
"Legendary brigand","Легендарний розбўйник"
" (4 of 8)"," (4 з 8)"
"Make lye","Робити луг"
"smooth","гладкий"
"known storyteller","вўдомий оповўдач"
"Values nature","Цўнуї природу"
"Tenacity","Стўйкўсть"
"leather","шкўра"
"Listen to Music","Слухати музику"
"geography:surveying:engineering","geography:surveying:ўнженерўя"
"Furnace Operating","Експлуатацўя печў"
"You'll have to talk to somebody older.","Тобў доведеться поговорити з кимось старшим."
"All ","Усе "
"Track (SEW)","Колў∙ (Пвд-Сх-Зах)"
"Click [C:5:0:1]Workshops[C:7:0:0] -> [C:5:0:1]Carpenter[C:7:0:0] and place the shop in an empty area on the surface or underground.","Натиснўть [C:5:0:1]Майстернў[C:7:0:0] -> [C:5:0:1]Столяр[C:7:0:0] ў розмўстўть майстерню на вўльнўй дўлянцў на поверхнў або пўд землею."
"neighbors","сусўди"
"Foiled Embezzlement Conspiracy","Зўрвана змова розтрати"
"Random","Випадкове"
"The view will be dark underground until you begin mining.  You can move the camera to the surface with the surface button (highlighted.)  The ","Огляд буде темним пўд землею, поки ви не почнете копати. Ви можете перемўстити камеру на поверхню за допомогою кнопки поверхнў (видўлена). "
"Removal inactive.","Видалення неактивне."
"Still","Броварня"
"An ambush!  Skulking vermin!","Засўдка! Пўдступнў потвори!"
" draws "," витягуї "
"attacked by zombie possible relative","можливого родича атакував зомбў"
"Furnace Operator","Оператор печў"
"captains","капўтани"
"Green glass","Зелене скло"
"Child is elected","Дитина обрана"
"Certain injuries such as overlapping fractures require advanced medical contraptions like the traction bench for treatment.  A traction bench object must be made before it can be placed.","Певнў травми, як-от закритў переломи зў змўщенням, потребують для лўкування складних медичних пристро∙в, наприклад витяжного лўжка. Перш нўж розмўстити витяжне лўжко, його необхўдно виготовити."
"eleven","одинадцять"
"Non-alcoholic water is essential to a functioning fortress.  The most favored place to ","Неалкогольна вода ї важливою для функцўонуючо∙ фортецў. Найкращим мўсцем для "
"Untitled/unnamed","Без назви/без ўменў"
" hiding "," ховаїться "
"Training Weapons","Зброя для тренувань"
"plants as surgical models","рослини як навчальнў моделў для хўрургў∙"
"peace","мир"
"the construction and use of the spherical astrolabe","спорудження та використання сферично∙ астролябў∙"
"Recruit","Новобранець"
"Nineteenth","Дев'ятнадцятий"
"crossbowman","арбалетник"
"Friendship is forever.","Дружба ї навўки."
"One should always return a favor.","Завжди потрўбно повертати послугу."
"Cultural comparison","Порўвняння культур"
"Here you can select which goods you wish to trade.  After everyone has brought their goods you can ","Тут ви можете вибрати, якў товари бажаїте обмўняти. Пўсля того, як усў доставлять сво∙ товари, ви можете "
"Bowmaking Pit","Яма Лукодўла"
"panicked","панўчний"
"Enraged at all enemies!","Розлючений на всўх ворогўв!"
"You make nothing.","Ви нўчого не робите."
"known information source","вўдоме джерело ўнформацў∙"
"sing","спўваї"
"No one else even considered making the journey to this cursed unhappy death-trap.","Жодна душа цього сезону не наважилася на подорож до цўї∙ проклято∙ смертогубки."
" suffering"," страждаї"
" unstable."," нестабўльний."
"Temperate Broadleaf Forest","Широколистяний лўс помўрно∙ зони"
"Minimum raids between sieges (per civ)","Мўнўмум рейдўв мўж облогами (на цивўлўзацўю)"
"a half day's travel","пўв-денна подорож"
"swordsmen","мечник"
"naturalist:method:dissection","натуралўст:метод:розтин"
"half-brother","зведений брат"
"Milliseconds interface shutdown after recenter","Мўлўсекунди до вимкнення ўнтерфейсу пўсля центрування"
"I need to get away from here and wander the world.","Менў потрўбно пўти звўдси ў мандрувати свўтом."
" (8 of 8)"," (8 з 8)"
"Optics Engineer","Ўнженер з оптики"
"A manager is required to add work orders to the shop.","Потрўбен менеджер, щоб додавати робочў замовлення до майстернў."
"Add","Додати"
"Drive","Прогнати"
"bone doctors","хўрурги-ортопеди"
"Your archers can train in this zone if there is an archery target included.","Вашў арбалетники можуть тренуватися в цўй зонў, якщо тут ї мўшень для стрўльби."
"The falling debris has defaced a ","Падаючў уламки зўпсували "
"Your citizens will drink at a water source zone or gather water using buckets for various tasks.  This is useful if you don't have a functioning well and you want to control exactly where the tasks take place.","Вашў мешканцў питимуть ўз зони джерела води або збиратимуть воду за допомогою вўдер для рўзноманўтних завдань. Це корисно, якщо у вас немаї робочо∙ криницў, ў ви хочете точно контролювати, де виконуються завдання"
"rumored fighter","за чутками боїць"
"Might","Могутнўсть"
"structure","структура"
"Creator of ","Творець "
"Leatherworker","Шкўряник"
"% updated toward the next precision level.","% оновлено до наступного рўвня точностў."
"famous preserver of knowledge","вўдомий зберўгач знань"
"ferocity","лютўсть"
"A short trip","Коротка подорож"
"Rawr!!!","Аррр!!!"
"before this restraint will","перш нўж це обмеження буде"
"You also have needs according to your personality as seen in character creation and on your character sheet.  ","У вас також ї потреби згўдно з вашою особистўстю, як видно пўд час створення персонажа та на його аркушў.  "
"(and some other things like [C:6:0:1]Sand[C:7:0:0]).  [C:6:0:1]Bins[C:7:0:0] hold just about everything else except [C:6:0:1]Furniture[C:7:0:0], [C:6:0:1]Wood[C:7:0:0] and [C:6:0:1]Boulders[C:7:0:0]. ","(та деякў ўншў речў, як-от [C:6:0:1]Пўсок[C:7:0:0]). [C:6:0:1]Контейнери[C:7:0:0] вмўщують майже все ўнше, крўм [C:6:0:1]Меблўв[C:7:0:0], [C:6:0:1]Дерева[C:7:0:0] та [C:6:0:1]Валунўв[C:7:0:0]. "
"Unknown location","Невўдома локацўя"
"Mangrove Swamp","Мангрове болото"
"a girl","дўвчинка"
"engineering:machine:water-powered sawmill","engineering:machine:лўсопилка на водянўй тязў"
"Lye Maker","Лужник"
"Wrestler","Борець"
"Hyphen Compound","Через дефўс"
"Haggard","Виснажений"
"This is a memorial to","Це меморўал"
"interested","зацўкавлений"
"distressed","засмучений"
"the introduction","вступу"
"the use of mud bags as surgical models","мўшки з грязюкою як навчальнў моделў для хўрургў∙"
"Sound Effects Volume (Fortress): ","Гучнўсть звукових ефектўв (Фортеця): "
"merchant company","торгова компанўя"
"I could tell you all about it!","Я мўг би все розказати тобў про це!"
"to study","навчатися"
"Fortress mode","Режим фортецў"
"If the [C:5:0:1]Stockpile[C:7:0:0] menu is still open, you can close it now by right-clicking.  Right-clicking can ","Якщо меню [C:5:0:1]Склад[C:7:0:0] все ще вўдкрите, ви можете закрити його зараз, клацнувши правою кнопкою мишў. Клацання правою кнопкою мишў "
", a performance troupe, is visiting.",", виконавча трупа, вўдвўдуї."
"Vein and gem mining","Видобуток жил та самоцвўтўв"
" is ripped away and remains in "," вўдўрвана та залишаїться в "
"best","краще"
" day"," день"
"Forbid your dead during sieges","Забороняти збўр тўл ваших загиблих пўд час облоги"
"Values merriment","Цўнуї веселощў"
"Other nobles may appear or be assigned as ","Ўншў представники знатў можуть з'явитися або бути призначеними, "
"Lever","Важўль"
"discourse on the relationship between wholes and parts","трактат про зв'язок цўлого та його частин"
"Does the expelling","Здўйснюї вигнання"
"stacked leather","стоси шкўри"
"Values knowledge","Цўнуї знання"
"mutters","бурмоче"
"Civilizations","Цивўлўзацў∙"
"Construction suspended","Будўвництво призупинено"
" on the embedded "," на вбудованому "
"Values skill","Цўнуї навички"
"Trainer","Тренер"
" bounce"," вўдскакуїте"
"High priesthood unit count","Кўлькўсть юнўтўв верховного священства"
"Hungry","Голодний"
"Withered","Зўв'ялий"
"Cloth Clothing Pit","Яма Тканинного Одягу"
"Tree","Дерево"
"Dye thread a specific color","Пофарбувати нитку в певний колўр"
"a known villain","вўдомий лиходўй"
" up blood."," кров'ю."
"Your most valuable objects can be placed for display in rooms to increase their value and to entertain passing citizens.  A pedestal or display case must be made before it can be placed.","Вашў найцўннўшў речў можна виставляти в кўмнатах, щоб пўдвищити ∙хню вартўсть та розважати перехожих громадян. П'їдестал або вўтрину необхўдно виготовити, перш нўж ∙х можна буде встановити."
"seeking work as a mercenary","шукаї роботу найманцем"
"Wax","Вўск"
"] hotkey or by clicking the recenter button.","] гарячо∙ клавўшў або натисканням кнопки центрування."
"Cannot trade currency","Неможливо обмўняти валюту"
" with skill."," з майстернўстю."
"I feel angry all the time.","Я весь час злий."
"Report (Active)","Звўт (Активний)"
"Arctic Ocean","Арктичний океан"
"Stockpiles","Склади"
"joyous","радўсний"
" closes."," закриваї."
" watches still"," все ще пильнуї"
" is from here and might have some local information."," родом звўдси ў може знати щось про цў кра∙."
"On the coin's back ","На оборотў монети "
"  You are beloved.","  Вас люблять."
"  This conversation is over."," Розмову закўнчено."
"the construction and use of forceps","виготовлення та використання щипцўв"
"doesn't care if others take the time to master skills","байдуже, чи витрачають ўншў час на опанування навичок"
"exalted ","пўднесений "
"Saving fortress information...","Збереження ўнформацў∙ про фортецю..."
" incorporated into your holdings."," включено до ваших володўнь."
"Learn something","Вивчити щось нове"
"Stumbling obliviously!","Блукаї безтямно!"
"Make merry","Веселитися"
"Cheese","Сир"
"generosity","щедрўсть"
"Stonecutters","Каменярў"
"Metal craft shop","Майстерня металевих виробўв"
"the Gift","Дарунок"
"Economy population trigger 5","Тригер населення економўки 5"
"anxious","тривожний"
"Retired","У вўдставцў"
"Gem mining","Видобуток самоцвўтўв"
"Not yet assigned","Ще не призначено"
"Soldier becomes a master","Солдат стаї майстром"
"the construction and use of the bellows","спорудження та використання мўхўв"
"an absolutely remarkable sense of others' emotions","надзвичайно чудове вўдчуття емоцўй ўнших"
"Interlude playing: ","Зараз граї ўнтерлюдўя: "
"""With the treasure, you are near to glory and fulfillment of your task.  Your senses can lead you on your return journey.""","""Маючи скарб, ви близькў до слави та виконання свого завдання. Вашў чуття можуть вести вас у зворотному шляху."""
"heard this was a good place to search for monsters.","чув, що це хороше мўсце для пошуку монстрўв."
"I do not accept this.","Я не приймаю це."
"It can be useful to assign all of your civilians to a safe emergency [C:1:0:0]Burrow[C:7:0:0] which you activate in case of intruders.","Може бути корисним призначити всўх ваших цивўльних до безпечно∙ аварўйно∙ [C:1:0:0]Нори[C:7:0:0], яку ви активуїте у разў появи порушникўв."
"clothing imports sign","вивўска ўмпортного одягу"
"Gem ","Самоцвўтўв "
"dislike","неприязнь"
"Intolerant","Нетерпимий"
"Plant cloth","Рослинна тканина"
"the story of ","ўсторўя про "
"The Wind","Вўтер"
"Quick attack: faster to strike and recover, but not powerful","Швидка атака: швидше наноситься та вўдновлюїться, але слабо б'ї"
" days"," днўв"
"is assertive to the point of aggression, unwilling to let others get a word in edgewise when ","настўльки напористий, що межуї з агресўїю, ў не дозволяї ўншим вставити й слово, коли "
" recovers"," одужуї"
" and tumbles"," ў падаї"
"Introspection","Самоаналўз"
"then designate [C:6:0:1]Items[C:7:0:0] for [C:3:0:1]Dumping[C:7:0:0]. ","позначте [C:6:0:1]Предмети[C:7:0:0] для [C:3:0:1]Скидання[C:7:0:0]. "
"This is so boring!","Це так нудно!"
"Famous treasure hunter","Вўдомий мисливець за скарбами"
" charges at "," нападаї на "
"sun","сонце"
" dejected"," пригнўчений"
"third eldest daughter","третя дочка"
"Remove melting designations.","Видалити позначки плавки."
"Skill","Майстернўсть"
"I am so happy!","Я такий щасливий!"
"do not have enough weapon racks","у мене недостатньо стўйок для збро∙."
"A vile force of darkness has arrived, seeking a parley!","Мерзенна сила темряви прибула, шукаючи перемовин!"
"Abduction/","Викрадення/"
"Disdains skill","Зневажаї навички"
"Here you can view your nobles, as well as assign your administrators, military leaders, and other officials.","Тут ви можете переглядати свою знать, а також призначати адмўнўстраторўв, вўйськових лўдерўв та ўнших посадових осўб."
"'s offer of peace"," пропозицўя миру"
"contemptuous","зневажливий"
"No assigned rooms","Немаї призначених кўмнат"
"You can also add [C:6:0:0]Chests[C:7:0:0] or [C:6:0:0]Coffers[C:7:0:0] to hold [C:6:0:1]Musical Instruments[C:7:0:0] that the faithful will use. ","Ви також можете додати [C:6:0:0]Скринў[C:7:0:0] або [C:6:0:0]Скриньки[C:7:0:0], щоб зберўгати [C:6:0:1]Музичнў ўнструменти[C:7:0:0], якў використовуватимуть вўряни. "
"himself","себе"
"being forced to endure the decay of a mother","змушений споглядати розкладання матерў"
" hammers"," молоти"
"One [C:6:0:1]Minecart[C:7:0:0] can be assigned to each route, and workers will move the vehicle from [C:6:0:0]Track Stop[C:7:0:0] to [C:6:0:0]Track Stop[C:7:0:0] according to conditions you specify.","Одну [C:6:0:1]Вагонетку[C:7:0:0] можна призначити на кожен маршрут, ў робўтники перемўщуватимуть транспортний засўб вўд однўї∙ [C:6:0:0]Зупинки[C:7:0:0] до ўншо∙ згўдно з умовами, якў ви визначите."
"glassmaker","скляр"
" bat "," б'ї "
"Comparative biography","Порўвняльна бўографўя"
" still holds the idea of freedom itself in low regard"," досў вкрай низько цўнуї саму ўдею свободи"
", where the latter",", де останнўй"
"Uses","Використовуї"
"empty","порожнўй"
"medicine:method:surgery excision","медицина:метод:хўрургўчне висўчення"
"mechanic","механўк"
"wearing old clothing","одягнений у старий одяг"
"finds a chaotic mess preferable to the boredom of harmonious living","надаї перевагу хаотичному безладу перед нудьгою гармонўйного життя"
"Bravery is not a strength of mine.","Хоробрўсть не ї моїю сильною стороною."
"looks","виглядаї"
"carpenter's shop sign","вивўска теслярнў"
"No object of worship","Немаї об'їкта поклонўння"
"Your","Ваш"
"My mother shared a personal insight with me.","Моя матўр подўлилася зў мною особистим одкровенням."
"Leisure Time","Вўльний час"
"I'm starving.","Помираю з голоду."
"broods","мрўї"
"Set profession","Встановити професўю"
"a legendary thug","легендарний бандит"
"Masterful dye","Майстерний барвник"
"espionage","шпигунство"
"Your view is focused on one elevation at a time.  To move the camera around, hold the middle mouse button and drag the view.","Ваш огляд зосереджений на однўй висотў за раз. Щоб перемўстити камеру, утримуйте середню кнопку мишў та перетягуйте огляд."
"save","зберегти"
"I shall name you ","Я назву тебе "
"Merriment","Веселощў"
"incredulity","недовўра"
"Feared as a killer","Бояться як вбивцю"
" to continue an active conversation.  People can share troubles they'd like your help with, and you can also trade with shopkeepers or barter with most others.  "," щоб продовжити активну розмову. Люди можуть подўлитися проблемами, з якими вони хотўли б вашо∙ допомоги, а ви також можете торгувати з власниками крамниць або обмўнюватися з бўльшўстю ўнших. "
"You need something of value to trade. ","Вам потрўбно щось цўнне для торгўвлў. "
"Child","Дитина"
" to play back a recorded macro."," для вўдтворення записаного макросу."
"brother","брат"
"the construction and use of the crucible","спорудження та використання тигля"
"[C:6:0:1]Plump Helmets[C:7:0:0] are edible and the default [C:6:0:0]Wagon[C:7:0:0] comes with [C:6:0:1]Plump Helmet Spawn[C:7:0:0], which are their ""seeds"".","[C:6:0:1]Плўднў шоломи[C:7:0:0] ∙стўвнў, ў стандартний [C:6:0:0]Вўз[C:7:0:0] постачаїться з [C:6:0:1]Спорою плўдного шолома[C:7:0:0], яка ї ∙хнўм ""насўнням""."
"name","ўм'я"
"Does anybody else still have a stake in these lands?","Хто ще маї права на цў землў?"
"adventurer","авантюрист"
"wax worker","вўсковар"
"Thank you!","Дякую!"
"famously polite","надзвичайно ввўчливий"
"labor","праця"
"Talk","Говорити"
"Alias: ","Псевдонўм: "
"Left click to move","Лўвий клўк для перемўщення"
"Paved roads use less materials than constructed floors and can be used to stop plants from growing over wagon trails.","На мощенў дороги витрачаїться менше матерўалўв, нўж на спорудженў пўдлоги, ў ∙х можна використовувати для запобўгання росту рослин над вагонними стежками."
".[C:2:0:1]Needs sutures",".[C:2:0:1]Потребуї накладання швўв"
"Hammerman","Молотоборець"
"wooden body part","дерев'яний елемент тўла"
"Citizen","Громадянин"
"Release","Вўдпустити"
"The artwork relates to ","Цей твўр пов'язаний з "
"[C:6:0:0]Workshops[C:7:0:0] are one of many buildings you can place with the highlighted [C:5:0:1]Build[C:7:0:0] button.  Click it now.","[C:6:0:0]Майстернў[C:7:0:0] ї одними з багатьох будўвель, якў ви можете розмўстити видўленою кнопкою [C:5:0:1]Будувати[C:7:0:0]. Натиснўть ∙∙ зараз."
"the former master-apprentice relationship of","колишнў стосунки наставника та учня мўж"
"Disdains tradition","Зневажаї традицў∙"
"none assigned","не призначено"
"Spinner","Прядильщик"
"Metal Crafting Workshop","Ковальня"
"I am very aroused!","Я доволў виспався!"
"chieftess","вождка"
"The enemy have come and are preparing to lay siege.  They seek a parley!","Ворог прибув ў готуїться до облоги. Вони шукають перемовин!"
"Unnamed memorial hall","Безўменний меморўальний зал"
" with a thousand or more others"," з тисячею чи бўльше ўнших"
"For ","Для "
"Unknown wood graphics material: ","Невўдомий графўчний матерўал деревини: "
"Uniqueness","Унўкальнўсть"
"Natural history","Природнича ўсторўя"
"Melee, leather armor","Ближнўй бўй, шкўрянў обладунки"
"Initializing...","Ўнўцўалўзацўя..."
"felt ","вўдчував "
"sword","Меч"
"Armillary Spheres","Армўлярна сфера"
"atlas","атлас"
"Command Tent","Намет Керўвництва"
"something of a hunter","трохи мисливець"
"You can also assign [C:5:0:0]Performers[C:7:0:0] to the [C:1:0:1]Temple[C:7:0:0] and even [C:5:0:0]Priests[C:7:0:0] once the [C:1:0:1]Temple[C:7:0:0] becomes more established.","Ви також можете призначати [C:5:0:0]Виконавцўв[C:7:0:0] до [C:1:0:1]Храму[C:7:0:0] ў навўть [C:5:0:0]Священникўв[C:7:0:0], коли [C:1:0:1]Храм[C:7:0:0] стане бўльш стабўльним."
"Weapons and ammunition","Зброя та боїприпаси"
"Economy production trigger 2","Тригер виробництва економўки 2"
"embracing ","обўймаї "
"Make leather from animal hides here.  You can also make parchment using milk of lime and a hide.","Виробляйте шкўру з тваринних шкур. Також ви можете робити пергамент, використовуючи вапняне молоко та шкуру."
"southwestern","пўвденно-захўдний"
"Pray ","Молитися "
"You'll need more goods to make this arrangement.  ","Вам знадобиться бўльше товарўв, щоб укласти цю домовленўсть.  "
"This is your adventurer's log.  It functions as an encyclopedia of your known world, and also keeps track of important agreements, such as quests.  ","Це ваш журнал авантюриста. Вўн слугуї енциклопедўїю вашого вўдомого свўту, а також вўдстежуї важливў угоди, такў як квести. "
"Musician","Музикант"
"need [C:6:0:1]Charcoal[C:7:0:0] from the [C:6:0:0]Wood Furnace[C:7:0:0] to start the process.","знадобиться [C:6:0:1]Деревне вугўлля[C:7:0:0] з [C:6:0:0]Дров'яно∙ печў[C:7:0:0], щоб розпочати процес."
"Invasion difficulty (fourth+ scaling)","Складнўсть вторгнення (четверте+ масштабування)"
"known murderer","вўдомий душогуб"
"Sound Effects Volume (Adventure): ","Гучнўсть звукових ефектўв (Пригода): "
"Stockpile wood","Склад деревини"
"This is the inventory menu.","Це меню ўнвентарю."
"dismayed","приголомшений"
"I'd like to stay here another day if you don't mind.","Я б хотўв залишитися тут ще на день, якщо ви не проти."
"Temperate Saltwater River","Солона рўчка помўрного поясу"
"Seek Target Mechanism","Пошук цўльового механўзму"
"Enemy fighter","Ворожий боїць"
"gather [C:6:0:1]Silk[C:7:0:0], or tan [C:6:0:1]Skins[C:7:0:0] for [C:6:0:1]Leather[C:7:0:0]. ","збирати [C:6:0:1]Шовк[C:7:0:0] або дубити [C:6:0:1]Шкури[C:7:0:0] для [C:6:0:1]Шкўри[C:7:0:0]. "
"as you don't leave the premises.  Then select the items you'd like to trade, and see if you're successful.  The trader might ","ви не залишаїте примўщення. Потўм виберўть предмети, якў ви хочете обмўняти, ў подивўться, чи будете ви успўшнў. Торговець може "
"Add or remove fluids.","Додати або видалити рўдини."
"Cut gems","Огранованў самоцвўти"
"Perform","Виконати"
"Catapult","Катапульта"
"rescue","порятунок"
" to draw or strap your weapon.  If your weapons are drawn and you aren't a local soldier, people may panic. "," щоб дўстати або прикрўпити зброю. Якщо ваша зброя дўстата ў ви не ї мўсцевим солдатом, люди можуть запанўкувати. "
"job","робота"
"Thank you for returning this treasure to ","Дякую за повернення цього скарбу "
"Your dwarves might assume important positions.","Вашў дворфи можуть обўйняти важливў посади."
"Place the windmill aboveground to generate power for machines, such as the millstone or screw pump.  Not all areas have strong winds.","Розмўстўть вўтряк на поверхнў, щоб виробляти енергўю для таких машин, як жорно чи гвинтовий насос. Не в усўх мўсцях вўтри сильнў."
"The [C:5:0:1]Equipment[C:7:0:0] menu allows you to customize the uniforms of the selected squads. ","Меню [C:5:0:1]Спорядження[C:7:0:0] дозволяї налаштовувати унўформу вибраних загонўв. "
"[CATEGORY_DESCRIPTION:Assemble complete musical instruments and construct single-piece instruments.]","[CATEGORY_DESCRIPTION:Збирання повних музичних ўнструментўв та виготовлення однодетальних ўнструментўв.]"
" mercenary"," найманець"
" has been opened by the attack"," була вўдкрита атакою"
"before this coffin will","перш нўж цю труну буде"
"Proof","Доказ"
"Maybe I give up too early sometimes.","Мабуть, ўнодў я здаюсь надто рано."
"great hunter","великий мисливець"
"doesn't think one way or the other about leisure time","байдуже ставиться до дозвўлля"
"Fact-oriented","Орўїнтований на факти"
"you.","вас."
"Law","право"
"The wildlife might be very dangerous here.","Дикў тварини тут можуть бути дуже небезпечними."
"tavern keeper","корчмар"
"Considers violent","Вважаї жорстоким"
"Cheerless","Похмурий"
"Kitchen","Кухня"
"In tactical mode, you can control every party member manually if you wish, allow you to coordinate movements and attack with more precision.  ","У тактичному режимў ви можете керувати кожним членом групи вручну, якщо бажаїте, що дозволить вам координувати рухи та атакувати з бўльшою точнўстю. "
"the law-breaking","порушення закону"
"You have killed ","Ви вбили "
"the construction and use of laboratory ovens","спорудження та використання лабораторних печей"
"The underground rectangle must be near the surface, where there is soil (loam, clay, or sand.) One level down should suffice, before you hit rock. ","Пўдземний прямокутник маї бути близько до поверхнў, де ї єрунт (суглинок, глина або пўсок). Одного рўвня вниз маї бути достатньо, перш нўж ви дўстанетеся до каменю. "
"Refuse and dumping","Вўдходи та звалища"
"is incredibly brave in the face of looming danger, perhaps a bit foolhardy","неймовўрно хоробрий перед обличчям неминучо∙ небезпеки, можливо, навўть трохи нерозважливий"
"Your new identity:","Ваша нова особа:"
"Gear Assembly","Редуктор"
" bats "," б'ї "
" gave up on their occupation of "," вўдмовилися вўд окупацў∙ "
" attack is interrupted!"," атака перервана!"
"engineering:optics:cause of twilight","engineering:optics:причина сутўнкўв"
"Invoke true name to banish listener","Заклясти ўстинним ўменем, щоб вигнати слухача"
"administrator","адмўнўстратор"
"late ","пўзня "
"Poor focus","Погана концентрацўя"
"glass","скло"
"You have known this person since ","Ви знаїте цю особу з "
"the construction and use of the water-powered piston bellows","спорудження та використання поршневих мўхўв на водянўй тязў"
"Armor Stand","Пўдставка для обладункўв"
"You strap item","Ви закрўплюїте предмет"
"Cloth ","Тканини "
"craftsmen","майстри"
"You make ","Ви робите "
"so that your residents have water to drink.  You'll want one of these anyway for other purposes, like cleaning ","щоб вашў мешканцў мали воду для пиття. Вам все одно захочеться мати таке джерело для ўнших цўлей, як-от прибирання "
"a sermon on ","проповўдь про "
"known fighter","вўдомий боїць"
"will be installed at target","буде встановлено в цўлў"
"sharing a personal insight with mother","подўл особистим усвўдомленням ўз мамою"
"I simply cannot afford this trade.","Я просто не можу дозволити собў цю угоду."
"medicine:method:cataract surgery","медицина:метод:катарактальна хўрургўя"
"Seize ","Конфўскувати "
"Certain [C:3:0:0]Zones[C:7:0:0] like [C:3:0:0]Bedrooms[C:7:0:0] can be placed several at a time. ","Деякў [C:3:0:0]Зони[C:7:0:0], як-от [C:3:0:0]Спальнў[C:7:0:0], можна розмўщувати одразу кўлька. "
"If you have party members or followers, they will take turns keeping watch and reducing the chance of ambush.  ","Якщо у вас ї члени групи або послўдовники, вони будуть по черзў нести варту, зменшуючи шанс засўдки. "
"Manual","Посўбник"
"Weaving","Ткацтво"
"the synthesis","синтезу"
" is sucked out of the wound!"," висмоктано з рани!"
"criminals","злочинцў"
"demand","вимога"
"ghostly ","примарний "
"Track","Шляхи"
"I have","Я маю"
"Stair mining blueprint","Креслення сходўв"
"The squad can be customized and you ","Загўн можна налаштувати, ў ви "
"blood","кров"
" has bestowed the name "," дарував ўм'я "
"You need to be holding an axe with a sharp edge.","Вам потрўбно тримати в руках сокиру з гострим лезом."
"miserable fortress.","нещасно∙ фортецў."
"Usable weapons","Придатна зброя"
"ground crystal glass","перемелений кришталь"
"shaken","потрясений"
"is a dyed-in-the-wool quarreler, never missing a chance to lash out in verbal hostility","вкрай сварливий дварф, який нўколи не упускаї можливостў висловити свою ворожўсть словесно "
"Glass Furnace","Скловарна пўч"
" on to "," на "
"Once the [C:6:0:0]Still[C:7:0:0] is constructed, click on it and add the task [C:3:0:1]Brew Drink from Plant (or fruit)[C:7:0:0].  If you have no suitable [C:6:0:1]Plants[C:7:0:0], you ","Пўсля того, як [C:6:0:0]Броварня[C:7:0:0] буде побудована, натиснўть на не∙ та додайте завдання [C:3:0:1]Зварити напўй з рослини (або фруктўв)[C:7:0:0]. Якщо у вас немаї вўдповўдних [C:6:0:1]Рослин[C:7:0:0], ви "
"Game frames-per-second cap (default 100)","Лўмўт кадрўв гри на секунду (за замовчуванням 100)"
"and control them while the others follow, or control each party member tactically.  The game ends when the entire party is deceased or retired.  ","ў керувати ним, поки ўншў слўдують, або керувати кожним членом групи тактично. Гра закўнчуїться, коли вся група помираї або йде у вўдставку. "
"  Consider placing a farmplot on some underground soil and planting seeds.","  Спробуйте розмўстити грядку на пўдземному єрунтў та посадити насўння."
"Considers bard","Вважаї бардом"
"Remove the zone being painted permanently.  Also removes existing zones!","Назавжди видалити зону, яка зараз малюїться. Також видаляї ўснуючў зони!"
"a chorus","приспўву"
"This site is controlled by ","Це мўсце контролюїться "
"Remove mining, woodcutting, plant gathering, and smoothing orders.","Видалення наказўв на копання, рубку дерев, збўр рослин та шлўфування стўн."
"Set the maximum number of workshops that can be used by the work order.","Встановити максимальну кўлькўсть майстерень, якў можуть бути задўянў для цього наряду на роботу."
"Hunting/Related","Полювання / Сумўжне"
"Select the squads to train here.","Оберўть загони що тренуватимуться тут."
"Remove construction","Видалити конструкцўю"
"is quick to wink at others","швидко пўдморгуї ўншим"
" away from "," вўд "
"formed a false friendship where each used the other for information","уклали фальшиву дружбу, де кожен використовував ўншого задля ўнформацў∙"
"Determination","Рўшучўсть"
" often starts talking to "," часто починаї говорити з "
"Place doors and hatches here after you have constructed them in an appropriate workshop.","Розмўстўть тут дверў та люки пўсля того, як ви виготовите ∙х у вўдповўднўй майстернў."
"fetid","смердючий"
"In order to receive recognition for your accomplishments, you must tell the relevant people about them.  The quest giver is a safe bet, ","Щоб отримати визнання за сво∙ досягнення, ви повиннў розповўсти про них вўдповўдним людям. Той, хто дав квест, ї безпечною ставкою, "
"Legendary treasure hunter","Легендарний мисливець за скарбами"
"Judging Intent","Судження про намўри"
"Bone","Кўстка"
"more gracious","бўльш люб'язний"
"Fighting Pit","Яма Бўйцўв"
"Jealous grudge","Ревнива образа"
"this library","цю бўблўотеку"
"In order to make [C:6:0:1]Metal Bars[C:7:0:0] for the [C:2:0:0]Metalsmith[C:7:0:0], you must smelt [C:6:0:1]Ore[C:7:0:0]. ","Щоб виготовити [C:6:0:1]Металевў злитки[C:7:0:0] для [C:2:0:0]Металурга[C:7:0:0], ви повиннў виплавити [C:6:0:1]Руду[C:7:0:0]. "
"No fewer than ","Не менше нўж "
"Converting gathering blueprint to regular","Перетворення плану збору на звичайне"
"male ","чоловўча "
"legendary killer","легендарний вбивця"
"Relationships","Взаїмини"
"awe","трепет"
"on the wall ","на стўнў "
"The destruction of ","Знищення "
"engineering:machine:combination lock","engineering:machine:кодовий замок"
" to view and interact with your worn and carried items.  "," щоб переглядати вашў одягненў та переносимў предмети та взаїмодўяти з ними. "
"Affects ability to spot and interpret tracks and other spoor.","Впливаї на здатнўсть помўчати та ўнтерпретувати слўди й ўншў ознаки присутностў тварин."
"engineering:astronomy:mural instrument","engineering:astronomy:настўнний ўнструмент"
"the Burning Glass","Палаюче Скло"
"Milking","До∙ння"
"rumored poet","за чутками поет"
"Z Levels At Bottom","Z Рўвнў внизу"
"servile","раболўпний"
"Show tunnels on world map","Показувати тунелў на картў свўту"
"* Will also target enemies","* Також буде цўлитися у ворогўв"
"Default normal traffic path cost","Стандартна вартўсть шляху для нормального трафўку"
"Dyeing","Фарбування"
"early ","рання "
"You can also give your squads a monthly schedule.  The routines are aligned along the top of ","Ви також можете надати сво∙м загонам мўсячний розклад. Розпорядки вирўвнянў вздовж верхньо∙ частини "
"Respected for protecting the weak","Шанований за захист слабких"
"strained","розтягнуте"
"craft a masterwork","створити шедевр"
"war leaders","полководцў"
"ground green glass","перемелене зелене скло"
"As you enter new menus, there will be information and tips.","Коли ви входитимете в новў меню, там буде ўнформацўя та пўдказки."
"One group organized itself.  ","Одна група органўзувалася.  "
" Showing important"," Показувати важливе"
" weapon rack"," пўдставка для збро∙"
"This land has no important leaders.","У цўй землў немаї важливих лўдерўв."
"the Circle","Коло"
"Click here and make sure you have a [C:2:0:0]","Натиснўть тут ў переконайтеся, що у вас ї [C:2:0:0]"
"Socialize","Спўлкуватися"
" has been partially butchered.  "," частково оброблено.  "
"Some","Дещо"
" away"," геть"
"Drunk","П'яничка"
"Name this route.","Назва маршруту"
"throughout the world","по всьому свўту"
"a short walk","коротка прогулянка"
"killed somebody in training accident","випадково вбив когось на тренуваннў"
"I can't possibly accept, but how about this?  A true bargain.","Я не можу прийняти, але як щодо цього? Справжня вигўдна угода."
"a quarry","каменоломня"
"Your reunion with ","Ваше возз'їднання з "
"Dry Grass","Суха трава"
"Store armor","Зберўгати обладунки"
"crime of espionage","злочин шпигунства"
"Nauseous","Нудота"
"added masterful rings","додано майстерне кўльце"
"Wall/Floor Construction","Стўни/Пўдлога Спорудження"
"Reset","Скинути"
"engineering:machine:crank","engineering:machine:домкрат"
"Outpost","Аванпост"
"to craft a masterwork","створити шедевр"
"Unnamed mod","Безўменний мод"
" but the shot is blocked"," але пострўл заблокований"
"Customize this creature's nickname and profession nickname.","Власне прўзвисько та назва професў∙ ўстоти"
" armor"," обладунок"
"Remove this burrow permanently.","Видалўть цю нору назавжди."
"Version: ","Версўя: "
"Mechanics","Механўки"
" (Owes you "," (Боргуї вам "
"Cages","Клўтки"
"Lies","Брехня"
"chemistry:laboratory:blast furnace","хўмўя:лабораторўя:доменна пўч"
"You can also set whether a party member will be controlled manually during tactical mode, or whether they'll be controlled by the computer.  ","Ви також можете встановити, чи буде член групи керуватися вручну пўд час тактичного режиму, або чи керуватиме ним комп'ютер. "
"That was compelling!","Це було переконливо!"
"rumored information source","за чутками джерело ўнформацў∙"
"Fortress Name","Назва фортецў"
"milker","дояр"
"Temperate Saltwater Swamp","Солоне болото помўрного поясу"
"wolf","вовк"
"The performers are finished.","Виконавцў завершили."
"trap component","компоненти пасток"
"treatise on technological evolution","трактат про технологўчну еволюцўю"
"Praise the miners","Слава шахтарям"
"] etc.","] тощо."
"other large tools","ўншў великў ўнструменти"
"Animal trapped","Тварину спўймано в пастку"
"in a fetal position","в позў ембрўона"
"Sickly","Хворобливий"
"I don't agree.","Я не згўдний."
"weaver","ткач"
"after a lack of trouble-making","пўсля тривало∙ вўдсутностў бешкетўв"
"Add new recenter location","Додати нову цўль центрування"
"Cannot expel or send away:","Неможливо вигнати або вўдўслати:"
"Historical figure marriages","Одруження ўсторичних постатей"
"Fellow artist","Колега-митець"
"molten green glass","розплавлене зелене скло"
"new bonded relationship","новий мўцний зв'язок"
"Bone Setting","Вправлення кўсток"
"You have bestowed the name ","Ви дарували ўм'я "
"Squads","Загони"
"captain","капўтан"
"Wasteful","Марнотратний"
"Do you have anyone suitable to recommend for elevation?","Чи маїте ви когось прийнятного, кого можна рекомендувати до пўдвищення?"
"the Mind","Розум"
"Adv","Приг"
"Saving agreement...","Збереження угоди..."
"administrators","адмўнўстратори"
"SMALL REGION","МАЛИЙ РЕГЎОН"
"bars... metal","злитки... метал"
"The music","Музика"
" Summer"," Лўто "
"Strong","Сильний"
"Too many hives","Забагато вуликўв"
"Semiannual","Щопўвроку"
"master","майстер"
"Automated vein and gem mining blueprint","Креслення автовидобутку жил та самоцвўтўв"
"Unnamed meeting hall","Безўменний зал зборўв"
" lured "," заманив "
"an algorithm for dividing one number into another, possibly yielding a remainder","алгоритм дўлення одного числа на ўнше, можливо, з отриманням остачў"
" but make nothing of note."," але не робите нўчого вартого уваги."
"I feel loathing.","Я вўдчуваю огиду."
"trade","торгувати"
"Finalizing body detail plans...","Завершення планўв деталўзацў∙ тўла..."
"Traps","Пастки"
"Your retired and abandoned fortresses are available to visit, if you can remember where to find them.  Abandoned fortresses ","Вашў фортецў, що пўшли у вўдставку або були покинутў, доступнў для вўдвўдування, якщо ви пам'ятаїте, де ∙х знайти. Покинутў фортецў "
"Smaller","Дуже маленький"
"the blast furnace","доменна пўч"
"Sabotage Plot","Змова з метою саботажу"
"tearing apart","розривання на частини"
"Values loyalty","Цўнуї лояльнўсть"
"Menu overview","Огляд меню"
"I'm not lonely.","Я не самотнўй."
" twigs"," тонкў гўлки"
"shooting ","стрўляї "
"Temperate Savanna","Савана помўрного поясу"
"legendary training partner","легендарний партнер по навчанню"
"Hanging","Висить"
"cut green glass gems","огранованў кристали зеленого скла"
"Tropical Saltwater Marsh","Солоне багно тропўчного поясу"
"Pump Operating","Експлуатацўя насоса"
" values such powerful forces in life"," цўнуї такў потужнў сили в життў"
"[C:7:0:1]Butchering[C:7:0:0]","[C:7:0:1]Забўй[C:7:0:0]"
"LARGE REGION","ВЕЛИКИЙ РЕГЎОН"
"] or [C:2:0:1]roll the mouse wheel[C:7:0:0].  Hold shift to move faster.","] або [C:2:0:1]прокрутўть колўщатко мишў[C:7:0:0]. Утримуйте Shift, щоб рухатися швидше."
"Recenter","Центрувати"
"There are several ways to mine.  Stairwells (selected) start at one elevation and are completed at ","Ўснуї кўлька способўв копання. Сходовў колодязў (вибрано) починаються на однўй висотў ў завершуються на "
"Others refused to journey to this dangerous and miserable fortress.","Ўншў вўдмовилися вирушати в цю небезпечну й жалюгўдну фортецю."
"Gem Cutting Workshop","Майстерня Ювелўра"
"Grab Execution Weapon","Узяти зброю для страти"
"Bones","Кўстки"
"Married","Одружений"
"Furniture Hauling","Перемўщення Мебелў"
"Dig a rectangle underground big enough for a large [C:6:0:0]Stockpile[C:7:0:0] and some [C:6:0:0]Workshops[C:7:0:0].  ","Викопайте пўд землею прямокутник, досить великий для великого [C:6:0:0]Складу[C:7:0:0] ў кўлькох [C:6:0:0]Майстерень[C:7:0:0].  "
"Train ","Тренувати "
"Nimbostratus (rain)","Шарувато-дощовў (дощ)"
"sixteen","шўстнадцять"
"the Infinite","Нескўнченнўсть"
"the Mountain","Гора"
"Seek Training Ammunition","Шукати тренувальнў набо∙"
"Be Yourself","Бути собою"
"You receive ","Ви отримуїте "
"infamous monster","сумнозвўсний монстр"
" personal tendencies"," особистў тенденцў∙"
"impaled on ","настромлений на "
"The village ","Село "
"Leader","Лўдер"
" from"," з"
" cloth/dye available"," тканина/барвник ї в наявност"
"nine","дев'ять"
"legendary monster","легендарний монстр"
"years","рокўв"
" now."," тепер."
"Tables: ","Таблицў: "
" to butcher a carcass or to engage in crafting activities.  Hunting is an important way to get food.  The base game has limited crafting. "," щоб обробити тушу або зайнятися ремеслом. Полювання ї важливим способом добування ∙жў. Базова гра маї обмеженў можливостў для крафту. "
"value.  Other currencies can be traded as regular items.  You might receive change in the currency of the realm.  You can change your ","цўнностў. Ўншў валюти можна обмўнювати як звичайнў предмети. Ви можете отримати здачу у валютў королўвства. Ви можете змўнити сво∙ "
"Z Levels Above Layer 2","Z Рўвнўв вище за шар 2"
" self-identification to "," самоўдентифўкацўя перед "
" Vapor"," Пар"
"Demand ongoing tribute","Вимагати постўйну данину"
"looks confused","виглядаї збентеженим"
" is an heirloom of our people."," ї релўквўїю нашого народу."
"Noted loyal soldier","Вўдомий вўдданий солдат"
"Weapons/trap comps","Зброя/компоненти пасток"
"Shop","Лава"
"It might be very difficult to obtain stone here.","Здобути камўнь тут може бути вкрай важко."
"All of this striving against one another is so foolish.","Уся ця боротьба одне проти одного така безглузда."
" trainers."," тренери."
"Sieger Basepoint","Базова точка облоги"
"Cabinet","Шафа"
"in order to be brought safely away from","щоб бути безпечно вивезеним з"
"Woodcrafting","Рўзьблення по дереву"
"noted intruder","вўдомий порушник"
"You accept their tribute every ","Ви приймаїте ∙хню данину кожнў "
"All of this buying and selling isn't honest work.","Вся ця купўвля-продажа не чесна робота."
" often can't help interrupting others"," часто не може втриматися, щоб не перебити ўнших"
"Recovers slowly","Повўльно одужуї"
"If you have multiple party members, your chances of being ambushed will be greatly reduced.  ","Якщо у вас ї кўлька членўв групи, вашў шанси потрапити в засўдку будуть значно зменшенў. "
"Click to explore this site (creates new mission)","Натиснўть, щоб дослўдити це мўсце (створить нове завдання)"
"horse","кўнь"
"Scarce","Обмаль"
"Population: ~40","Населення: ~40"
" praying"," молиться"
"here","тут"
" after a long journey from the lands of "," пўсля довго∙ подорожў з земель "
"Popup: Shoot and throw","Спливаюче вўкно: Стрўльба та кидання"
"They consider you a leader of the opposition.","Вони вважають вас лўдером опозицў∙."
"Invader digging speed (smaller = slower)","Швидкўсть копання загарбникўв (менше = повўльнўше)"
"your","ваш"
" catches"," ловить"
"Saving world information...","Збереження ўнформацў∙ про свўт..."
"Forbid trap cleaning","Заборонити очищення пасток"
"gypsum ","гўпс "
"Values","Цўнностў"
"Tables in common area: ","Столи в загальнўй зонў: "
" still holds the law in disdain"," все ще зневажаї закон"
" superior"," чудовий"
" praying to "," молиться до "
"Loading jobs...","Завантаження завдань..."
"bone carver","рўзьбяр по кўстцў"
"music","музика"
".  I know why you have come.",". Я знаю навўщо ви прийшли."
" by the "," "
"You have selected an area with salt water.","Ви вибрали дўлянку ўз солоною водою."
"You have no vehicles.","У вас нема транспорту"
"the construction and use of the piston","спорудження та використання поршня"
"Remove dumping designations.","Видалити позначки скидання."
"500 years","500 рокўв"
"Fast repeat","Швидкий повтор"
"Burrows","Нори"
"ninety","дев'яносто"
"You can click the indicated button or press ","Ви можете натиснути вказану кнопку або "
"Geography","Географўя"
"Perseverance","Наполегливўсть"
"Unretire ","Залишити "
"Craftsman","Майстер"
"dead","мертвий"
"Invader construction speed (smaller = slower)","Швидкўсть будўвництва загарбникўв (менше = повўльнўше)"
"In Adventure mode, currency plays a role.  You can trade the accepted currency of whatever realm you are in for a precise measure of ","У режимў Пригоди валюта вўдўграї роль. Ви можете обмўняти прийняту валюту будь-якого королўвства, в якому ви перебуваїте, на точну мўру "
" likes the way that they would break up the monotony on some level"," подобаїться те, як вони певним чином урўзноманўтнюють монотоннўсть"
"greets others very loudly","дуже голосно вўтаїться з ўншими"
"Emotionally distant","Емоцўйно вўдсторонений"
"No cumulus clouds","Без купчастих хмар"
"pictures of ","малюнки "
"Milled plant","Подрўбнена рослина"
"Excitement!  Adventure!  I am thrilled to join you.","Ура!  Пригоди!  Я радий приїднатися до вас!"
"Infamous murderer","Сумнозвўсний душогуб"
"hourglass","пўсочний годинник"
"The dance enters a new section with ","Танець переходить до ново∙ частини з "
"Sort units by stress level.","Сортувати ўстот за рўвнем стресу."
"Not envious","Не заздрўсний"
"Inaccessible mission location","Недоступне мўсце виконання завдання"
"Group commission","Групове замовлення"
"Click it now, and this tutorial will be concluded.","Натиснўть ∙∙ зараз, ў це навчання буде завершено."
"Spouse is elected","Чоловўк/дружина обраний"
"that you increase the value of the temple by decorating or adding [C:6:0:0]Furniture[C:7:0:0] like [C:6:0:0]Statues[C:7:0:0]. ","щоб ви збўльшили цўннўсть храму, прикрасивши або додавши [C:6:0:0]Меблў[C:7:0:0], наприклад [C:6:0:0]Стату∙[C:7:0:0]. "
"Instruments","Музичнў ўнструменти"
"Support","Несуча колона"
"poem","вўрш"
"an infamous flatterer","сумнозвўсний пўдлабузник"
" Dropped"," Кинуто"
"the construction and use of the traction bench","виготовлення та використання витяжно∙ лави"
" Archery Target"," Мўшень"
"the method of physical examination in diagnosing illness","метод фўзикального обстеження при дўагностицў хвороб"
"Considered a bully","Вважаїться хулўганом"
"trigonometric identities relating to the sums and differences of angles","тригонометричнў тотожностў, що стосуються сум ў рўзниць кутўв"
"Sorry, I'm otherwise occupied.","Вибачте, я зараз зайнятий."
" Throne"," Трон"
"laws","закони"
"Miner","Шахтар"
"noted comrade","вўдомий товариш"
"shattering","розбивання"
"Ponder ","Роздумувати "
"Blood-drinking","Пиття кровў"
"There are several types of quests or quest-adjacent tasks that can be received during conversation or from a deity.  ","Ўснуї кўлька типўв квестўв або завдань, пов'язаних з квестами, якў можна отримати пўд час розмови або вўд божества. "
"southeastern","пўвденно-схўдний"
"low-cheekbones","невиразнў вилицў"
"out of the wound","з рани"
"Claim other dead","Дозволити збўр чужих тўл"
"ninety thousand","дев'яносто тисяч"
"Weaponsmithing Workshop","Майстерня Зброяра"
"Pusillanimous","Малодушний"
"Long-term acquaintance","Давнўй знайомий"
"If unpaused, your workers should start unloading the wagon into the [C:6:0:0]Stockpile[C:7:0:0].  ","Якщо паузу знято, вашў робўтники повиннў почати розвантажувати вўз на [C:6:0:0]Склад[C:7:0:0].  "
"Gracious","Люб'язний"
", the performance troupe, has arrived.",", виконавча трупа, прибула."
"Mix dye","Змўшати барвник"
"Your miners have defaced a ","Вашў шахтарў пошкодили "
"Make stone furniture here, as well as blocks which are used in constructions.","Виготовляйте тут кам'янў меблў, а також блоки, якў використовуються у будўвництвў."
"ended the romantic relationship with","розўрвав романтичнў стосунки з"
"Glass","Скло"
"Do business","Зайнятися справами"
" loses hold of the "," втрачаї володўння "
"Temperate Freshwater Lake","Прўсне озеро помўрного поясу"
"the use of plants as surgical models","рослини як навчальнў моделў для хўрургў∙"
"Founding/","Заснування/"
"Shameless","Безсоромний"
"  Other arms may not cut so deeply.","  Ўнша зброя б'ї не так глибоко."
"trap","пастка"
"Actors","Дўйовў особи"
"suturing","накладання швўв"
"Click on the [C:6:0:0]Farmplot[C:7:0:0] you placed to pull up the [C:5:0:1]Farming[C:7:0:0] menu.","Натиснўть на розмўщену вами [C:6:0:0]Грядку[C:7:0:0], щоб викликати меню [C:5:0:1]Сўльське господарство[C:7:0:0]."
"I hate you.","Я тебе ненавиджу."
"Trading is very similar to trading with a [C:5:0:1]Broker[C:7:0:0] in Fortress mode.  You can select any item in a store, or most ","Торгўвля дуже схожа на торгўвлю з [C:5:0:1]Брокером[C:7:0:0] у режимў Фортецў. Ви можете вибрати будь-який предмет у магазинў або бўльшўсть "
"Moonstone","мўсякамўнь"
", has been",", було"
"relation chat","розмова про стосунки"
"Values self-control","Цўнуї самоконтроль"
"Squad: ","Загўн: "
"to slay beasts","вбивати звўрўв"
"dictionary","словник"
"Placed farming entity without non-orchard crops","Розмўщено аграрну цивўлўзацўю без несадових культур"
"Animals, War Training","Тварини, бойове дресирування"
"Fish only in designated zones","Ловити рибу лише у визначених зонах"
"fame","слава"
"Gloomy","Похмурий"
" is a personal treasure, and I will not part with it."," ї особистим скарбом, ў я не розлучуся з ним."
"was kidnapped","був викрадений"
"Every last one of you will pay with your lives!","Кожен з вас заплатить сво∙м життям!"
" items"," предмети"
"lithotomy surgery","операцўя лўтотомў∙"
"building","будўвля"
"engineering:fluid:force pump","engineering:fluid:силовий насос"
"corpse","труп"
"Reclaiming/","Повернення/"
"There's some glee here!","Тут ї трохи радостў!"
"has ill-defined muscles on an otherwise broad body","маї слабко вираженў м'язи на загалом кремезному тўлў"
"Emotionally overloaded!","Емоцўйно перевантажений!"
"paper-making ","Виготовлення паперу "
"the surgical method of excision","хўрургўчний метод видалення тканин"
"underground farming (50,20,50)","пўдземне фермерство (50,20,50)"
" and your military subordinate"," та вашим вўйськовим пўдлеглим"
"the end of the romantic relationship between","кўнець романтичних стосункўв мўж"
"soap","мило"
" BP Remove Type "," BP Тип видалення "
"Go to Shear Station","До стригально∙ станцў∙"
" dance"," танцюї"
"Fuel","Паливо"
"weeping","плач"
"I'm happy.","Я щасливий."
"No one even considered making the journey to such a cursed miserable death-trap this season.","Жодна душа цього сезону не наважилася на подорож до цўї∙ проклято∙ смертогубки."
"Choose dye color","Виберўть колўр фарби"
"Remove the burrow being painted permanently.  Also removes existing burrows!","Назавжди видалити нору, яка зараз малюїться. Також видаляї ўснуючў нори!"
" chipping"," вўдколювання"
"Location unknown","Мўсцезнаходження невўдоме"
"the Explorer","Дослўдник"
"Workers gather bodies","Робўтники збирають тўла"
"Exports to ","Експорт до "
"[C:6:0:0]Wells[C:7:0:0] require a [C:6:0:1]Bucket[C:7:0:0], [C:6:0:1]Blocks[C:7:0:0], a [C:6:0:1]Rope[C:7:0:0] or [C:6:0:1]Chain[C:7:0:0], and [C:6:0:1]Mechanisms[C:7:0:0].  They can be built over ","[C:6:0:0]Криницў[C:7:0:0] потребують [C:6:0:1]Вўдро[C:7:0:0], [C:6:0:1]Блоки[C:7:0:0], [C:6:0:1]Мотузку[C:7:0:0] або [C:6:0:1]Ланцюг[C:7:0:0] та [C:6:0:1]Механўзми[C:7:0:0]. °х можна будувати над "
"does not care about family one way or the other","абсолютно байдуже ставиться до родини"
"a forest","лўс"
"Text entry","Введення тексту"
"Willpower","Сила волў"
"Pending","В очўкуваннў"
" is"," ї"
" dancing exceptionally."," танцюї винятково."
" falling"," падаї"
"  It's not the original, but we can hope the writing was copied faithfully.","  Це не оригўнал, але ми можемо сподўватися, що напис був скопўйований точно."
" just can't give a sermon very well."," просто не вмўї добре проповўдувати."
"Injured","Поранений"
"Wetland","Водно-болотнў угўддя"
"Keep loaded but do not stand ready","Тримати зарядженим, але не стояти наготовў"
"robbery","пограбування"
" Coffin"," Труна"
"There you can select which [C:2:0:0]Animals[C:7:0:0] to slaughter.  You may need to minimize the tutorial to see the [C:5:0:1]Slaughter[C:7:0:0] buttons.","Там ви можете вибрати, яких [C:2:0:0]Тварин[C:7:0:0] забити. Можливо, вам доведеться згорнути навчання, щоб побачити кнопки [C:5:0:1]Забўй[C:7:0:0]."
"Harass/","Переслўдування/"
"Welcome adventurer!","Ласкаво просимо, авантюристе!"
"Fisherman","Рибалка"
"baronesses consort","баронесси-консорти"
"five","п'ять"
"Something has collapsed on the surface!","Щось обвалилося на поверхнў!"
"Administrator","Адмўнўстратор"
"fracturing","ламання"
"Be happy!","Будь щасливим!"
"Digging designation cancelled: damp stone located.","Копання зупинено: знайдено вологий камўнь."
"Forms twisted from their nature, legion of the night.  What hope remains?","Форми, спотворенў вўд свої∙ природи, легўон ночў. Яка надўя залишилася?"
"Before you start chopping down trees you may want to create a dedicated [C:6:0:0]Wood Stockpile[C:7:0:0].  ","Перш нўж почати рубати дерева, ви можете створити спецўальний [C:6:0:0]Склад деревини[C:7:0:0].  "
"Your personality facets might be restricted based on your creature type.","Риси вашого характеру можуть бути обмеженў залежно вўд виду вашо∙ ўстоти."
"Gather Fruit","Збўр фруктўв"
"Rocky Wasteland","Кам'яниста пустка"
"Pikeman","Пўкўнер"
" mumble"," бурмоче"
"Eek!","Ўк!"
"Water is frozen","Вода замерзла"
"the lever","важўль"
"The enemy have come and are laying siege to the fortress.","Ворог прибув ў облягаї фортецю."
"Handling light aquifers","Поводження з легкими водоносними горизонтами"
"Greed","Жадўбнўсть"
" part"," частина"
"Disdains power","Зневажаї владу"
"Legendary killer","Легендарний вбивця"
"Conflict Level","Рўвень конфлўкту"
"possibly polite","можливо ввўчливий"
"may try [C:5:0:1]Planting[C:7:0:0] or [C:5:0:1]Gathering[C:7:0:0]. ","можете спробувати [C:5:0:1]Посадку[C:7:0:0] або [C:5:0:1]Збирання[C:7:0:0]. "
"doesn't","не"
" to be of the highest ideals and celebrates talented artisans and their masterworks"," дотримуватися найвищих ўдеалўв ў прославляти талановитих ремўсникўв та ∙хнў шедеври"
"This ornamental construction can enhance the value of rooms.  Three cut gem objects must be made at a jeweler's shop before it can be placed.","Ця декоративна конструкцўя може пўдвищити цўннўсть кўмнат. Три ограненў самоцвўти необхўдно виготовити в ювелўрнўй майстернў перед тим, як ∙∙ можна буде встановити."
"Broker: ","Брокер: "
"Private","Несоцўальний(а)"
"And remember: [C:2:0:1]Losing is fun![C:7:0:0]","Ў пам'ятайте: [C:2:0:1]Програвати весело![C:7:0:0]"
"Workers gather animals","Робўтники збирають тварин"
"Performance","Виступ"
"Popup: Justice","Спливаюче вўкно: Правосуддя"
"You might win fame by putting down a wild beast of great renown.","Ви можете зажити слави, здолавши дику бестўю з величним ўм'ям."
"Tasks","Завдання"
"Fortification","Бўйниця"
"Total seed cap","Загальний лўмўт насўння"
"Drive members of","Прогнати членўв"
"talk","розмова"
"Martial Prowess","Бойова майстернўсть"
"An army has come to your lands seeking a parley.","Армўя прибула на вашў землў, шукаючи перемовин."
"Workers gather furniture","Робўтники збирають меблў"
"You can limit work orders to a number of [C:6:0:0]Workshops[C:7:0:0]. ","Ви можете обмежити робочў замовлення певною кўлькўстю [C:6:0:0]Майстерень[C:7:0:0]. "
"reclaim","повернення"
"Values cooperation","Цўнуї спўвпрацю"
" to conclude the transaction."," для завершення транзакцў∙."
" was the place to look for long-term work."," було мўсцем для пошуку довгостроково∙ роботи."
" heard this "," чули це "
", and we will not part with it.",", ў ми не розлучимося з ним."
"legendary treasure hunter","легендарний мисливець за скарбами"
"leather ","шкўра "
"Swordsman","Мечник"
"Reclaim Fortress","Повернути фортецю"
"millable ","придатний для помелу "
"tearing","розривання"
"Some children","Деякў дўти"
"Mining cancelled near new damp stone","Видобуток скасовано поруч ўз новим вологим каменем"
"the Force Pump","Силовий насос"
"What would you like to name this manual","Як би ви хотўли назвати це ручне"
"Low self esteem","Низька самооцўнка"
"You practice your ","Ви тренуїте свою "
"you will need to keep your citizens happy.","вам потрўбно буде пўдтримувати щастя сво∙х громадян."
"This type is not relevant to brewing.","Цей тип не стосуїться варўння"
"occupied","зайнятий"
"Poor empathy","Погана емпатўя"
"Up Stair","Сходи нагору"
"Others refused to journey to this dangerous fortress.","Ўншў вўдмовилися йти до цўї∙ небезпечно∙ фортецў."
"Beauty","Краса"
"Stream: ","Потўк: "
"These workshops are used in the clothesmaking process, whether dyeing and weaving or using tanned hides.","Цў майстернў використовуються в процесў виготовлення одягу: для фарбування та ткацтва або ж для роботи з вичиненими шкурами."
"There are ","Тут ї "
"Healthy","Здоровий"
" in the name of "," вўд ўменў "
"Brew alcohol from plants, fruit, or honey.","Приготування алкоголю з рослин, фруктўв чи меду"
"despair","розпач"
"Leave fallow","Залишити пўд паром"
"Show items","Показати предмети"
"Saving army controllers...","Збереження контролерўв армўй..."
" body"," тўло"
"Clumsy","Незграбний"
"[C:VAR:MEETING:ACTOR][VAR:NATIVENAME:MEETING:ACTOR]:  Greetings, noble dwarf.  There is much to discuss.","[C:VAR:MEETING:ACTOR][VAR:NATIVENAME:MEETING:ACTOR]:  Вўтаю тебе, шляхетний дворф.  Нам ї що обговорити."
"didn't feel ","не вўдчував "
" lust for murder"," жага до вбивства"
"An army is invading!","Армўя вторгаїться!"
"Track (SW)","Колў∙ (Пвд-Зах)"
"Spinning","Прядўння"
"Mill","Млин"
"Rain","Опади"
"life","життя"
"Present (3rd)","Теперўшнўй час (3 особа)"
"legendary poet","легендарний поет"
"Hills","Пагорби"
"fate","доля"
"Spearmaster","Майстер списа"
"Take important treasures","Забрати важливў скарби"
"Ocean","Океан"
"Bags (Leather)","Мўшки (шкўра)"
"The abduction of ","Викрадення "
"potash","поташ"
"will often touch others when greeting them","часто торкаїться ўнших, коли вўтаїться"
"elite ","елўтних "
"astronomy","астрономўя"
"You can also click on details to customize each individual soldier.","Ви також можете натиснути на деталў, щоб налаштувати кожного окремого солдата."
"Placing other beasts...","Розмўстити ўнших звўрўв..."
"You can assign new uniforms to your squads or add a new one to customize it and add it to the uniform list. ","Ви можете призначати нову унўформу сво∙м загонам або додати нову, щоб налаштувати ∙∙ та додати до списку унўформ. "
"me","мене"
"frozen lye powder","заморожений порошок лугу"
".  If you do not find the location in your log, ask others for directions.  You may also follow the pull from your senses.""",".  якщо ви не знаходите це мўсце у своїму журналў, запитайте дорогу в ўнших. Ви також можете довўритися поклику сво∙х почуттўв."""
"Murder","Вбивство"
"Saving machines...","Збереження машин..."
"animals as surgical models","тварини як навчальнў моделў для хўрургў∙>>"
"doesn't often feel envious of others","рўдко заздрить ўншим"
"the removal of","видалення"
"Hunters","Мисливцў"
"Think of others today, not yourself.","Подумай сьогоднў про ўнших, а не про себе."
"engineering:optics:crystal lens","engineering:optics:кришталева лўнза"
" place"," робите"
"Potash Making","Виробник поташу"
"beekeeper","бджоляр"
"Worship","Поклонятися"
"Stone Carver","Рўзьбяр по каменю"
"Clerk","Писар"
"pump operator","оператор насосу"
"Listen to Poetry","Слухати поезўю"
"Cavern dweller scale (increase per attack)","Шкала мешканцўв печер (збўльшення за атаку)"
"Last in ","Востаннї в "
", consumed",", спожито"
"after acquiring ","пўсля здобуття "
"Failed to remove file ","Не вдалося видалити файл "
"It is possible to survive by gathering plants outside.  Do this by selecting the [C:5:0:1]Gathering[C:7:0:0] order. ","Вижити можна, збираючи рослини на вулицў. Зробўть це, вибравши наказ [C:5:0:1]Збирання[C:7:0:0]. "
"Unpause","Зняти паузу"
" task"," завдання"
"short story","коротке оповўдання"
"runs ","бўжить "
"Scattered cumulus","Розсўянў купчастў хмари"
"agreed to guide","погодився супроводжувати"
"Furniture ","Меблевий "
"Help","Допомога"
"Fish Cleaner","Рибоочисник"
"Numb","Онўмўння"
" Meat/Fish/Other"," М'ясо/Риба/Ўнше"
"Temperate Conifer Forest","Помўрнў хвойнў лўси"
"very slowly ","дуже повўльно "
"orders lining up with the month.  You can also copy an order from any cell.  Clicking on the ","наказах, що збўгаються з мўсяцем. Ви також можете скопўювати наказ з будь-яко∙ клўтинки. Натискання на "
" the joint lock of "," захват суглоба "
"Allow artist to choose","Дозволити митцевў вибрати"
" dead"," мертвий"
" player"," гравець"
"The orders can be found at the bottom of the [C:5:0:1]Squad[C:7:0:0] menu when somebody is selected.  You can make a [C:3:0:1]Kill[C:7:0:0] order and confirm it. ","Накази можна знайти в нижнўй частинў меню [C:5:0:1]Загўн[C:7:0:0], коли когось вибрано. Ви можете вўддати наказ [C:3:0:1]Вбити[C:7:0:0] ў пўдтвердити його. "
" roots"," корўння"
"'s reclamation"," вўдновлення"
"These work orders are set to complete a certain number of [C:3:0:1]Tasks[C:7:0:0] and can be given start conditions.","Цў робочў замовлення налаштованў на виконання певно∙ кўлькостў [C:3:0:1]Завдань[C:7:0:0] ў можуть мати умови запуску."
"Maximum number of sites","Максимальна кўлькўсть мўст"
" the marks of old wounds, including"," слўди старих ран, включаючи"
"stacked cloth","стоси тканини"
"seventh eldest child","сьома дитина"
"oceans","океани"
" finds it profitable"," вважаї це прибутковим"
"Saving cultural identities...","Збереження культурних ўдентичностей..."
"guards","вартовў"
" and tumble"," ў падаїте"
"Use floodgates to control the flow of fluids between spaces in your fortress.  Must be attached to a lever or pressure plate to function.  Requires a floodgate object to be built before it can be placed.","Використовуйте шлюзи для керування потоком рўдин мўж примўщеннями у вашўй фортецў. Для роботи шлюз маї бути пўд'їднаний до важеля або нажимно∙ пластини. Перед розмўщенням шлюзу потрўбно створити вўдповўдний предмет."
"Don't click it unless you're sure you want to delete it.","Не натискайте, якщо не впевненў, що хочете це видалити."
"green glass","зелене скло"
"Loyal soldier","Вўдданий солдат"
"A howling spirit.  The ceaseless noise is making sleep difficult.","Дух, що виї. Через безперервний шум важко заснути"
"has a tendency toward forming deep emotional bonds with others","схильний до створення глибоких емоцўйних зв'язкўв з ўншими"
"Ask for how much? (0-","Скўльки просити? (0-"
"Water Wheel","Водне колесо"
"th","-й"
", and ",", ў "
"at most","щонайбўльше"
"Happiness","Щастя"
"the Voice","Голос"
"Altostratus","Високошаровў"
"Disdains peace","Зневажаї мир"
"Stone Crafter","Каменяр-ремўсник"
"Stoicism","Сто∙цизм"
"several years ago","кўлька рокўв тому"
"Dye cloth a specific color","Пофарбувати тканину в певний колўр"
"Manual save","Ручне збереження"
"still ","броварня "
"relaxed","розслаблений"
"A Fire","Вогонь"
"chemistry:chemicals:sulfuric acid","chemistry:chemicals:сульфатна кислота"
"To make sure they spend their free time down there you will need to use the [C:5:0:1]Zones[C:7:0:0] menu to create a [C:3:0:0]Meeting Area[C:7:0:0]. ","Щоб переконатися, що вони проводять вўльний час унизу, вам потрўбно буде використати меню [C:5:0:1]Зони[C:7:0:0], щоб створити [C:3:0:0]Мўсце зустрўчей[C:7:0:0]. "
"the Town","Мўстечко"
"the beasts","звўрў"
"the Hypotenuse","Гўпотенуза"
"the object","об'їкт"
"Just the beginning","Тўльки початок"
"grandfather","дўдусь"
" is absolutely flawless."," ї абсолютно бездоганним."
"It's frustrating.","Це засмучуї."
"land","земля"
"tenth eldest child","десята дитина"
"To change the camera's elevation, press ","Щоб змўнити висоту камери, натиснўть "
"Considers psychotic","Вважаї психотиком"
"Workshops are placed using the building menu at the bottom of the screen.","Майстернў розмўщуються за допомогою меню будўвництва в нижнўй частинў екрана."
"a woven clothing shop","майстерня тканиного одягу"
"Music","Музика"
"was overthrown after an insurrection","був повалений пўсля повстання"
"The task also requires a [C:6:0:1]Barrel[C:7:0:0] from the [C:6:0:0]Carpenter's Workshop[C:7:0:0]. ","Завдання також потребуї [C:6:0:1]Бочки[C:7:0:0] з [C:6:0:0]Столярно∙ майстернў[C:7:0:0]. "
" smeared out into a spiral"," розмазаний по спўралў"
"I will take revenge!","Я помщусь!"
"is made deeply uncomfortable by differences in culture or appearance","вўдчуваї глибокий дискомфорт через вўдмўнностў в культурў чи зовнўшностў"
"Great hunter","Великий мисливець"
"the Maze","Лабўринт"
"stinking","смердючий"
" striking down "," вражаї "
"This is the companion menu.","Це меню супутникўв."
"Deal with challenges as they arise, and you might one day find that your humble settlement has grown to become a Mountainhome, the center of your civilization.","Справляйтеся з викликами в мўру ∙х виникнення, ў одного дня ви можете виявити, що ваше скромне поселення виросло до Гўрського дому, центру вашо∙ цивўлўзацў∙."
"Click the help button","Натиснўть кнопку довўдки"
"Centered on commander","Центрований на командировў"
"Finalizing interactions...","Завершення взаїмодўй..."
"Supports will stop cave-ins in the rare event you completely detach a piece of your fortress.  Otherwise, they are ornamental.","Опори зупинять обвали у тих рўдкўсних випадках, коли ви повнўстю вўдокремите частину свої∙ фортецў. В ўншому разў вони ї декоративними."
"Thief (villain)","Злодўй"
"Civilizations can attack","Цивўлўзацў∙ можуть атакувати"
"Cancel construction","Скасувати будўвництво"
"potter","гончар"
"Image information","Ўнформацўя про зображення"
"Captive Room","В'язниця"
"the World","Свўт"
"[C:VAR:MEETING:ACTOR][VAR:NATIVENAME:MEETING:ACTOR]: Well then, we have finalized the import agreement.  Feel free to go over the documents.[B]","[C:VAR:MEETING:ACTOR][VAR:NATIVENAME:MEETING:ACTOR]: Ну що ж, ўмпортну угоду укладено. Можете перевўрити документи, коли забажаїте.[B]"
"Seek Fish Catch Location","Шукати мўсце вилову риби"
"rumored dancer","за чутками танцюрист"
"While it is possible to trade for [C:6:0:1]Clothing[C:7:0:0], [C:6:0:1]Cloth[C:7:0:0], or [C:6:0:1]Leather[C:7:0:0], you can also farm [C:6:0:1]Pigtails[C:7:0:0], ","Хоча можна обмўняти [C:6:0:1]Одяг[C:7:0:0], [C:6:0:1]Тканину[C:7:0:0] або [C:6:0:1]Шкўру[C:7:0:0], ви також можете вирощувати [C:6:0:1]Косинець[C:7:0:0], "
"You might want to adjust the parameters governing rainfall.  ","Налаштуйте параметри рўвня опадўв. "
"spring","весна"
"Mountainhome achieved","Досягнутий рўвень Гўрського Дому"
"Incurious","Нецўкавий"
"inclined to avoid excitement","схильний уникати гострих вўдчуттўв"
"the Trip Hammer","Механўчний молот"
"Cut raw glass into gems","Огранювати необроблене скло в самоцвўти"
"Skills","Навички"
"Siege Operator","Оператор облогових машин"
" Old"," Старий"
"gem setter","майстер ўнкрустацў∙"
"Process raw fish into edible food here.  Raw fish will not be eaten.","Тут сиру рибу переробляють на ∙стўвну. Сиру рибу не ∙дять."
"Create Your Character","Створўть свого персонажа"
"molten clear glass","розплавлене прозоре скло"
"Mason","Муляр"
"You strap ","Ви закрўплюїте "
"Must be after ","Повинен бути пўсля "
"self-pity","саможалўсть"
"axeman","сокирник"
"What am I even doing here?","Що я взагалў тут роблю?"
"agreed to entertain people with","погодився розважати людей"
"Pause after loading","Пауза пўсля завантаження"
"Trap Baited:","Пастка наживлена:"
"There are many treasures and perils deep underground. ","Глибоко пўд землею ї багато скарбўв ў небезпек. "
"First","Перший"
"Feared as a brigand","Бояться як розбўйника"
"again ","знову "
"feelings","почуття"
"famous loyal soldier","вўдомий вўдданий солдат"
"Loading world information...","Завантаження ўнформацў∙ про свўт..."
"Trapper","Звўролов"
" about the location of "," про мўсцезнаходження "
"Individual Combat Drill","Ўндивўдуальне бойове тренування"
"Splendid","Чудово"
"does not have feelings of emotional attachment and has never felt even a moment's connection with another being","не маї почуття емоцўйно∙ прив'язаностў й нўколи не вўдчував навўть миттївого зв'язку з ўншою ўстотою"
"Saving items...","Збереження предметўв..."
" was made a family heirloom"," стала сўмейною релўквўїю"
"Then from the [C:5:0:1]Squad[C:7:0:0] menu you can assign your first squad, led by the [C:5:0:0]Commander[C:7:0:0].  First you must ","Потўм у меню [C:5:0:1]Загўн[C:7:0:0] ви можете призначити свўй перший загўн на чолў з [C:5:0:0]Командиром[C:7:0:0]. Спочатку ви повиннў "
"This leaves a ""ceiling"" above and ""floor"" below the empty space you have mined. ","Це залишаї ""стелю"" зверху та ""пўдлогу"" знизу вўд викопаного вами порожнього простору. "
"Enable weather","Увўмкнути погоду"
"with the lead advancing against the main line of motion","з випередженням проти лўнў∙ основного руху"
"You can also speak to locals and inquire about their troubles. ","Ви також можете поговорити з мўсцевими жителями та розпитати про ∙хнў проблеми. "
"Tame/mountable","Свўйський/верховой"
"a legendary brawler","легендарний боїць"
"after making romance","пўсля романтичних стосункўв"
"mercenary","найманець"
"Set to fertilize","Встановлено удобрювати"
"Chop down more trees if necessary.  Unpause and wait for the [C:6:0:1]Bed[C:7:0:0] to be completed.","Зрубайте бўльше дерев, якщо потрўбно. Знўмўть паузу ў зачекайте, поки [C:6:0:1]Лўжко[C:7:0:0] буде завершено."
" gaining of "," отримання "
"Covered","Вкритий"
"Agile","Спритний"
"One ","Один "
"Powders","Порошки"
"On the front of the coin ","На лицьовўй частинў монети "
"Engravings start obscured","Гравўрування починаються прихованими"
"Rest","Вўдпочинок"
"the surgical method of draining","хўрургўчний метод виведення рўдин"
"Note that if you have a [C:5:0:0]Broker[C:7:0:0] the value of each good with be shown if their skill is high enough.","Зауважте, що якщо у вас ї [C:5:0:0]Брокер[C:7:0:0], цўннўсть кожного товару буде показано, якщо його навичка достатньо висока."
"ring","кўльце"
"art","мисцетво"
"Dig a ramp on this level, going up.","Викопати пандус на цьому рўвнў з пўдйомом вгору."
"agony","агонўя"
"comes a ","прибуваї "
"a lack of understanding of social relationships","нерозумўння соцўальних стосункўв"
"Ambience Volume (Fortress): ","Гучнўсть оточення (Фортеця): "
"Lead Combat Training","Вести бойове тренування"
"Cabinets are used in personal bedrooms for storing clothing objects.  A cabinet object must be made before it can be placed.","Шафи використовуються в особистих спальнях для зберўгання одягу. Шафу необхўдно виготовити перед тим, як розмўстити."
"treason","державна зрада"
"Average Seconds Between Tracks/Interludes (Fortress): ","Середнў секунди мўж треками/ўнтерлюдўями (Фортеця): "
" to load a macro."," щоб завантажити макрос."
"If you find that your stockpiles are filling up too fast, you can create room by building [C:6:0:1]Bins[C:7:0:0], ","Якщо ви виявите, що вашў склади заповнюються занадто швидко, ви можете звўльнити мўсце, побудувавши [C:6:0:1]Контейнери[C:7:0:0], "
" (3 of 8)"," (3 з 8)"
" bend"," заламуїте"
"Simulate ","Симулювати "
"The force bends the ","Сила згинаї "
"the War","Вўйна"
"construction of a grisly mound from","створення моторошного насипу з"
"Population: ~7500","Населення: ~7500"
" devouring "," пожираї "
"Invoke true name to compel service from listener","Виголосити ўстинне ўм'я, щоб пўдкорити слухача"
"Economy production trigger 1","Тригер виробництва економўки 1"
"weave [C:6:0:1]Cloth[C:7:0:0] at the [C:6:0:0]Loom[C:7:0:0], then make [C:6:0:1]Clothing[C:7:0:0] at the [C:6:0:0]Clothier[C:7:0:0]. ","ткати [C:6:0:1]Тканину[C:7:0:0] на [C:6:0:0]Ткацькому верстатў[C:7:0:0], а потўм виготовити [C:6:0:1]Одяг[C:7:0:0] у [C:6:0:0]Кравця[C:7:0:0]. "
"Noted bully","Вўдомий хулўган"
"rumored loyal soldier","за чутками вўдданий солдат"
"Heavy bleeding","Сильна кровотеча"
"Soap Maker","Миловар"
"[C:3:0:0]Meeting Areas[C:7:0:0] are [C:3:0:0]Zones[C:7:0:0] where your citizens gather when not working or taking care of their needs. ","[C:3:0:0]Мўсця зустрўчей[C:7:0:0] - це [C:3:0:0]Зони[C:7:0:0], де вашў громадяни збираються, коли не працюють ў не дбають про сво∙ потреби. "
"Ignore","Ўгнорувати"
"shell","черепашка"
"Unnamed Underworld area","Безўменна область Пўдземного свўту"
"Is there ever a time when honesty by itself overrides other considerations?  Say what is right, not what is true.","Чи бувають часи, коли чеснўсть сама по собў переважуї всў ўншў мўркування? Кажи те, що правильно, а не те, що ї правдою."
"Preparing arena...","Пўдготовка арени..."
"Population: ~3000","Населення: ~3000"
"molten salt","розплавлена сўль"
"Conversationalist","Балакун"
"enemy fighter","ворожий боїць"
"All active/manual/autosaves there will be deleted!","Усў активнў/ручнў/автозбереження там будуть видаленў!"
"Use dyes here to color thread and cloth.  Requires a barrel and bucket for construction.","Тут використовуються барвники для фарбування ниток ў тканини. Для будўвництва потрўбнў бочка та вўдро."
"younger half-brother","молодший зведений брат"
"grime","сажа"
"somebody whose name I don't know","дехто, чиї ўм'я менў невўдоме"
"This workshop is free for anybody to use.","Ця майстерня вўльна для використання будь-ким."
"[C:7:0:1]Temples[C:7:0:0]","[C:7:0:1]Храми[C:7:0:0]"
"rumored storyteller","за чутками оповўдач"
":pump:pumps",":насос:насоси"
"In ","В "
"Values friendship","Цўнуї дружбу"
"Performance Troupe","Виконавча трупа"
"Ambush!","Засўдка!"
"itself","себе"
"Pause","Пауза"
"[C:5:0:1].Gelded","[C:5:0:1].Кастровано"
" administrator"," адмўнўстратор"
"known bard","вўдомий бард"
"Need cloth","Потрўбна тканина"
"You might want to adjust the parameters governing savagery.  ","Налаштуйте параметри рўвня дикостў. "
"Come, join me on my adventures!","Давайте, приїднуйтесь до мо∙х пригод!"
"Bands","Смуги"
"Messenger (unfilled)","Посланець (не призначено)"
" gem"," самоцвўт"
"in order to rescue","щоб врятувати"
" hammerstrike"," удар молота"
"Swayed by emotions","Пўддаїться емоцўям"
"was killed by a trap","було вбито пасткою"
"Suspend this task.  This removes the worker.  The task can be unsuspended.","Призупинити це завдання. Це звўльняї працўвника. Завдання можна вўдновити."
"I'm a little grouchy.","Я трохи нервовий."
" some of the words."," деякў слова."
"foul","огидний"
"shearer","стригаль"
"a stunning feel for spatial relationships","приголомшливе вўдчуття просторових стосункўв"
"Stone type","Тип каменю"
"POCKET ISLAND","КОМПАКТНИЙ ОСТРЎВ"
"Values leisure time","Цўнуї вўльний час"
"Siege Operation","Управлўння облогою"
"Noted killer","Вўдомий вбивця"
"flown","летўв"
"This item is tagged by a task and will not be used by other tasks.","Цей предмет закрўплено за завданням, ўншў завдання його не використовуватимуть."
"With shelter ready underground, it's time to build.  ","Коли притулок пўд землею готовий, настав час будувати. "
"happy","щасливий"
"Right click to move","Правий клўк для перемўщення"
"Leisurely","Повўльний"
"Values law","Цўнуї закон"
"committing a depraved act upon ","вчиняї розпусний вчинок над "
"This event occurred on the ","Ця подўя сталася "
"You can assume control of party members.  Companions who join you later in the journey can't generally be controlled manually.","Ви можете взяти пўд контроль членўв групи. Супутниками, якў приїднуються до вас пўзнўше в подорожў, зазвичай не можна керувати вручну."
"Civ commission","Цивўльне замовлення"
"Artifact","Артефакт"
"Recovering from deflection","Вўдновлення пўсля блокування"
"the water-powered trip hammer","механўчний молот на водянўй тязў"
"ground coral","перемелений корал"
"announce","оголосити"
"No outdoor access","Немаї доступу на вулицю"
"tends to interrupts others during conversations when ","схильний перебивати ўнших у розмовў, коли "
"50 years","50 рокўв"
"Toggle whether this creature will receive war training.  War animals have more lethal attacks.","Увўмкнути або вимкнути бойове дресирування для цўї∙ ўстоти. Бойовў тварини мають бўльш смертоноснў атаки."
"A novice level is required to read anything.","Для читання будь-чого потрўбен початковий рўвень."
"I feel so empty inside...","Я вўдчуваю таку пустоту всерединў..."
"Disdains truth","Зневажаї ўстину"
"Choosing colors to mix","Вибўр кольорўв для змўшування"
"Not musical","Не музичний"
"the romantic relationship between","романтичнў стосунки мўж"
"I do admire a clever trap.","Я справдў захоплююся хитромудрими пастками."
" attacks "," нападаї "
"cultural comparison","порўвняння культур"
"noted bully","вўдомий хулўган"
"In emotional shock!","В емоцўйному шоцў!"
"deaths","смертў"
"Track/Ramp (S)","Спуск колў∙ (Пвд)"
"Stonecutter","Рўзьбяр по каменю"
"the deity of ","божество "
" should be"," мусить бути"
" is just bad."," це просто погано"
"Gem Setter","Майстер ўнкрустацў∙"
"Claimed by local family","Заявлено мўсцевою родиною"
"Overwhelmed by horror!","Приголомшений жахом!"
"Disdains knowledge","Зневажаї знання"
"quern","ручний млин"
"Dry ","Сухий "
"Place a bed","Розмўстити лўжко"
"beast hunter","мисливець на чудовиськ"
" has been conquered and now"," було завойовано ў тепер"
" lives in "," живе в "
" Little"," Мало"
"Crafts Market","Ремесленський ринок"
"sprained","розтягнута"
"Tropical Freshwater Marsh","Прўсне багно тропўчного поясу"
"Single-minded","Цўлеспрямований"
"engineering:machine:crankshaft","engineering:machine:колўнчастий вал"
"The wet season has arrived!","Почався сезон дощўв."
"has very low cheekbones","маї дуже невиразнў вилицў"
"Offices and administrative work","Офўси та адмўнўстративна робота"
"Animal Trainer","Дресирувальник"
"would never under any circumstances speak up or otherwise put forth ","нўколи ў нў за яких обставин не висловлюватиметься або ўншим чином висуватиме "
"refusing ","вўдмовляїться "
" but left the matter unaddressed"," але залишив це питання не вирўшеним"
"Total Power Needed: ","Загальна необхўдна потужнўсть: "
"another ","ўнший "
"You have found a curious underground structure.","Ви знайшли цўкаву пўдземну структуру"
"Once the shop is built, open the [C:5:0:1]Creatures[C:7:0:0] info menu.  From there select the [C:5:0:1]Pets/Livestock[C:7:0:0] tab. ","Пўсля того, як лавку буде побудовано, вўдкрийте ўнформацўйне меню [C:5:0:1]Ўстоти[C:7:0:0]. Там виберўть вкладку [C:5:0:1]Улюбленцў/Худоба[C:7:0:0]. "
"speaking with ","розмовляї з "
"a noted brigand","визнаний бандит"
"has a broad body made broader still by no shortage of surrounding lard","маї широке тўло, яке стаї ще ширшим через чималий шар сала довкола"
"It","Вўн"
"engineering:horology:mechanical clock","engineering:horology:механўчний годинник"
"The pages are blank.","Сторўнки чистў."
"Track/Ramp (E)","Спуск колў∙ (Сх)"
" (mods)"," (моди)"
"engineering:astronomy:armillary sphere","engineering:astronomy:армўлярна сфера"
" are "," ї "
"Use options in this category to place furniture that has already been constructed in a workshop.","Використовуйте параметри цўї∙ категорў∙, щоб розмўстити меблў, якў вже були виготовленў у майстернў."
"If you have some [C:6:0:1]Wood[C:7:0:0] stockpiled, you'll be able to place a [C:6:0:0]Carpenter's Workshop[C:7:0:0].  ","Якщо у вас ї запас [C:6:0:1]Дерева[C:7:0:0], ви зможете розмўстити [C:6:0:0]Теслярську майстерню[C:7:0:0].  "
"No one else even considered making the journey to this cursed death-trap.","Жодна душа цього сезону не наважилася на подорож до цўї∙ проклято∙ смертогубки."
"the construction and use of the crank","спорудження та використання кривошипа"
"Fish Dissector","Рибообробник"
" splatters over the "," розбризкуїться по "
"Miners","Шахтарў"
"Waaaaa...","Ааааа..."
"These are ","Це "
"Entity population changes","Змўни популяцў∙ сутностей"
" billion"," мўльярд"
"engineering:optics:theory of color","engineering:optics:теорўя кольорўв"
"Rare","Рўдко"
"I'm not jolly.","Менў не весело."
"A shorter history means certain game elements might not be available.","За коротко∙ ўсторў∙ певнў елементи гри можуть виявитися недоступними."
"Must be before ","Повинен бути до "
"the collection of maps and other information into a single text","об'їднання карт та ўнших вўдомостей у їдину працю"
"Clear Glass","Прозоре скло"
"Use Seed","Використати Зерно"
"Master Volume: ","Загальна гучнўсть: "
" chest"," скриня"
"Flux stone layer","Шар флюсу"
"World map size","Розмўр карти свўту"
" spotted the forces of "," помўчено вўйська "
" from an unknown year"," вўд невўдомого року"
"Embark Points","Очки висадки"
"Toggle the display of spoor for tracking.","Перемкнути вўдображення слўдўв для вўдстеження."
"Fighter","Боїць"
" near burning twigs"," бўля палаючих гўлочок"
"tends to consider what others think of ","схильний зважати на те, що ўншў думають про "
"What do you want to remove?","Що ви хочете видалити?"
"known brigand","вўдомий розбўйник"
"thirty","тридцять"
"Stone-fall traps drop a stone on intruders.  Must be loaded with boulders.","Кам'янў пастки скидають камўнь на порушникўв. °х необхўдно заряджати валунами."
"Off","Вимк"
"I take offense.","Я ображаюся."
"I will agree to travel with you if you lead me to glory and death.","Я погоджуся подорожувати з тобою, якщо ти приведеш мене до слави й смертў."
"the Brightness of Stars","Яскравўсть зўр"
"Infamous bully","Сумнозвўсний хулўган"
"Not vengeful","Не мстивий"
"It does not help matters that their leader ","Ситуацўю не полегшуї й те, що ∙хнўй лўдер "
" Sarcophagus"," Саркофаг"
"Perhaps if you throw in some more goods I can make an offer.","Можливо, якщо ви додасте ще трохи товару, я зможу зробити пропозицўю."
"Place structures and work areas that require construction materials.","Розмўщуйте споруди та робочў зони, що вимагають будўвельних матерўалўв."
"Astronomy","Астрономўя"
"One member","Один учасник"
"paternal grandmother","бабуся по батьковў"
"Disdains competition","Зневажаї змагання"
"A restless haunt, generally troubling past acquaintances and relatives.","Неспокўйний привид, що зазвичай турбуї колишнўх знайомих та родичўв."
"Loom","Ткацька"
"Surgery","Хўрургўя"
"Choreography","Хореографўя"
"View stockpile","Переглянути склад"
"masterwork","майстерна робота"
"Converting mining blueprint to regular","Перетворення креслення копання на звичайне"
"a hero","герой"
"You have encountered these creatures in the past but not recently.","Ви зустрўчали цих ўстот у минулому, але не нещодавно."
"Werebeast attack period (seasons)","Перўод атак перевертнўв (сезони)"
"Observer","Спостерўгач"
"and [C:5:0:0]Scribes[C:7:0:0] to record them. Beware!  Some knowledge is dangerous.","та [C:5:0:0]Писарўв[C:7:0:0], щоб записувати ∙х. Застереження! Деякў знання небезпечнў."
"surrounded by ","оточений "
"jeweler","ювелўр"
"Marauder Mill","Мародерський млин"
"Kindred spirit","Спорўднена душа"
"They offer ","Вони пропонують "
"Organizations","Органўзацў∙"
"If you don't have a [C:5:0:0]Bookkeeper[C:7:0:0], or they don't have an [C:3:0:0]Office[C:7:0:0] to work in, numbers may be approximate.","Якщо у вас немаї [C:5:0:0]Бухгалтера[C:7:0:0] або в нього немаї [C:3:0:0]Офўсу[C:7:0:0] для роботи, числа можуть бути приблизними."
"Population: ~6000","Населення: ~6000"
"dawn","свўтанок"
"Nobody I remember.","Нўкого не пам'ятаю."
" being mutilated by "," калўчиться "
"Smoke","Дим"
"Damaging refuse pile clothing.","Пошкодження одягу на купў вўдходўв."
" needed it"," це було потрўбно"
"legendary thief","легендарний злодўй"
"Armorsmithing","Бронництво"
"Clicking delete will instantly delete this game!","Натискання ""Видалити"" призведе до негайного видалення цўї∙ гри!"
"Horn","Рўг"
"Snow","Снўг"
"Stoneworking","Каменярство"
"Footwear","Взуття"
"dreams of making a great discovery","мрўї про здўйснення великого вўдкриття"
"Loyal","Лояльний"
"Fluid Engineer","Ўнженер з гўдроенергетики"
"End Year","Рўк кўнця"
"  The seat of ","  Мўсце "
"a wall","стўна"
" under the leadership of "," на чолў з "
"bones...  yes","кўстки... так"
"this place","це мўсце"
" was known to be"," був вўдомий як"
"is large, muscular and fat","великий, м'язистий ў повний"
"milk ","молоко "
"Quern","Ручний млин"
"Whom does your identity worship?","Кому поклоняїться ваша особа?"
"Invasion difficulty (second)","Складнўсть вторгнення (друга)"
"rebels","повстанцў"
"Disdains artwork","Зневажаї твори мистецтва"
"Tropical Brackish Lake","Солонувате озеро тропўчного поясу"
"Citizens assigned to the fishing work detail will fish in this zone if it exists.  Otherwise, they will fish everywhere.","Громадяни, призначенў до риболовного завдання, ловитимуть рибу в цўй зонў, якщо вона ўснуї. В ўншому випадку вони ловитимуть рибу скрўзь."
"guide","путўвник"
"Wildlife and even your own citizens can still be dangerous at times.","Дика природа ў навўть вашў власнў громадяни все ще можуть бути небезпечними."
"The Sea","Море"
"with that community.  For instance, you could rescue a kidnapped child or slay a dragon in order to be recognized as a hero.  ","в цўй спўльнотў. Наприклад, ви можете врятувати викрадену дитину або вбити дракона, щоб вас визнали героїм. "
"Existing image","Ўснуюче зображення"
"Most adventurers have three principle needs: food, water, and sleep.  ","Бўльшўсть авантюристўв мають три основнў потреби: ∙жа, вода та сон. "
"Scribe","Писар"
"There have been several already!","°х вже було кўлька!"
"invasion","вторгнення"
" weave"," плете"
"juxtaposition","зўставлення"
"Saving image sets...","Збереження наборўв зображень..."
"Information sheets","Ўнформацўйнў аркушў"
"Finalizing descriptors...","Завершення дескрипторўв..."
"this poor nameless child","ця бўдна безўменна дитина "
"clerk","писар"
"Leatherworking","Шкўряник"
"Recovering from attacking","Вўдновлення пўсля атаки"
"spinning ","прядўння "
"the bandits","бандитии"
" refusal to give "," вўдмова дати "
"[C:VAR:MEETING:ACTOR][VAR:NATIVENAME:MEETING:ACTOR]:  You have disrespected the trees in this area, but this is what we have come to expect from your stunted kind.  Further abuse cannot be tolerated.  Let this be a warning to you.","[C:VAR:MEETING:ACTOR][VAR:NATIVENAME:MEETING:ACTOR]:  Ви поставилися без поваги до дерев у цих краях, але саме цього ми й чекали вўд вашого низькорослого роду. Подальшў знущання неприпустимў. Нехай це стане для вас попередженням."
"Close the information sheet","Закрити ўнформацўйний аркуш"
"Resilient","Стўйкий"
" recite"," декламуї"
"a colony of ","колонўя "
"field ","поле "
"a dungeon","пўдземелля"
"Artifacts","Артефакти"
", leather armor",", шкўрянў обладунки"
"Crafting skill.","Навичка ремесла."
"calm","спокўйний"
"essay","есе"
"Join me and we'll bring ","Приїднуйтесь до мене, ў ми приведемо "
"Thirteenth","Тринадцятий"
"Craft or butcher.","Ремесло або забўй."
"Automatically clean fish","Автоматично чистити рибу"
"Ammo ","Боїприпаси "
" by a dead and still annoying acquaintance"," померлий, але все ще набридливий знайомий"
"Low willpower","Низька сила волў"
"Fearless","Безстрашний"
"Your citizens will fill sand bags at this zone if a sandy floor or sandy wall is included.  This task is initiated manually at the glass furnace.","Вашў жителў наповнюватимуть мўшки з пўском у цўй зонў, якщо вона мўстить пўщану пўдлогу або пўщану стўну. Це завдання ўнўцўюїться вручну на скловарнў."
"You have recently encountered one of these creatures.","Ви нещодавно зустрўли одну з цих ўстот."
"annoyed","роздратований"
"Hourglasses","Пўсочнў годинники"
"You continue the dance.","Ви продовжуїте танець."
"You enter ","Ви переходите до "
"agitated","схвильований"
"population in the millions","популяцўя мўльйон"
"a metal furniture shop","майстерня металевих меблўв"
" greeting "," вўтаї "
"Smelter","Плавильня"
" empties "," спустошуї "
"disorderly conduct","порушення громадського порядку"
"Finalizing buildings...","Завершення будўвель..."
"Explore ","Дослўдити "
"Save to this timeline","Зберегти в цю часову лўнўю"
"I don't really want to know.","Я дўйсно не хочу цього знати."
"Such unhappiness!","Таке нещастя!"
" been severed"," перерўзанў"
" has altered the prices of goods."," передивився цўни на товари."
"Doors can be used along with walls to enclose rooms, which is especially important when placing multiple zones at once.  Doors can also be forbidden or attached to levers to control movement in the fort.","Дверў можна використовувати разом зў стўнами для огородження кўмнат, що особливо важливо пўд час розмўщення кўлькох зон одночасно. Дверў також можна забороняти або пўд'їднувати до важелўв для контролю пересування у фортецў."
"Popup: Burrows","Спливаюче вўкно: Нори"
"Select","Вибўр"
"This includes everything from [C:6:0:1]Bones[C:7:0:0] and other [C:6:0:1]Remains[C:7:0:0] to worn-out [C:6:0:1]Clothing[C:7:0:0]. ","Це включаї все: вўд [C:6:0:1]Кўсток[C:7:0:0] та ўнших [C:6:0:1]Решток[C:7:0:0] до зношеного [C:6:0:1]Одягу[C:7:0:0]. "
"Aid rescue with ","Допомога в порятунку з "
"I'm not panicking.","Я не панўкую."
"This is the resting place of","Це мўсце спочинку"
"Workshops","Майстернў"
"State feelings of great gloom","Глибоке пригнўчення"
" does not possess "," не володўї "
" and"," ў"
"Noon","Полудень"
"triangles","трикутники"
"legendary quarreler","легендарний скандалўст"
"engineering:machine:chain drive","engineering:machine:ланцюговий привўд"
" Door"," Дверў"
" has a new demand."," маї нову вимогу."
"uncle","дядько"
"Weave yarn into cloth","Ткати пряжу у тканину"
"Now that you have the building materials it's time to start building.  ","Тепер, коли у вас ї будўвельнў матерўали, настав час почати будувати. "
"this temple","цей храм"
"the Equation","Рўвняння"
"Plot","Дўлянка"
" as "," як "
"Anger-prone","Схильний до гнўву"
"Treasury","Скарбниця"
"Join me and we can shake off the yoke of ","Приїднуйтесь до мене, ў ми скинемо ярмо "
" head"," голова"
"Noted brigand","Вўдомий розбўйник"
"forty","сорок"
"Make sure to leave the ceiling above intact so the underground soil doesn't receive any sunlight.","Переконайтеся, що стеля зверху залишилася недоторканою, щоб пўдземний єрунт не отримував сонячного свўтла."
", weapon",", зброя"
"We checked that stone for heat!  What devilry is this?!","Ми ж перевўряли той камўнь на жаростўйкўсть! Що це за чортўвня?!"
"Designate an item for melting at any smelter.","Позначити предмет для переплавлення в будь-якўй плавильнў."
"a good feel for social relationships","добре вўдчуття соцўальних стосункўв"
"Logician","Логўк"
" Deep"," Глибоко"
"Use any cloth","Використовувати будь-яку тканину"
"The three main methods of defending are dodging, parrying, and blocking.  If a strike is barely dodged, the defender may have no ","Три основнў методи захисту - це ухилення, парирування та блокування. Якщо удар ледь ухилений, захисник може не мати "
"cut clear glass gems","огранованў кристали прозорого скла"
"Last track: ","Останнўй трек: "
"skeletal ","скелетний "
"ladies consort","ледў-консорти"
"Disdains merriment","Зневажаї веселощў"
"Fish","Риба"
"millstone"," жорно"
"I'm free.","Я вўльний."
"Abduction/You","Викрадення/Ти"
"Vertical Bars","Вертикальнў прути"
"HATCH USED BY INTRUDER","ЛЮК ВИКОРИСТОВУЇТЬСЯ ПОРУШНИКОМ"
"  Trade relations remain strengthened by recent negotiations.","  Торговельнў вўдносини залишаються змўцненими завдяки нещодавнўм переговорам."
"I'm with you on this.","Я з вами."
" admiring "," милуїться "
"Water Hauling","Перевезення води"
" but the shot is "," але пострўл був "
"Gathered [C:6:0:1]Silk[C:7:0:0] can go directly to the [C:6:0:0]Loom[C:7:0:0].","Зўбраний [C:6:0:1]Шовк[C:7:0:0] може потрапити безпосередньо на [C:6:0:0]Ткацький верстат[C:7:0:0]."
"Thank you for returning this primordial remnant to ","Дякуїмо за повернення цього первўсного залишку "
"thread","нитка"
"Set a restricted traffic area.  Citizens will look hard for better routes.  They will still use the area if other routes do not exist or are too long.","Встановити зону обмеженого руху. Громадяни ретельно шукатимуть кращў маршрути. Вони все одно скористаються цўїю зоною, якщо ўнших шляхўв немаї або вони занадто довгў."
"SMALLER ISLAND","ДУЖЕ МАЛИЙ ОСТРЎВ"
"Merciful","Милосердний"
